ISO-10303-21;
HEADER;
FILE_DESCRIPTION (( 'STEP AP214' ),
    '1' );
FILE_NAME ('ISO standard Spur Gear Drive (2-1 ratio).STEP',
    '2026-08-19T21:01:16',
    ( '' ),
    ( '' ),
    'SwSTEP 2.0',
    'SolidWorks 2025',
    '' );
FILE_SCHEMA (( 'AUTOMOTIVE_DESIGN' ));
ENDSEC;

DATA;
#1 = CIRCLE ( 'NONE', #6439, 21.99999999999999645 ) ;
#2 = ORIENTED_EDGE ( 'NONE', *, *, #7171, .T. ) ;
#3 = EDGE_CURVE ( 'NONE', #3380, #5652, #4209, .T. ) ;
#4 = EDGE_CURVE ( 'NONE', #6745, #3303, #1270, .T. ) ;
#5 = DIRECTION ( 'NONE',  ( 0.000000000000000000, 0.000000000000000000, 1.000000000000000000 ) ) ;
#6 = CARTESIAN_POINT ( 'NONE',  ( 15.00000000000000178, -27.05870788708213581, -26.08949754953052391 ) ) ;
#7 = DIRECTION ( 'NONE',  ( 0.000000000000000000, -0.5877852522924624790, -0.8090169943749553338 ) ) ;
#8 = CARTESIAN_POINT ( 'NONE',  ( 0.000000000000000000, 0.000000000000000000, 0.000000000000000000 ) ) ;
#9 = DIRECTION ( 'NONE',  ( -1.000000000000000000, -0.000000000000000000, 0.000000000000000000 ) ) ;
#10 = ADVANCED_FACE ( 'NONE', ( #6901 ), #2009, .T. ) ;
#11 = CARTESIAN_POINT ( 'NONE',  ( 0.000000000000000000, 0.000000000000000000, 0.000000000000000000 ) ) ;
#12 = AXIS2_PLACEMENT_3D ( 'NONE', #5956, #7361, #4576 ) ;
#13 = EDGE_LOOP ( 'NONE', ( #1782, #8070, #8773, #788 ) ) ;
#14 = VERTEX_POINT ( 'NONE', #6860 ) ;
#15 = CARTESIAN_POINT ( 'NONE',  ( 15.00000000000000178, 25.88420570971402412, 27.13269053701105449 ) ) ;
#16 = CARTESIAN_POINT ( 'NONE',  ( 0.000000000000000000, 0.000000000000000000, 0.000000000000000000 ) ) ;
#17 = ADVANCED_FACE ( 'NONE', ( #3987 ), #2055, .T. ) ;
#18 = CYLINDRICAL_SURFACE ( 'NONE', #7272, 16.00000000000000000 ) ;
#19 = DIRECTION ( 'NONE',  ( -1.000000000000000000, -0.000000000000000000, -0.000000000000000000 ) ) ;
#20 = DIRECTION ( 'NONE',  ( -1.000000000000000000, 0.000000000000000000, 0.000000000000000000 ) ) ;
#21 = ORIENTED_EDGE ( 'NONE', *, *, #612, .F. ) ;
#22 = ADVANCED_FACE ( 'NONE', ( #4724 ), #4079, .T. ) ;
#23 = VERTEX_POINT ( 'NONE', #8911 ) ;
#24 = CARTESIAN_POINT ( 'NONE',  ( 15.00000000000000178, 3.384281271888070375, -18.48663108841353164 ) ) ;
#25 = CYLINDRICAL_SURFACE ( 'NONE', #6494, 21.99999999999999289 ) ;
#26 = EDGE_CURVE ( 'NONE', #1538, #2200, #7859, .T. ) ;
#27 = DIRECTION ( 'NONE',  ( -1.000000000000000000, -0.000000000000000000, 0.000000000000000000 ) ) ;
#28 = CARTESIAN_POINT ( 'NONE',  ( 0.000000000000000000, 8.931325931664597206, 16.53603053422209612 ) ) ;
#29 = VECTOR ( 'NONE', #3601, 1000.000000000000000 ) ;
#30 = EDGE_CURVE ( 'NONE', #3939, #3124, #3047, .T. ) ;
#31 = VERTEX_POINT ( 'NONE', #6318 ) ;
#32 = VERTEX_POINT ( 'NONE', #223 ) ;
#33 = CARTESIAN_POINT ( 'NONE',  ( 15.00000000000000178, -19.83898331853691488, 9.508666619816549925 ) ) ;
#34 = CIRCLE ( 'NONE', #5168, 17.49900000000000233 ) ;
#35 = DIRECTION ( 'NONE',  ( 1.000000000000000000, -0.000000000000000000, 0.000000000000000000 ) ) ;
#36 = DIRECTION ( 'NONE',  ( 0.000000000000000000, 1.000000000000000000, 3.469446951953614189E-15 ) ) ;
#37 = LINE ( 'NONE', #2881, #6064 ) ;
#38 = VECTOR ( 'NONE', #5457, 1000.000000000000000 ) ;
#39 = DIRECTION ( 'NONE',  ( -1.000000000000000000, 0.000000000000000000, 0.000000000000000000 ) ) ;
#40 = LINE ( 'NONE', #129, #4980 ) ;
#41 = ORIENTED_EDGE ( 'NONE', *, *, #6830, .T. ) ;
#42 = CIRCLE ( 'NONE', #2976, 17.49900000000000233 ) ;
#43 = VECTOR ( 'NONE', #5719, 1000.000000000000000 ) ;
#44 = VERTEX_POINT ( 'NONE', #2829 ) ;
#45 = VERTEX_POINT ( 'NONE', #7133 ) ;
#46 = ORIENTED_EDGE ( 'NONE', *, *, #2006, .F. ) ;
#47 = ORIENTED_EDGE ( 'NONE', *, *, #8060, .T. ) ;
#48 = CARTESIAN_POINT ( 'NONE',  ( 7.500000000000002665, -41.81611651403859042, -3.925862922256613707 ) ) ;
#49 = FACE_OUTER_BOUND ( 'NONE', #1662, .T. ) ;
#50 = AXIS2_PLACEMENT_3D ( 'NONE', #1418, #39, #173 ) ;
#51 = CARTESIAN_POINT ( 'NONE',  ( 15.00000000000000178, 0.000000000000000000, 0.000000000000000000 ) ) ;
#52 = AXIS2_PLACEMENT_3D ( 'NONE', #917, #3728, #8030 ) ;
#53 = DIRECTION ( 'NONE',  ( 0.000000000000000000, 0.000000000000000000, 1.000000000000000000 ) ) ;
#54 = DIRECTION ( 'NONE',  ( -1.000000000000000000, 0.000000000000000000, 0.000000000000000000 ) ) ;
#55 = CARTESIAN_POINT ( 'NONE',  ( 15.00000000000000178, 27.13269053701096922, 25.88420570971411294 ) ) ;
#56 = EDGE_CURVE ( 'NONE', #3640, #7472, #1500, .T. ) ;
#57 = VERTEX_POINT ( 'NONE', #4946 ) ;
#58 = AXIS2_PLACEMENT_3D ( 'NONE', #2205, #693, #6294 ) ;
#59 = CIRCLE ( 'NONE', #5194, 37.49900000000002365 ) ;
#60 = VERTEX_POINT ( 'NONE', #4993 ) ;
#61 = AXIS2_PLACEMENT_3D ( 'NONE', #7389, #8075, #1714 ) ;
#62 = DIRECTION ( 'NONE',  ( 1.000000000000000000, 0.000000000000000000, 0.000000000000000000 ) ) ;
#63 = DIRECTION ( 'NONE',  ( -1.000000000000000000, -0.000000000000000000, 0.000000000000000000 ) ) ;
#64 = LINE ( 'NONE', #6349, #5671 ) ;
#65 = LINE ( 'NONE', #5749, #6819 ) ;
#66 = CIRCLE ( 'NONE', #2998, 16.00000000000000000 ) ;
#67 = ORIENTED_EDGE ( 'NONE', *, *, #5528, .F. ) ;
#68 = ORIENTED_EDGE ( 'NONE', *, *, #1489, .T. ) ;
#69 = AXIS2_PLACEMENT_3D ( 'NONE', #1307, #2733, #618 ) ;
#70 = LINE ( 'NONE', #7715, #6587 ) ;
#71 = LINE ( 'NONE', #210, #2254 ) ;
#72 = DIRECTION ( 'NONE',  ( 0.000000000000000000, -0.9510565162951565288, 0.3090169943749384029 ) ) ;
#73 = DIRECTION ( 'NONE',  ( 1.000000000000000000, 0.000000000000000000, 0.000000000000000000 ) ) ;
#74 = AXIS2_PLACEMENT_3D ( 'NONE', #405, #3796, #6585 ) ;
#75 = AXIS2_PLACEMENT_3D ( 'NONE', #2385, #6656, #8567 ) ;
#76 = ORIENTED_EDGE ( 'NONE', *, *, #665, .T. ) ;
#77 = EDGE_LOOP ( 'NONE', ( #8101, #3443, #2019, #3851 ) ) ;
#78 = DIRECTION ( 'NONE',  ( 0.000000000000000000, -0.9876883405951394357, 0.1564344650402205439 ) ) ;
#79 = CYLINDRICAL_SURFACE ( 'NONE', #4537, 16.00000000000000000 ) ;
#80 = DIRECTION ( 'NONE',  ( -1.000000000000000000, 0.000000000000000000, 0.000000000000000000 ) ) ;
#81 = VECTOR ( 'NONE', #1546, 1000.000000000000000 ) ;
#82 = DIRECTION ( 'NONE',  ( 0.000000000000000000, -1.000000000000000000, -1.047444401652940007E-14 ) ) ;
#83 = DIRECTION ( 'NONE',  ( 1.000000000000000000, 0.000000000000000000, 0.000000000000000000 ) ) ;
#84 = VERTEX_POINT ( 'NONE', #2878 ) ;
#85 = EDGE_LOOP ( 'NONE', ( #6034, #5927, #1053, #4915 ) ) ;
#86 = VERTEX_POINT ( 'NONE', #848 ) ;
#87 = EDGE_CURVE ( 'NONE', #873, #1795, #1413, .T. ) ;
#88 = ORIENTED_EDGE ( 'NONE', *, *, #494, .F. ) ;
#89 = AXIS2_PLACEMENT_3D ( 'NONE', #6573, #298, #5891 ) ;
#90 = VERTEX_POINT ( 'NONE', #3025 ) ;
#91 = DIRECTION ( 'NONE',  ( 0.000000000000000000, 0.000000000000000000, -1.000000000000000000 ) ) ;
#92 = DIRECTION ( 'NONE',  ( 0.000000000000000000, 0.000000000000000000, 1.000000000000000000 ) ) ;
#93 = DIRECTION ( 'NONE',  ( 0.000000000000000000, 0.3090169943749412340, 0.9510565162951556406 ) ) ;
#94 = FACE_OUTER_BOUND ( 'NONE', #6563, .T. ) ;
#95 = DIRECTION ( 'NONE',  ( 0.000000000000000000, 0.000000000000000000, 1.000000000000000000 ) ) ;
#96 = CARTESIAN_POINT ( 'NONE',  ( 15.00000000000000178, 33.79645857604513992, 16.45098606841137467 ) ) ;
#97 = AXIS2_PLACEMENT_3D ( 'NONE', #4332, #1433, #8342 ) ;
#98 = ADVANCED_FACE ( 'NONE', ( #3568 ), #3698, .T. ) ;
#99 = ORIENTED_EDGE ( 'NONE', *, *, #8869, .T. ) ;
#100 = EDGE_CURVE ( 'NONE', #2687, #1242, #8583, .T. ) ;
#101 = AXIS2_PLACEMENT_3D ( 'NONE', #4065, #6850, #2678 ) ;
#102 = ORIENTED_EDGE ( 'NONE', *, *, #7446, .T. ) ;
#103 = CYLINDRICAL_SURFACE ( 'NONE', #5480, 37.49900000000000944 ) ;
#104 = EDGE_CURVE ( 'NONE', #8696, #5591, #1223, .T. ) ;
#105 =( LENGTH_UNIT ( ) NAMED_UNIT ( * ) SI_UNIT ( .MILLI., .METRE. ) );
#106 = FACE_OUTER_BOUND ( 'NONE', #5139, .T. ) ;
#107 = DIRECTION ( 'NONE',  ( -1.000000000000000000, 0.000000000000000000, 0.000000000000000000 ) ) ;
#108 = FACE_OUTER_BOUND ( 'NONE', #3218, .T. ) ;
#109 = EDGE_CURVE ( 'NONE', #3368, #2561, #2401, .T. ) ;
#110 = SHAPE_REPRESENTATION ( 'spur gear_iso_ISO - Spur gear 2M 20T 20PA 15FW ---S20A75H50L12.0N', ( #348 ), #5911 ) ;
#111 = VERTEX_POINT ( 'NONE', #7094 ) ;
#112 = VERTEX_POINT ( 'NONE', #1550 ) ;
#113 = DIRECTION ( 'NONE',  ( 1.000000000000000000, -0.000000000000000000, 0.000000000000000000 ) ) ;
#114 = CARTESIAN_POINT ( 'NONE',  ( 0.000000000000000000, 6.555932627142957436, -37.01155633439051940 ) ) ;
#115 = DIRECTION ( 'NONE',  ( 0.000000000000000000, 0.000000000000000000, 1.000000000000000000 ) ) ;
#116 = DIRECTION ( 'NONE',  ( -1.000000000000000000, -0.000000000000000000, -0.000000000000000000 ) ) ;
#118 = EDGE_CURVE ( 'NONE', #4843, #2697, #4020, .T. ) ;
#117 = DIRECTION ( 'NONE',  ( -1.000000000000000000, -0.000000000000000000, -0.000000000000000000 ) ) ;
#119 = CIRCLE ( 'NONE', #1443, 8.000000000000001776 ) ;
#120 = EDGE_CURVE ( 'NONE', #7113, #2478, #59, .T. ) ;
#121 = DIRECTION ( 'NONE',  ( -1.000000000000000000, 0.000000000000000000, 0.000000000000000000 ) ) ;
#122 = VERTEX_POINT ( 'NONE', #33 ) ;
#123 = ORIENTED_EDGE ( 'NONE', *, *, #4354, .T. ) ;
#124 = AXIS2_PLACEMENT_3D ( 'NONE', #1341, #4147, #6938 ) ;
#125 = DIRECTION ( 'NONE',  ( -1.000000000000000000, -0.000000000000000000, -0.000000000000000000 ) ) ;
#126 = CARTESIAN_POINT ( 'NONE',  ( 15.00000000000000178, 21.40280677340420823, -36.13751322684398559 ) ) ;
#127 = DIRECTION ( 'NONE',  ( -1.000000000000000000, 0.000000000000000000, 0.000000000000000000 ) ) ;
#128 = CYLINDRICAL_SURFACE ( 'NONE', #203, 37.49900000000000944 ) ;
#129 = CARTESIAN_POINT ( 'NONE',  ( 15.00000000000000178, -11.06713717293229493, -13.55483219355740587 ) ) ;
#130 = ORIENTED_EDGE ( 'NONE', *, *, #5310, .F. ) ;
#131 = ORIENTED_EDGE ( 'NONE', *, *, #392, .F. ) ;
#132 = AXIS2_PLACEMENT_3D ( 'NONE', #2339, #5145, #8700 ) ;
#133 = ORIENTED_EDGE ( 'NONE', *, *, #1308, .F. ) ;
#134 = EDGE_CURVE ( 'NONE', #4192, #7959, #2187, .T. ) ;
#135 = VERTEX_POINT ( 'NONE', #4307 ) ;
#136 = EDGE_LOOP ( 'NONE', ( #2891, #1889, #3849, #2032 ) ) ;
#137 = DIRECTION ( 'NONE',  ( 1.000000000000000000, 0.000000000000000000, 0.000000000000000000 ) ) ;
#138 = CYLINDRICAL_SURFACE ( 'NONE', #437, 42.00000000000000000 ) ;
#139 = EDGE_CURVE ( 'NONE', #1263, #1373, #6358, .T. ) ;
#140 = CARTESIAN_POINT ( 'NONE',  ( 0.000000000000000000, 37.58145647212455032, -0.6853352020786493970 ) ) ;
#141 = CARTESIAN_POINT ( 'NONE',  ( 15.00000000000000178, -22.48208911017474776, -35.47612816024548721 ) ) ;
#142 = AXIS2_PLACEMENT_3D ( 'NONE', #28, #2138, #2050 ) ;
#143 = CARTESIAN_POINT ( 'NONE',  ( 15.00000000000000178, -22.74946021919110706, -29.81001611431034704 ) ) ;
#144 = ADVANCED_FACE ( 'NONE', ( #2143 ), #7725, .T. ) ;
#145 = DIRECTION ( 'NONE',  ( -1.000000000000000000, -0.000000000000000000, 0.000000000000000000 ) ) ;
#146 = ADVANCED_FACE ( 'NONE', ( #893 ), #8549, .T. ) ;
#147 = EDGE_CURVE ( 'NONE', #4571, #2629, #4756, .T. ) ;
#148 = EDGE_LOOP ( 'NONE', ( #6968, #6168, #5081, #3942 ) ) ;
#149 = VERTEX_POINT ( 'NONE', #2228 ) ;
#150 = ORIENTED_EDGE ( 'NONE', *, *, #1233, .T. ) ;
#151 = MANIFOLD_SOLID_BREP ( 'Bore', #4659 ) ;
#152 = FACE_OUTER_BOUND ( 'NONE', #672, .T. ) ;
#153 = CIRCLE ( 'NONE', #309, 15.99999999999999822 ) ;
#154 = SHAPE_REPRESENTATION_RELATIONSHIP ( 'NONE' , 'NONE' ,  #6961, #934 ) ;
#155 = CYLINDRICAL_SURFACE ( 'NONE', #3064, 21.99999999999999289 ) ;
#156 = DIRECTION ( 'NONE',  ( 0.000000000000000000, 0.000000000000000000, 1.000000000000000000 ) ) ;
#157 = DIRECTION ( 'NONE',  ( 0.000000000000000000, 0.000000000000000000, -1.000000000000000000 ) ) ;
#158 = ORIENTED_EDGE ( 'NONE', *, *, #7257, .T. ) ;
#159 = ORIENTED_EDGE ( 'NONE', *, *, #2386, .T. ) ;
#160 = LINE ( 'NONE', #2953, #7457 ) ;
#161 = DIRECTION ( 'NONE',  ( -1.000000000000000000, 0.000000000000000000, -0.000000000000000000 ) ) ;
#162 = CARTESIAN_POINT ( 'NONE',  ( 15.00000000000000178, 12.42422080174687871, -35.38097989696499468 ) ) ;
#163 = DIRECTION ( 'NONE',  ( -1.000000000000000000, 0.000000000000000000, -0.000000000000000000 ) ) ;
#164 = DIRECTION ( 'NONE',  ( -1.000000000000000000, -0.000000000000000000, -0.000000000000000000 ) ) ;
#165 = EDGE_CURVE ( 'NONE', #7410, #2648, #8846, .T. ) ;
#166 = ORIENTED_EDGE ( 'NONE', *, *, #7288, .F. ) ;
#167 = ORIENTED_EDGE ( 'NONE', *, *, #4071, .F. ) ;
#168 = CARTESIAN_POINT ( 'NONE',  ( 15.00000000000000178, 0.000000000000000000, 0.000000000000000000 ) ) ;
#169 = DIRECTION ( 'NONE',  ( 1.000000000000000000, -0.000000000000000000, -0.000000000000000000 ) ) ;
#170 = EDGE_CURVE ( 'NONE', #4088, #2165, #1396, .T. ) ;
#171 = AXIS2_PLACEMENT_3D ( 'NONE', #4896, #4255, #7041 ) ;
#172 = CARTESIAN_POINT ( 'NONE',  ( 15.00000000000000178, -33.79645857604501913, -16.45098606841160915 ) ) ;
#173 = DIRECTION ( 'NONE',  ( 0.000000000000000000, 0.000000000000000000, 1.000000000000000000 ) ) ;
#174 = CARTESIAN_POINT ( 'NONE',  ( 15.00000000000000178, 11.06713717293239441, 13.55483219355732416 ) ) ;
#175 = ORIENTED_EDGE ( 'NONE', *, *, #7171, .F. ) ;
#176 = ORIENTED_EDGE ( 'NONE', *, *, #7581, .T. ) ;
#177 = AXIS2_PLACEMENT_3D ( 'NONE', #5826, #3712, #6512 ) ;
#178 = VERTEX_POINT ( 'NONE', #5862 ) ;
#179 = ORIENTED_EDGE ( 'NONE', *, *, #6589, .T. ) ;
#180 = ORIENTED_EDGE ( 'NONE', *, *, #6779, .F. ) ;
#181 = DIRECTION ( 'NONE',  ( 0.000000000000000000, 0.000000000000000000, 1.000000000000000000 ) ) ;
#182 = DIRECTION ( 'NONE',  ( -1.000000000000000000, 0.000000000000000000, 0.000000000000000000 ) ) ;
#183 = CARTESIAN_POINT ( 'NONE',  ( 0.000000000000000000, 6.555932627142423641, 37.01155633439060466 ) ) ;
#184 = FACE_OUTER_BOUND ( 'NONE', #8069, .T. ) ;
#185 = CIRCLE ( 'NONE', #1351, 16.00000000000000000 ) ;
#186 = DIRECTION ( 'NONE',  ( 0.000000000000000000, 0.8090169943749445647, 0.5877852522924772449 ) ) ;
#187 = CYLINDRICAL_SURFACE ( 'NONE', #4478, 8.000000000000001776 ) ;
#188 = AXIS2_PLACEMENT_3D ( 'NONE', #2513, #3945, #1140 ) ;
#189 = ADVANCED_FACE ( 'NONE', ( #357 ), #3750, .T. ) ;
#190 = ORIENTED_EDGE ( 'NONE', *, *, #7306, .T. ) ;
#191 = ORIENTED_EDGE ( 'NONE', *, *, #5299, .T. ) ;
#192 = PRODUCT_DEFINITION ( 'UNKNOWN', '', #1517, #8337 ) ;
#193 = VECTOR ( 'NONE', #2099, 1000.000000000000000 ) ;
#194 = ORIENTED_EDGE ( 'NONE', *, *, #165, .F. ) ;
#195 = CIRCLE ( 'NONE', #7500, 8.000000000000001776 ) ;
#196 = AXIS2_PLACEMENT_3D ( 'NONE', #4783, #4051, #1937 ) ;
#197 = DIRECTION ( 'NONE',  ( 0.000000000000000000, 0.000000000000000000, 1.000000000000000000 ) ) ;
#198 = APPLICATION_PROTOCOL_DEFINITION ( 'draft international standard', 'automotive_design', 1998, #5279 ) ;
#199 = DIRECTION ( 'NONE',  ( 0.000000000000000000, 0.8090169943749445647, 0.5877852522924770229 ) ) ;
#200 = CIRCLE ( 'NONE', #5332, 8.000000000000001776 ) ;
#201 = CARTESIAN_POINT ( 'NONE',  ( 0.000000000000000000, -2.912696353505660696, -21.80633394113450052 ) ) ;
#202 = DIRECTION ( 'NONE',  ( 0.000000000000000000, 0.000000000000000000, 1.000000000000000000 ) ) ;
#203 = AXIS2_PLACEMENT_3D ( 'NONE', #4313, #5634, #2282 ) ;
#204 = AXIS2_PLACEMENT_3D ( 'NONE', #8627, #8669, #7209 ) ;
#205 = ORIENTED_EDGE ( 'NONE', *, *, #2864, .F. ) ;
#206 = CIRCLE ( 'NONE', #2545, 15.99999999999999822 ) ;
#207 = ORIENTED_EDGE ( 'NONE', *, *, #5382, .F. ) ;
#208 = EDGE_CURVE ( 'NONE', #5141, #3386, #2127, .T. ) ;
#209 = CARTESIAN_POINT ( 'NONE',  ( 7.500000000000002665, 19.35373470438981869, 10.46102064772346729 ) ) ;
#210 = CARTESIAN_POINT ( 'NONE',  ( 15.00000000000000178, -30.84782396557202233, -21.32104025579149464 ) ) ;
#211 = CIRCLE ( 'NONE', #8971, 37.49900000000001654 ) ;
#212 = DIRECTION ( 'NONE',  ( -1.000000000000000000, -0.000000000000000000, -0.000000000000000000 ) ) ;
#213 = CIRCLE ( 'NONE', #3724, 42.00000000000000000 ) ;
#214 = DIRECTION ( 'NONE',  ( -1.000000000000000000, 0.000000000000000000, 0.000000000000000000 ) ) ;
#215 = DIRECTION ( 'NONE',  ( -1.000000000000000000, 0.000000000000000000, 0.000000000000000000 ) ) ;
#216 = AXIS2_PLACEMENT_3D ( 'NONE', #1189, #4857, #8875 ) ;
#218 = AXIS2_PLACEMENT_3D ( 'NONE', #3977, #3294, #8222 ) ;
#217 = DIRECTION ( 'NONE',  ( 0.000000000000000000, 0.000000000000000000, 1.000000000000000000 ) ) ;
#219 = EDGE_CURVE ( 'NONE', #3023, #7691, #1690, .T. ) ;
#220 = ORIENTED_EDGE ( 'NONE', *, *, #4361, .F. ) ;
#221 = ADVANCED_FACE ( 'NONE', ( #8635 ), #1777, .T. ) ;
#222 = ORIENTED_EDGE ( 'NONE', *, *, #5163, .F. ) ;
#223 = CARTESIAN_POINT ( 'NONE',  ( 0.000000000000000000, 6.736453364084083795, -36.88895765772626589 ) ) ;
#224 = DIRECTION ( 'NONE',  ( -1.000000000000000000, -0.000000000000000000, -0.000000000000000000 ) ) ;
#225 = CARTESIAN_POINT ( 'NONE',  ( 15.00000000000000178, 31.52238457039599595, 27.75498641678754197 ) ) ;
#226 = EDGE_CURVE ( 'NONE', #1614, #7026, #3739, .T. ) ;
#227 = DIRECTION ( 'NONE',  ( 1.000000000000000000, -0.000000000000000000, -0.000000000000000000 ) ) ;
#228 = DIRECTION ( 'NONE',  ( 0.000000000000000000, 0.000000000000000000, -1.000000000000000000 ) ) ;
#229 = ORIENTED_EDGE ( 'NONE', *, *, #3010, .F. ) ;
#230 = EDGE_CURVE ( 'NONE', #3697, #8837, #946, .T. ) ;
#231 = EDGE_CURVE ( 'NONE', #9021, #4250, #4477, .T. ) ;
#232 = ORIENTED_EDGE ( 'NONE', *, *, #3745, .T. ) ;
#233 = ORIENTED_EDGE ( 'NONE', *, *, #7079, .T. ) ;
#234 = VERTEX_POINT ( 'NONE', #3068 ) ;
#235 = ORIENTED_EDGE ( 'NONE', *, *, #6999, .T. ) ;
#236 = AXIS2_PLACEMENT_3D ( 'NONE', #8219, #8899, #1950 ) ;
#237 = FACE_OUTER_BOUND ( 'NONE', #285, .T. ) ;
#238 = CARTESIAN_POINT ( 'NONE',  ( 15.00000000000000178, 21.63912866391137158, 3.968388925834884340 ) ) ;
#239 = DIRECTION ( 'NONE',  ( -1.000000000000000000, 0.000000000000000000, 0.000000000000000000 ) ) ;
#240 = DIRECTION ( 'NONE',  ( 0.000000000000000000, 0.9510565162951521989, 0.3090169943749517256 ) ) ;
#241 = CARTESIAN_POINT ( 'NONE',  ( 0.000000000000000000, -36.13751322684434797, 21.40280677340356874 ) ) ;
#242 = CARTESIAN_POINT ( 'NONE',  ( 15.00000000000000178, -16.23288003029522386, 33.80338159004278253 ) ) ;
#243 = EDGE_CURVE ( 'NONE', #4634, #6690, #521, .T. ) ;
#244 = APPLICATION_CONTEXT ( 'automotive_design' ) ;
#245 = CIRCLE ( 'NONE', #7540, 16.00000000000000355 ) ;
#246 = ORIENTED_EDGE ( 'NONE', *, *, #5025, .F. ) ;
#247 = VERTEX_POINT ( 'NONE', #1687 ) ;
#248 = CARTESIAN_POINT ( 'NONE',  ( 15.00000000000000178, -35.92658777277503646, -10.74501242461321482 ) ) ;
#249 = DIRECTION ( 'NONE',  ( -1.000000000000000000, -0.000000000000000000, -0.000000000000000000 ) ) ;
#250 = AXIS2_PLACEMENT_3D ( 'NONE', #4508, #5832, #8609 ) ;
#251 = DIRECTION ( 'NONE',  ( -1.000000000000000000, 0.000000000000000000, -0.000000000000000000 ) ) ;
#252 = CARTESIAN_POINT ( 'NONE',  ( 15.00000000000000178, -10.46102064772353479, 19.35373470438978671 ) ) ;
#253 = CARTESIAN_POINT ( 'NONE',  ( 15.00000000000000178, -3.384281271887683573, -18.48663108841360270 ) ) ;
#254 = VECTOR ( 'NONE', #4422, 1000.000000000000000 ) ;
#255 = ORIENTED_EDGE ( 'NONE', *, *, #8445, .T. ) ;
#256 = FACE_OUTER_BOUND ( 'NONE', #9036, .T. ) ;
#257 = CARTESIAN_POINT ( 'NONE',  ( 15.00000000000000178, -0.9861715913086462892, -17.47118961583600694 ) ) ;
#258 = AXIS2_PLACEMENT_3D ( 'NONE', #1633, #5854, #5166 ) ;
#259 = CARTESIAN_POINT ( 'NONE',  ( 15.00000000000000178, -12.96676809804157848, 13.60411018104312753 ) ) ;
#260 = DIRECTION ( 'NONE',  ( -1.000000000000000000, 0.000000000000000000, 0.000000000000000000 ) ) ;
#261 = CARTESIAN_POINT ( 'NONE',  ( 0.000000000000000000, 15.92965478239638522, -15.17386234660363620 ) ) ;
#262 = CARTESIAN_POINT ( 'NONE',  ( 0.000000000000000000, -0.9861715913086460672, -17.47118961583600338 ) ) ;
#263 = EDGE_CURVE ( 'NONE', #328, #8117, #2858, .T. ) ;
#264 = ORIENTED_EDGE ( 'NONE', *, *, #2209, .F. ) ;
#265 = ORIENTED_EDGE ( 'NONE', *, *, #2356, .T. ) ;
#266 = CARTESIAN_POINT ( 'NONE',  ( 0.000000000000000000, 37.58145647212453611, 0.6853352020791819710 ) ) ;
#267 = DIRECTION ( 'NONE',  ( -1.000000000000000000, 0.000000000000000000, 0.000000000000000000 ) ) ;
#268 = CARTESIAN_POINT ( 'NONE',  ( 0.000000000000000000, 0.000000000000000000, 0.000000000000000000 ) ) ;
#269 = DIRECTION ( 'NONE',  ( -1.000000000000000000, 0.000000000000000000, -0.000000000000000000 ) ) ;
#270 = LINE ( 'NONE', #3704, #4264 ) ;
#271 = ORIENTED_EDGE ( 'NONE', *, *, #2109, .F. ) ;
#272 = ORIENTED_EDGE ( 'NONE', *, *, #5360, .T. ) ;
#273 = VECTOR ( 'NONE', #833, 1000.000000000000000 ) ;
#274 = ORIENTED_EDGE ( 'NONE', *, *, #518, .T. ) ;
#275 = AXIS2_PLACEMENT_3D ( 'NONE', #5849, #8626, #2357 ) ;
#276 = VERTEX_POINT ( 'NONE', #312 ) ;
#277 = VERTEX_POINT ( 'NONE', #5312 ) ;
#278 = DIRECTION ( 'NONE',  ( 1.000000000000000000, 0.000000000000000000, 0.000000000000000000 ) ) ;
#279 = CARTESIAN_POINT ( 'NONE',  ( 15.00000000000000178, 6.336799421339810223, 16.31134495048485178 ) ) ;
#280 = DIRECTION ( 'NONE',  ( 0.000000000000000000, 0.000000000000000000, -1.000000000000000000 ) ) ;
#281 = DIRECTION ( 'NONE',  ( 0.000000000000000000, 0.000000000000000000, 1.000000000000000000 ) ) ;
#282 = DIRECTION ( 'NONE',  ( 0.000000000000000000, 0.000000000000000000, 1.000000000000000000 ) ) ;
#283 = EDGE_CURVE ( 'NONE', #2467, #1325, #5214, .T. ) ;
#284 = FILL_AREA_STYLE ('',( #6517 ) ) ;
#285 = EDGE_LOOP ( 'NONE', ( #6328, #8164, #2241, #3420 ) ) ;
#286 = ORIENTED_EDGE ( 'NONE', *, *, #7967, .F. ) ;
#287 = VERTEX_POINT ( 'NONE', #1730 ) ;
#288 = ADVANCED_FACE ( 'NONE', ( #1032 ), #3841, .T. ) ;
#289 = ADVANCED_FACE ( 'NONE', ( #7448 ), #8942, .T. ) ;
#290 = VECTOR ( 'NONE', #1033, 1000.000000000000000 ) ;
#291 = CARTESIAN_POINT ( 'NONE',  ( 15.00000000000000178, 0.000000000000000000, 0.000000000000000000 ) ) ;
#292 = CIRCLE ( 'NONE', #4392, 21.99999999999999645 ) ;
#293 = DIRECTION ( 'NONE',  ( -1.000000000000000000, -0.000000000000000000, -0.000000000000000000 ) ) ;
#294 = EDGE_CURVE ( 'NONE', #6753, #7641, #1304, .T. ) ;
#295 = CARTESIAN_POINT ( 'NONE',  ( 15.00000000000000178, -33.80338159004296017, 16.23288003029485793 ) ) ;
#296 = CARTESIAN_POINT ( 'NONE',  ( 7.500000000000002665, 36.13751322684419165, 21.40280677340384230 ) ) ;
#297 = CARTESIAN_POINT ( 'NONE',  ( 0.000000000000000000, -21.53537804866102334, 30.80686688397002371 ) ) ;
#298 = DIRECTION ( 'NONE',  ( -1.000000000000000000, 0.000000000000000000, 0.000000000000000000 ) ) ;
#299 = ORIENTED_EDGE ( 'NONE', *, *, #6233, .F. ) ;
#300 = VECTOR ( 'NONE', #4201, 1000.000000000000000 ) ;
#301 = FACE_OUTER_BOUND ( 'NONE', #3822, .T. ) ;
#302 = DIRECTION ( 'NONE',  ( -1.000000000000000000, 0.000000000000000000, -0.000000000000000000 ) ) ;
#303 = EDGE_CURVE ( 'NONE', #90, #5668, #2257, .T. ) ;
#304 = FACE_OUTER_BOUND ( 'NONE', #7281, .T. ) ;
#305 = CARTESIAN_POINT ( 'NONE',  ( 15.00000000000000178, 0.000000000000000000, 0.000000000000000000 ) ) ;
#306 = LINE ( 'NONE', #4712, #1871 ) ;
#307 = CARTESIAN_POINT ( 'NONE',  ( 15.00000000000000178, -12.26510123303235034, -35.53030884539097656 ) ) ;
#308 = EDGE_CURVE ( 'NONE', #8808, #7217, #6764, .T. ) ;
#309 = AXIS2_PLACEMENT_3D ( 'NONE', #6453, #7318, #8502 ) ;
#310 = VERTEX_POINT ( 'NONE', #2685 ) ;
#311 = EDGE_CURVE ( 'NONE', #7670, #2066, #2044, .T. ) ;
#312 = CARTESIAN_POINT ( 'NONE',  ( 15.00000000000000178, -10.41901085202107780, 40.68715046381925049 ) ) ;
#313 = LINE ( 'NONE', #5950, #441 ) ;
#314 = DIRECTION ( 'NONE',  ( -1.000000000000000000, 0.000000000000000000, 0.000000000000000000 ) ) ;
#315 = DIRECTION ( 'NONE',  ( -1.000000000000000000, 0.000000000000000000, -0.000000000000000000 ) ) ;
#316 = DIRECTION ( 'NONE',  ( 0.000000000000000000, -0.8090169943749402348, -0.5877852522924832401 ) ) ;
#317 = ORIENTED_EDGE ( 'NONE', *, *, #8332, .F. ) ;
#318 = ORIENTED_EDGE ( 'NONE', *, *, #7147, .T. ) ;
#319 = ORIENTED_EDGE ( 'NONE', *, *, #2005, .T. ) ;
#320 = ORIENTED_EDGE ( 'NONE', *, *, #294, .T. ) ;
#321 = ORIENTED_EDGE ( 'NONE', *, *, #8033, .F. ) ;
#322 = CARTESIAN_POINT ( 'NONE',  ( 15.00000000000000178, 0.000000000000000000, 0.000000000000000000 ) ) ;
#323 = LINE ( 'NONE', #6558, #7067 ) ;
#324 = CYLINDRICAL_SURFACE ( 'NONE', #7745, 16.00000000000000000 ) ;
#325 = DIRECTION ( 'NONE',  ( 0.000000000000000000, 0.000000000000000000, 1.000000000000000000 ) ) ;
#326 = DIRECTION ( 'NONE',  ( 1.000000000000000000, 0.000000000000000000, -0.000000000000000000 ) ) ;
#327 = CARTESIAN_POINT ( 'NONE',  ( 15.00000000000000178, -0.9861715913088882068, 17.47118961583599273 ) ) ;
#328 = VERTEX_POINT ( 'NONE', #4802 ) ;
#329 = VERTEX_POINT ( 'NONE', #6176 ) ;
#330 = VERTEX_POINT ( 'NONE', #5447 ) ;
#331 = EDGE_CURVE ( 'NONE', #5074, #3896, #3001, .T. ) ;
#332 = CIRCLE ( 'NONE', #3551, 42.00000000000000000 ) ;
#333 = DIRECTION ( 'NONE',  ( 0.000000000000000000, 0.000000000000000000, -1.000000000000000000 ) ) ;
#334 = CARTESIAN_POINT ( 'NONE',  ( 0.000000000000000000, 0.000000000000000000, 0.000000000000000000 ) ) ;
#335 = CARTESIAN_POINT ( 'NONE',  ( 0.000000000000000000, 21.80633394113447210, -2.912696353505892510 ) ) ;
#336 = CARTESIAN_POINT ( 'NONE',  ( 7.500000000000002665, -3.968388925834962944, 21.63912866391135026 ) ) ;
#337 = ADVANCED_FACE ( 'NONE', ( #4672 ), #5493, .T. ) ;
#338 = DIRECTION ( 'NONE',  ( -1.000000000000000000, 0.000000000000000000, 0.000000000000000000 ) ) ;
#339 = CIRCLE ( 'NONE', #760, 8.000000000000000000 ) ;
#340 = AXIS2_PLACEMENT_3D ( 'NONE', #4726, #5323, #5456 ) ;
#341 = VERTEX_POINT ( 'NONE', #1349 ) ;
#342 = CIRCLE ( 'NONE', #5473, 16.00000000000000000 ) ;
#343 = CIRCLE ( 'NONE', #6201, 8.000000000000003553 ) ;
#344 = DIRECTION ( 'NONE',  ( -1.000000000000000000, -0.000000000000000000, 0.000000000000000000 ) ) ;
#345 = DIRECTION ( 'NONE',  ( -1.000000000000000000, 0.000000000000000000, -0.000000000000000000 ) ) ;
#346 = AXIS2_PLACEMENT_3D ( 'NONE', #417, #2565, #5374 ) ;
#347 = CARTESIAN_POINT ( 'NONE',  ( 15.00000000000000178, -17.47118961583598917, -0.9861715913089493801 ) ) ;
#348 = AXIS2_PLACEMENT_3D ( 'NONE', #1257, #4063, #8936 ) ;
#349 = CARTESIAN_POINT ( 'NONE',  ( 15.00000000000000178, -17.47118961583598917, -0.9861715913089493801 ) ) ;
#350 = AXIS2_PLACEMENT_3D ( 'NONE', #852, #812, #7776 ) ;
#351 = CARTESIAN_POINT ( 'NONE',  ( 15.00000000000000178, -18.48663108841354230, -3.384281271888015752 ) ) ;
#352 = CARTESIAN_POINT ( 'NONE',  ( 15.00000000000000178, -37.48860685352291000, -0.8828120875904430509 ) ) ;
#353 = CIRCLE ( 'NONE', #4887, 16.00000000000000000 ) ;
#354 = ORIENTED_EDGE ( 'NONE', *, *, #8941, .T. ) ;
#355 = CIRCLE ( 'NONE', #58, 17.49900000000000233 ) ;
#356 = MECHANICAL_DESIGN_GEOMETRIC_PRESENTATION_REPRESENTATION (  '', ( #7085 ), #7243 ) ;
#357 = FACE_OUTER_BOUND ( 'NONE', #6364, .T. ) ;
#358 = DIRECTION ( 'NONE',  ( 0.000000000000000000, 0.000000000000000000, 1.000000000000000000 ) ) ;
#359 = VECTOR ( 'NONE', #8750, 1000.000000000000000 ) ;
#360 = DIRECTION ( 'NONE',  ( 0.000000000000000000, 0.9510565162951544194, -0.3090169943749447312 ) ) ;
#361 = DIRECTION ( 'NONE',  ( 0.000000000000000000, 0.000000000000000000, 1.000000000000000000 ) ) ;
#362 = DIRECTION ( 'NONE',  ( -1.000000000000000000, -0.000000000000000000, 0.000000000000000000 ) ) ;
#363 = CIRCLE ( 'NONE', #3734, 8.000000000000003553 ) ;
#364 = VECTOR ( 'NONE', #6981, 1000.000000000000000 ) ;
#365 = ORIENTED_EDGE ( 'NONE', *, *, #3262, .F. ) ;
#366 = DIRECTION ( 'NONE',  ( -1.000000000000000000, -0.000000000000000000, 0.000000000000000000 ) ) ;
#367 = ORIENTED_EDGE ( 'NONE', *, *, #5836, .F. ) ;
#368 = ORIENTED_EDGE ( 'NONE', *, *, #2294, .F. ) ;
#369 = ORIENTED_EDGE ( 'NONE', *, *, #808, .F. ) ;
#370 = VERTEX_POINT ( 'NONE', #1215 ) ;
#371 = CARTESIAN_POINT ( 'NONE',  ( 0.000000000000000000, -35.38097989696503731, -12.42422080174675436 ) ) ;
#372 = DIRECTION ( 'NONE',  ( 0.000000000000000000, 0.000000000000000000, 1.000000000000000000 ) ) ;
#373 = DIRECTION ( 'NONE',  ( -1.000000000000000000, -0.000000000000000000, 0.000000000000000000 ) ) ;
#374 = CARTESIAN_POINT ( 'NONE',  ( 15.00000000000000178, -8.128228055638727412, -16.94522934049219387 ) ) ;
#375 = DIRECTION ( 'NONE',  ( 0.000000000000000000, -1.000000000000000000, -1.040834085586084099E-14 ) ) ;
#376 = DIRECTION ( 'NONE',  ( -1.000000000000000000, -0.000000000000000000, 0.000000000000000000 ) ) ;
#377 = PRODUCT ( 'ISO standard Spur Gear Drive (2-1 ratio)', 'ISO standard Spur Gear Drive (2-1 ratio)', '', ( #8573 ) ) ;
#378 = ORIENTED_EDGE ( 'NONE', *, *, #8889, .F. ) ;
#379 = ORIENTED_EDGE ( 'NONE', *, *, #8805, .T. ) ;
#380 = VERTEX_POINT ( 'NONE', #8141 ) ;
#381 = VECTOR ( 'NONE', #4755, 1000.000000000000000 ) ;
#382 = ORIENTED_EDGE ( 'NONE', *, *, #4711, .F. ) ;
#383 = EDGE_CURVE ( 'NONE', #533, #1066, #8113, .T. ) ;
#384 = DIRECTION ( 'NONE',  ( 1.000000000000000000, 0.000000000000000000, -0.000000000000000000 ) ) ;
#385 = DIRECTION ( 'NONE',  ( -1.000000000000000000, -0.000000000000000000, 0.000000000000000000 ) ) ;
#386 = LINE ( 'NONE', #7251, #8966 ) ;
#387 = CARTESIAN_POINT ( 'NONE',  ( 0.000000000000000000, 0.000000000000000000, 0.000000000000000000 ) ) ;
#388 = AXIS2_PLACEMENT_3D ( 'NONE', #7297, #1804, #7898 ) ;
#389 = EDGE_CURVE ( 'NONE', #5686, #2709, #4615, .T. ) ;
#390 = EDGE_CURVE ( 'NONE', #495, #2202, #7669, .T. ) ;
#391 = ORIENTED_EDGE ( 'NONE', *, *, #7769, .F. ) ;
#392 = EDGE_CURVE ( 'NONE', #7568, #2707, #1386, .T. ) ;
#393 = CIRCLE ( 'NONE', #1998, 17.49900000000000233 ) ;
#394 = CYLINDRICAL_SURFACE ( 'NONE', #275, 16.00000000000000000 ) ;
#395 = DIRECTION ( 'NONE',  ( -1.000000000000000000, 0.000000000000000000, 0.000000000000000000 ) ) ;
#396 = DIRECTION ( 'NONE',  ( 0.000000000000000000, -0.1564344650402170189, -0.9876883405951399908 ) ) ;
#397 = EDGE_CURVE ( 'NONE', #3923, #4270, #8834, .T. ) ;
#398 = CARTESIAN_POINT ( 'NONE',  ( 0.000000000000000000, 7.347880794884120722E-16, -6.000000000000000888 ) ) ;
#399 = CARTESIAN_POINT ( 'NONE',  ( 15.00000000000000178, -37.48860685352292421, 0.8828120875899240216 ) ) ;
#400 = CIRCLE ( 'NONE', #6257, 15.99999999999999822 ) ;
#401 = DIRECTION ( 'NONE',  ( 1.000000000000000000, 0.000000000000000000, 0.000000000000000000 ) ) ;
#402 = EDGE_LOOP ( 'NONE', ( #2289, #2093, #7231, #8765 ) ) ;
#403 = EDGE_CURVE ( 'NONE', #8835, #7856, #4903, .T. ) ;
#404 = AXIS2_PLACEMENT_3D ( 'NONE', #3285, #6674, #5400 ) ;
#405 = CARTESIAN_POINT ( 'NONE',  ( 0.000000000000000000, 0.000000000000000000, 0.000000000000000000 ) ) ;
#406 = CARTESIAN_POINT ( 'NONE',  ( 15.00000000000000178, -29.81001611431025466, 22.74946021919122785 ) ) ;
#407 = DIRECTION ( 'NONE',  ( 1.000000000000000000, 0.000000000000000000, -0.000000000000000000 ) ) ;
#408 = EDGE_CURVE ( 'NONE', #23, #2097, #6091, .T. ) ;
#409 = CARTESIAN_POINT ( 'NONE',  ( 15.00000000000000178, 0.000000000000000000, 0.000000000000000000 ) ) ;
#410 = ORIENTED_EDGE ( 'NONE', *, *, #4937, .T. ) ;
#411 = VERTEX_POINT ( 'NONE', #1264 ) ;
#412 = ORIENTED_EDGE ( 'NONE', *, *, #1234, .F. ) ;
#413 = VERTEX_POINT ( 'NONE', #8182 ) ;
#414 = APPLICATION_CONTEXT ( 'automotive_design' ) ;
#415 = VERTEX_POINT ( 'NONE', #1955 ) ;
#416 = DIRECTION ( 'NONE',  ( 0.000000000000000000, 0.000000000000000000, -1.000000000000000000 ) ) ;
#417 = CARTESIAN_POINT ( 'NONE',  ( 15.00000000000000178, -3.384281271887683573, -18.48663108841360270 ) ) ;
#418 = DIRECTION ( 'NONE',  ( -1.000000000000000000, 0.000000000000000000, 0.000000000000000000 ) ) ;
#419 = DIRECTION ( 'NONE',  ( 0.000000000000000000, -6.938893903907228378E-15, 1.000000000000000000 ) ) ;
#420 = CARTESIAN_POINT ( 'NONE',  ( -10.00000000000000000, 0.000000000000000000, 0.000000000000000000 ) ) ;
#421 = FACE_OUTER_BOUND ( 'NONE', #3229, .T. ) ;
#422 = AXIS2_PLACEMENT_3D ( 'NONE', #791, #5112, #975 ) ;
#423 = EDGE_CURVE ( 'NONE', #1359, #3032, #2342, .T. ) ;
#424 = ORIENTED_EDGE ( 'NONE', *, *, #4770, .T. ) ;
#425 = ORIENTED_EDGE ( 'NONE', *, *, #8671, .F. ) ;
#426 = VERTEX_POINT ( 'NONE', #575 ) ;
#427 = ORIENTED_EDGE ( 'NONE', *, *, #5825, .F. ) ;
#428 = EDGE_CURVE ( 'NONE', #3720, #8741, #6301, .T. ) ;
#429 = FACE_OUTER_BOUND ( 'NONE', #1612, .T. ) ;
#430 = DIRECTION ( 'NONE',  ( 0.000000000000000000, -0.7071067811865536790, 0.7071067811865413555 ) ) ;
#431 = EDGE_CURVE ( 'NONE', #5775, #5095, #2641, .T. ) ;
#432 = DIRECTION ( 'NONE',  ( 0.000000000000000000, 0.000000000000000000, 1.000000000000000000 ) ) ;
#433 = DIRECTION ( 'NONE',  ( -1.000000000000000000, 0.000000000000000000, -0.000000000000000000 ) ) ;
#434 = EDGE_CURVE ( 'NONE', #6427, #6386, #160, .T. ) ;
#435 = EDGE_CURVE ( 'NONE', #122, #5141, #5575, .T. ) ;
#436 = VERTEX_POINT ( 'NONE', #5669 ) ;
#437 = AXIS2_PLACEMENT_3D ( 'NONE', #5556, #2936, #8427 ) ;
#438 = ORIENTED_EDGE ( 'NONE', *, *, #7868, .F. ) ;
#439 = ORIENTED_EDGE ( 'NONE', *, *, #5169, .T. ) ;
#440 = CARTESIAN_POINT ( 'NONE',  ( 0.000000000000000000, 16.94522934049210505, 8.128228055638912153 ) ) ;
#441 = VECTOR ( 'NONE', #1873, 1000.000000000000000 ) ;
#442 = DIRECTION ( 'NONE',  ( 0.000000000000000000, 0.000000000000000000, -1.000000000000000000 ) ) ;
#443 = DIRECTION ( 'NONE',  ( -1.000000000000000000, -0.000000000000000000, -0.000000000000000000 ) ) ;
#444 = CARTESIAN_POINT ( 'NONE',  ( -10.00000000000000000, 0.000000000000000000, 0.000000000000000000 ) ) ;
#445 = CARTESIAN_POINT ( 'NONE',  ( 0.000000000000000000, -2.663952781845852602, -41.91543099594821342 ) ) ;
#446 = ORIENTED_EDGE ( 'NONE', *, *, #2232, .F. ) ;
#447 = CARTESIAN_POINT ( 'NONE',  ( 15.00000000000000178, -16.94522934049216190, 8.128228055638793137 ) ) ;
#448 = LINE ( 'NONE', #4719, #514 ) ;
#449 = AXIS2_PLACEMENT_3D ( 'NONE', #3801, #8595, #5090 ) ;
#450 = DIRECTION ( 'NONE',  ( -1.000000000000000000, 0.000000000000000000, 0.000000000000000000 ) ) ;
#451 = EDGE_CURVE ( 'NONE', #3478, #5234, #1023, .T. ) ;
#452 = ORIENTED_EDGE ( 'NONE', *, *, #9044, .T. ) ;
#453 = VERTEX_POINT ( 'NONE', #5022 ) ;
#454 = ORIENTED_EDGE ( 'NONE', *, *, #5861, .F. ) ;
#455 = ORIENTED_EDGE ( 'NONE', *, *, #1209, .F. ) ;
#456 = EDGE_CURVE ( 'NONE', #2794, #2865, #5864, .T. ) ;
#457 = ORIENTED_EDGE ( 'NONE', *, *, #3150, .T. ) ;
#458 = CARTESIAN_POINT ( 'NONE',  ( 0.000000000000000000, 0.000000000000000000, 0.000000000000000000 ) ) ;
#459 = CARTESIAN_POINT ( 'NONE',  ( 0.000000000000000000, 0.000000000000000000, 0.000000000000000000 ) ) ;
#460 = DIRECTION ( 'NONE',  ( 0.000000000000000000, -0.5877852522924802425, 0.8090169943749422332 ) ) ;
#461 = LINE ( 'NONE', #8158, #2756 ) ;
#462 = DIRECTION ( 'NONE',  ( 0.000000000000000000, 0.4539904997395414754, 0.8910065241883706744 ) ) ;
#463 = DIRECTION ( 'NONE',  ( -1.000000000000000000, -0.000000000000000000, -0.000000000000000000 ) ) ;
#464 = DIRECTION ( 'NONE',  ( 0.000000000000000000, 1.000000000000000000, 3.491481338843133750E-15 ) ) ;
#465 = ORIENTED_EDGE ( 'NONE', *, *, #3816, .T. ) ;
#466 = ORIENTED_EDGE ( 'NONE', *, *, #134, .T. ) ;
#467 = ORIENTED_EDGE ( 'NONE', *, *, #3922, .F. ) ;
#468 = ORIENTED_EDGE ( 'NONE', *, *, #4075, .F. ) ;
#469 = CARTESIAN_POINT ( 'NONE',  ( 15.00000000000000178, 0.000000000000000000, 0.000000000000000000 ) ) ;
#470 = CARTESIAN_POINT ( 'NONE',  ( 0.000000000000000000, 0.000000000000000000, 0.000000000000000000 ) ) ;
#471 = AXIS2_PLACEMENT_3D ( 'NONE', #5672, #4985, #7765 ) ;
#472 = DIRECTION ( 'NONE',  ( 0.000000000000000000, 0.000000000000000000, 1.000000000000000000 ) ) ;
#473 = CARTESIAN_POINT ( 'NONE',  ( 0.000000000000000000, 40.98264845739749518, 9.188173127307441845 ) ) ;
#474 = EDGE_CURVE ( 'NONE', #1806, #1290, #7125, .T. ) ;
#475 = ORIENTED_EDGE ( 'NONE', *, *, #7277, .T. ) ;
#476 = AXIS2_PLACEMENT_3D ( 'NONE', #5142, #7145, #904 ) ;
#477 = ORIENTED_EDGE ( 'NONE', *, *, #6649, .F. ) ;
#478 = ORIENTED_EDGE ( 'NONE', *, *, #5943, .F. ) ;
#479 = DIRECTION ( 'NONE',  ( 0.000000000000000000, 0.000000000000000000, 1.000000000000000000 ) ) ;
#480 = DIRECTION ( 'NONE',  ( -1.000000000000000000, -0.000000000000000000, -0.000000000000000000 ) ) ;
#481 = CARTESIAN_POINT ( 'NONE',  ( 7.500000000000002665, 21.63912866391137158, 3.968388925834884340 ) ) ;
#482 = DIRECTION ( 'NONE',  ( -1.000000000000000000, 0.000000000000000000, 0.000000000000000000 ) ) ;
#483 = CARTESIAN_POINT ( 'NONE',  ( 15.00000000000000178, -3.968388925834963832, 21.63912866391135381 ) ) ;
#484 = CIRCLE ( 'NONE', #1065, 16.00000000000000000 ) ;
#485 = EDGE_CURVE ( 'NONE', #3387, #178, #7028, .T. ) ;
#486 = ORIENTED_EDGE ( 'NONE', *, *, #6488, .T. ) ;
#487 = DIRECTION ( 'NONE',  ( -1.000000000000000000, -0.000000000000000000, 0.000000000000000000 ) ) ;
#488 = FACE_BOUND ( 'NONE', #2929, .T. ) ;
#489 = VECTOR ( 'NONE', #1976, 1000.000000000000000 ) ;
#490 = DIRECTION ( 'NONE',  ( -1.000000000000000000, 0.000000000000000000, -0.000000000000000000 ) ) ;
#491 = EDGE_CURVE ( 'NONE', #4597, #732, #1466, .T. ) ;
#492 = ORIENTED_EDGE ( 'NONE', *, *, #1468, .F. ) ;
#493 = AXIS2_PLACEMENT_3D ( 'NONE', #5133, #315, #7916 ) ;
#494 = EDGE_CURVE ( 'NONE', #7688, #5317, #3090, .T. ) ;
#495 = VERTEX_POINT ( 'NONE', #6440 ) ;
#496 = VECTOR ( 'NONE', #6995, 1000.000000000000000 ) ;
#497 = ORIENTED_EDGE ( 'NONE', *, *, #2024, .F. ) ;
#498 = ORIENTED_EDGE ( 'NONE', *, *, #7392, .T. ) ;
#499 = AXIS2_PLACEMENT_3D ( 'NONE', #4870, #7523, #3498 ) ;
#500 = DIRECTION ( 'NONE',  ( 0.000000000000000000, 0.000000000000000000, 1.000000000000000000 ) ) ;
#501 = EDGE_CURVE ( 'NONE', #2661, #6354, #7763, .T. ) ;
#502 = CARTESIAN_POINT ( 'NONE',  ( 15.00000000000000178, 0.000000000000000000, 0.000000000000000000 ) ) ;
#503 = DIRECTION ( 'NONE',  ( -1.000000000000000000, 0.000000000000000000, -0.000000000000000000 ) ) ;
#504 = LINE ( 'NONE', #1882, #9039 ) ;
#506 = DIRECTION ( 'NONE',  ( 0.000000000000000000, 0.000000000000000000, -1.000000000000000000 ) ) ;
#505 = CIRCLE ( 'NONE', #650, 16.00000000000000355 ) ;
#507 = DIRECTION ( 'NONE',  ( 0.000000000000000000, 0.000000000000000000, 1.000000000000000000 ) ) ;
#508 = ADVANCED_FACE ( 'NONE', ( #9030 ), #840, .T. ) ;
#509 = DIRECTION ( 'NONE',  ( 0.000000000000000000, -0.8910065241883626808, -0.4539904997395570740 ) ) ;
#510 = VECTOR ( 'NONE', #326, 1000.000000000000000 ) ;
#511 = EDGE_LOOP ( 'NONE', ( #5971, #1456, #7070, #3678 ) ) ;
#512 = ORIENTED_EDGE ( 'NONE', *, *, #2777, .F. ) ;
#513 = ORIENTED_EDGE ( 'NONE', *, *, #5495, .F. ) ;
#514 = VECTOR ( 'NONE', #8185, 1000.000000000000000 ) ;
#515 = ORIENTED_EDGE ( 'NONE', *, *, #5305, .F. ) ;
#516 = DIRECTION ( 'NONE',  ( -1.000000000000000000, 0.000000000000000000, 0.000000000000000000 ) ) ;
#517 = FACE_OUTER_BOUND ( 'NONE', #2589, .T. ) ;
#518 = EDGE_CURVE ( 'NONE', #2200, #7092, #70, .T. ) ;
#519 = DIRECTION ( 'NONE',  ( -1.000000000000000000, 0.000000000000000000, -0.000000000000000000 ) ) ;
#520 = CARTESIAN_POINT ( 'NONE',  ( 15.00000000000000178, 0.000000000000000000, 0.000000000000000000 ) ) ;
#521 = CIRCLE ( 'NONE', #5643, 42.00000000000000000 ) ;
#522 = ORIENTED_EDGE ( 'NONE', *, *, #1663, .T. ) ;
#523 = ORIENTED_EDGE ( 'NONE', *, *, #4982, .F. ) ;
#524 = ORIENTED_EDGE ( 'NONE', *, *, #1372, .F. ) ;
#525 = CARTESIAN_POINT ( 'NONE',  ( 0.000000000000000000, 25.88420570971402412, 27.13269053701105449 ) ) ;
#526 = AXIS2_PLACEMENT_3D ( 'NONE', #8677, #4435, #7213 ) ;
#527 = DIRECTION ( 'NONE',  ( -1.000000000000000000, 0.000000000000000000, 0.000000000000000000 ) ) ;
#528 = CYLINDRICAL_SURFACE ( 'NONE', #3638, 21.99999999999999289 ) ;
#529 = DIRECTION ( 'NONE',  ( -1.000000000000000000, -0.000000000000000000, -0.000000000000000000 ) ) ;
#530 = DIRECTION ( 'NONE',  ( -1.000000000000000000, 0.000000000000000000, 0.000000000000000000 ) ) ;
#531 = VECTOR ( 'NONE', #6071, 1000.000000000000000 ) ;
#532 = AXIS2_PLACEMENT_3D ( 'NONE', #8126, #7567, #4787 ) ;
#533 = VERTEX_POINT ( 'NONE', #1448 ) ;
#534 = DIRECTION ( 'NONE',  ( -1.000000000000000000, 0.000000000000000000, 0.000000000000000000 ) ) ;
#535 = CARTESIAN_POINT ( 'NONE',  ( 15.00000000000000178, -39.04073710021333454, -15.48615015657623495 ) ) ;
#536 = CARTESIAN_POINT ( 'NONE',  ( 15.00000000000000178, 40.98264845739763018, -9.188173127306859200 ) ) ;
#537 = EDGE_CURVE ( 'NONE', #8014, #6690, #1541, .T. ) ;
#538 = VERTEX_POINT ( 'NONE', #3510 ) ;
#539 = EDGE_CURVE ( 'NONE', #1455, #6592, #6569, .T. ) ;
#540 = AXIS2_PLACEMENT_3D ( 'NONE', #707, #4797, #8938 ) ;
#541 = ORIENTED_EDGE ( 'NONE', *, *, #3123, .F. ) ;
#542 = ORIENTED_EDGE ( 'NONE', *, *, #6893, .F. ) ;
#543 = ORIENTED_EDGE ( 'NONE', *, *, #6322, .T. ) ;
#544 = DIRECTION ( 'NONE',  ( -1.000000000000000000, -0.000000000000000000, 0.000000000000000000 ) ) ;
#545 = AXIS2_PLACEMENT_3D ( 'NONE', #8043, #6673, #3885 ) ;
#546 = CARTESIAN_POINT ( 'NONE',  ( 15.00000000000000178, 37.48860685352291711, 0.8828120875901811493 ) ) ;
#547 = CARTESIAN_POINT ( 'NONE',  ( 15.00000000000000178, -26.08949754953005140, -27.05870788708259056 ) ) ;
#548 = AXIS2_PLACEMENT_3D ( 'NONE', #8714, #5255, #8039 ) ;
#549 = DIRECTION ( 'NONE',  ( 0.000000000000000000, 0.000000000000000000, 1.000000000000000000 ) ) ;
#550 = DIRECTION ( 'NONE',  ( 0.000000000000000000, 0.000000000000000000, -1.000000000000000000 ) ) ;
#551 = DIRECTION ( 'NONE',  ( 0.000000000000000000, -0.3090169943749349057, -0.9510565162951575280 ) ) ;
#552 = CARTESIAN_POINT ( 'NONE',  ( 0.000000000000000000, 0.000000000000000000, 0.000000000000000000 ) ) ;
#553 = ORIENTED_EDGE ( 'NONE', *, *, #7014, .T. ) ;
#554 = ORIENTED_EDGE ( 'NONE', *, *, #5867, .F. ) ;
#555 = ORIENTED_EDGE ( 'NONE', *, *, #2861, .T. ) ;
#556 = ORIENTED_EDGE ( 'NONE', *, *, #6467, .F. ) ;
#557 = CARTESIAN_POINT ( 'NONE',  ( 15.00000000000000178, 10.46102064772339979, 19.35373470438986132 ) ) ;
#558 = CARTESIAN_POINT ( 'NONE',  ( 15.00000000000000178, -26.08949754953005140, -27.05870788708259056 ) ) ;
#559 = AXIS2_PLACEMENT_3D ( 'NONE', #1440, #5661, #7661 ) ;
#560 = FACE_OUTER_BOUND ( 'NONE', #1323, .T. ) ;
#561 = DIRECTION ( 'NONE',  ( -1.000000000000000000, -0.000000000000000000, 0.000000000000000000 ) ) ;
#562 = EDGE_CURVE ( 'NONE', #3830, #6645, #5715, .T. ) ;
#563 = VERTEX_POINT ( 'NONE', #1492 ) ;
#564 = VECTOR ( 'NONE', #63, 1000.000000000000000 ) ;
#565 = VERTEX_POINT ( 'NONE', #4387 ) ;
#566 = ADVANCED_FACE ( 'NONE', ( #8354 ), #4345, .T. ) ;
#567 = VERTEX_POINT ( 'NONE', #8535 ) ;
#568 = CARTESIAN_POINT ( 'NONE',  ( 7.500000000000002665, -36.13751322684434797, 21.40280677340356874 ) ) ;
#569 = DIRECTION ( 'NONE',  ( -1.000000000000000000, 0.000000000000000000, 0.000000000000000000 ) ) ;
#570 = FACE_OUTER_BOUND ( 'NONE', #7186, .T. ) ;
#571 = DIRECTION ( 'NONE',  ( 0.000000000000000000, -0.1564344650402170189, -0.9876883405951399908 ) ) ;
#572 = CARTESIAN_POINT ( 'NONE',  ( 15.00000000000000178, -6.736453364083286210, -36.88895765772641511 ) ) ;
#573 = ORIENTED_EDGE ( 'NONE', *, *, #1752, .F. ) ;
#574 = AXIS2_PLACEMENT_3D ( 'NONE', #6586, #2501, #2415 ) ;
#575 = CARTESIAN_POINT ( 'NONE',  ( 0.000000000000000000, 0.000000000000000000, 10.00000000000000000 ) ) ;
#576 = CARTESIAN_POINT ( 'NONE',  ( 15.00000000000000178, 18.48663108841357072, -3.384281271887880749 ) ) ;
#577 = CIRCLE ( 'NONE', #8328, 37.49900000000000944 ) ;
#578 = DIRECTION ( 'NONE',  ( -1.000000000000000000, 0.000000000000000000, 0.000000000000000000 ) ) ;
#579 = EDGE_CURVE ( 'NONE', #912, #2363, #8599, .T. ) ;
#580 = CIRCLE ( 'NONE', #2636, 17.49900000000000233 ) ;
#581 = EDGE_CURVE ( 'NONE', #2779, #5892, #5300, .T. ) ;
#582 = VERTEX_POINT ( 'NONE', #4428 ) ;
#583 = ORIENTED_EDGE ( 'NONE', *, *, #6863, .F. ) ;
#584 = VERTEX_POINT ( 'NONE', #2312 ) ;
#585 = DIRECTION ( 'NONE',  ( 1.000000000000000000, -0.000000000000000000, 0.000000000000000000 ) ) ;
#586 = CIRCLE ( 'NONE', #1765, 16.00000000000000355 ) ;
#587 = DIRECTION ( 'NONE',  ( 0.000000000000000000, 0.000000000000000000, -1.000000000000000000 ) ) ;
#588 = DIRECTION ( 'NONE',  ( -1.000000000000000000, -0.000000000000000000, -0.000000000000000000 ) ) ;
#589 = CYLINDRICAL_SURFACE ( 'NONE', #1887, 16.00000000000000000 ) ;
#590 = CARTESIAN_POINT ( 'NONE',  ( 15.00000000000000178, -16.23288003029474069, -33.80338159004302412 ) ) ;
#591 = LINE ( 'NONE', #4815, #6933 ) ;
#592 = CARTESIAN_POINT ( 'NONE',  ( 0.000000000000000000, -16.31134495048478072, -6.336799421339980753 ) ) ;
#593 = ORIENTED_EDGE ( 'NONE', *, *, #6395, .T. ) ;
#594 = ORIENTED_EDGE ( 'NONE', *, *, #5054, .T. ) ;
#595 = EDGE_LOOP ( 'NONE', ( #6436, #8863, #6790, #7178 ) ) ;
#596 = ORIENTED_EDGE ( 'NONE', *, *, #231, .F. ) ;
#597 = ORIENTED_EDGE ( 'NONE', *, *, #7306, .F. ) ;
#598 = LINE ( 'NONE', #7520, #2828 ) ;
#599 = DIRECTION ( 'NONE',  ( 0.000000000000000000, 1.000000000000000000, 3.491481338843133355E-15 ) ) ;
#600 = CARTESIAN_POINT ( 'NONE',  ( 0.000000000000000000, 41.91543099594818500, 2.663952781846288254 ) ) ;
#601 = DIRECTION ( 'NONE',  ( 0.000000000000000000, -0.7071067811865536790, 0.7071067811865414665 ) ) ;
#602 = VERTEX_POINT ( 'NONE', #1720 ) ;
#603 = ADVANCED_FACE ( 'NONE', ( #928 ), #3190, .T. ) ;
#604 = VERTEX_POINT ( 'NONE', #7208 ) ;
#605 = VECTOR ( 'NONE', #887, 1000.000000000000000 ) ;
#606 = DIRECTION ( 'NONE',  ( -1.000000000000000000, -0.000000000000000000, -0.000000000000000000 ) ) ;
#607 = EDGE_CURVE ( 'NONE', #6465, #8510, #6619, .T. ) ;
#608 = CARTESIAN_POINT ( 'NONE',  ( 7.500000000000002665, -15.48615015657610527, 39.04073710021339139 ) ) ;
#609 = CARTESIAN_POINT ( 'NONE',  ( 15.00000000000000178, 6.336799421339810223, 16.31134495048485178 ) ) ;
#610 = DIRECTION ( 'NONE',  ( -1.000000000000000000, 0.000000000000000000, -0.000000000000000000 ) ) ;
#611 = CYLINDRICAL_SURFACE ( 'NONE', #2273, 8.000000000000003553 ) ;
#612 = EDGE_CURVE ( 'NONE', #4353, #3722, #3148, .T. ) ;
#613 = VERTEX_POINT ( 'NONE', #3058 ) ;
#614 = CARTESIAN_POINT ( 'NONE',  ( 0.000000000000000000, 3.384281271888070375, -18.48663108841353164 ) ) ;
#615 = CARTESIAN_POINT ( 'NONE',  ( 0.000000000000000000, -37.48860685352292421, 0.8828120875899240216 ) ) ;
#616 = AXIS2_PLACEMENT_3D ( 'NONE', #5735, #7018, #2753 ) ;
#617 = AXIS2_PLACEMENT_3D ( 'NONE', #7193, #3131, #7285 ) ;
#618 = DIRECTION ( 'NONE',  ( 0.000000000000000000, 0.9510565162951544194, -0.3090169943749447312 ) ) ;
#619 = AXIS2_PLACEMENT_3D ( 'NONE', #5877, #8735, #3085 ) ;
#620 = AXIS2_PLACEMENT_3D ( 'NONE', #4853, #3690, #8955 ) ;
#621 = EDGE_LOOP ( 'NONE', ( #5092, #3464, #4445, #7986 ) ) ;
#622 = ORIENTED_EDGE ( 'NONE', *, *, #3475, .T. ) ;
#623 = DIRECTION ( 'NONE',  ( 0.000000000000000000, 0.000000000000000000, 1.000000000000000000 ) ) ;
#624 = DIRECTION ( 'NONE',  ( 0.000000000000000000, 1.000000000000000000, 3.469446951953614189E-15 ) ) ;
#625 = CARTESIAN_POINT ( 'NONE',  ( 15.00000000000000178, -37.58145647212454321, 0.6853352020789114096 ) ) ;
#626 = LINE ( 'NONE', #3609, #2683 ) ;
#627 = AXIS2_PLACEMENT_3D ( 'NONE', #7416, #1926, #4727 ) ;
#628 = FACE_OUTER_BOUND ( 'NONE', #2840, .T. ) ;
#629 = CARTESIAN_POINT ( 'NONE',  ( 0.000000000000000000, 27.05870788708267938, -26.08949754952995193 ) ) ;
#630 = AXIS2_PLACEMENT_3D ( 'NONE', #2835, #5089, #7875 ) ;
#631 = LINE ( 'NONE', #2017, #5338 ) ;
#632 = CARTESIAN_POINT ( 'NONE',  ( 15.00000000000000178, -37.16516213103280819, 4.992566952384871470 ) ) ;
#633 = CIRCLE ( 'NONE', #5767, 37.49900000000001654 ) ;
#634 = VERTEX_POINT ( 'NONE', #3737 ) ;
#635 = ORIENTED_EDGE ( 'NONE', *, *, #3359, .T. ) ;
#636 = CIRCLE ( 'NONE', #5041, 21.99999999999999645 ) ;
#637 = EDGE_LOOP ( 'NONE', ( #4240, #8571, #5910, #4778 ) ) ;
#638 = ORIENTED_EDGE ( 'NONE', *, *, #8525, .T. ) ;
#639 = EDGE_LOOP ( 'NONE', ( #3491, #3336, #7760, #8189 ) ) ;
#640 = AXIS2_PLACEMENT_3D ( 'NONE', #735, #7061, #3583 ) ;
#641 = EDGE_CURVE ( 'NONE', #3318, #7279, #8079, .T. ) ;
#642 = AXIS2_PLACEMENT_3D ( 'NONE', #5802, #4294, #6312 ) ;
#643 = CARTESIAN_POINT ( 'NONE',  ( 0.000000000000000000, 18.48663108841357072, -3.384281271887880749 ) ) ;
#644 = UNCERTAINTY_MEASURE_WITH_UNIT (LENGTH_MEASURE( 1.000000000000000082E-05 ), #5379, 'distance_accuracy_value', 'NONE');
#645 = CYLINDRICAL_SURFACE ( 'NONE', #1262, 16.00000000000000000 ) ;
#646 = CARTESIAN_POINT ( 'NONE',  ( 15.00000000000000178, -13.60411018104308667, -12.96676809804161756 ) ) ;
#647 = DIRECTION ( 'NONE',  ( -1.000000000000000000, 0.000000000000000000, -0.000000000000000000 ) ) ;
#648 = DIRECTION ( 'NONE',  ( -1.000000000000000000, 0.000000000000000000, 0.000000000000000000 ) ) ;
#649 = CIRCLE ( 'NONE', #7817, 8.000000000000001776 ) ;
#650 = AXIS2_PLACEMENT_3D ( 'NONE', #4664, #3329, #7438 ) ;
#651 = EDGE_CURVE ( 'NONE', #533, #2075, #8173, .T. ) ;
#652 = ORIENTED_EDGE ( 'NONE', *, *, #2409, .T. ) ;
#653 = ORIENTED_EDGE ( 'NONE', *, *, #390, .T. ) ;
#654 = DIRECTION ( 'NONE',  ( 0.000000000000000000, 0.000000000000000000, 1.000000000000000000 ) ) ;
#655 = CYLINDRICAL_SURFACE ( 'NONE', #3139, 42.00000000000000000 ) ;
#656 = CARTESIAN_POINT ( 'NONE',  ( 0.000000000000000000, -18.48663108841354230, -3.384281271888015752 ) ) ;
#657 = EDGE_CURVE ( 'NONE', #6719, #4226, #5842, .T. ) ;
#658 = CARTESIAN_POINT ( 'NONE',  ( 0.000000000000000000, 35.38097989696513679, 12.42422080174650389 ) ) ;
#659 = CARTESIAN_POINT ( 'NONE',  ( 15.00000000000000178, -10.74501242461259309, -35.92658777277522120 ) ) ;
#660 = ORIENTED_EDGE ( 'NONE', *, *, #3966, .T. ) ;
#661 = EDGE_CURVE ( 'NONE', #1181, #2920, #4563, .T. ) ;
#662 = VERTEX_POINT ( 'NONE', #7904 ) ;
#663 = VECTOR ( 'NONE', #6174, 1000.000000000000000 ) ;
#664 = DIRECTION ( 'NONE',  ( 0.000000000000000000, 0.000000000000000000, 1.000000000000000000 ) ) ;
#665 = EDGE_CURVE ( 'NONE', #310, #5289, #6575, .T. ) ;
#666 = CARTESIAN_POINT ( 'NONE',  ( 15.00000000000000178, 0.000000000000000000, 0.000000000000000000 ) ) ;
#667 = ADVANCED_FACE ( 'NONE', ( #256 ), #394, .T. ) ;
#668 = DIRECTION ( 'NONE',  ( -1.000000000000000000, 0.000000000000000000, -0.000000000000000000 ) ) ;
#669 = DIRECTION ( 'NONE',  ( 1.000000000000000000, 0.000000000000000000, 0.000000000000000000 ) ) ;
#670 = CIRCLE ( 'NONE', #5659, 37.49900000000000944 ) ;
#671 = EDGE_CURVE ( 'NONE', #5157, #3023, #4676, .T. ) ;
#672 = EDGE_LOOP ( 'NONE', ( #4110, #1161, #8745, #3808 ) ) ;
#673 = ORIENTED_EDGE ( 'NONE', *, *, #5554, .T. ) ;
#674 = ORIENTED_EDGE ( 'NONE', *, *, #7495, .F. ) ;
#675 = CARTESIAN_POINT ( 'NONE',  ( 0.000000000000000000, 17.67226234102874827, -33.17418723428287564 ) ) ;
#676 = ADVANCED_FACE ( 'NONE', ( #1025 ), #3014, .T. ) ;
#677 = AXIS2_PLACEMENT_3D ( 'NONE', #2433, #8739, #3770 ) ;
#678 = DIRECTION ( 'NONE',  ( -1.000000000000000000, 0.000000000000000000, 0.000000000000000000 ) ) ;
#679 = DIRECTION ( 'NONE',  ( 0.000000000000000000, -6.982962677686266711E-15, 1.000000000000000000 ) ) ;
#680 = DIRECTION ( 'NONE',  ( 0.000000000000000000, -6.982962677686267499E-15, 1.000000000000000000 ) ) ;
#681 = CARTESIAN_POINT ( 'NONE',  ( 0.000000000000000000, 0.000000000000000000, 0.000000000000000000 ) ) ;
#682 = CYLINDRICAL_SURFACE ( 'NONE', #1611, 16.00000000000000000 ) ;
#683 = CIRCLE ( 'NONE', #1716, 15.99999999999999822 ) ;
#684 = ORIENTED_EDGE ( 'NONE', *, *, #6642, .T. ) ;
#685 = ORIENTED_EDGE ( 'NONE', *, *, #8408, .T. ) ;
#686 = VERTEX_POINT ( 'NONE', #1676 ) ;
#687 = ORIENTED_EDGE ( 'NONE', *, *, #1564, .T. ) ;
#688 = ORIENTED_EDGE ( 'NONE', *, *, #3637, .F. ) ;
#689 = ADVANCED_FACE ( 'NONE', ( #301 ), #3107, .T. ) ;
#690 = AXIS2_PLACEMENT_3D ( 'NONE', #7771, #5813, #5680 ) ;
#691 = DIRECTION ( 'NONE',  ( 0.000000000000000000, 0.000000000000000000, 1.000000000000000000 ) ) ;
#692 = DIRECTION ( 'NONE',  ( 0.000000000000000000, 0.000000000000000000, 1.000000000000000000 ) ) ;
#693 = DIRECTION ( 'NONE',  ( -1.000000000000000000, -0.000000000000000000, 0.000000000000000000 ) ) ;
#694 = DIRECTION ( 'NONE',  ( -1.000000000000000000, -0.000000000000000000, -0.000000000000000000 ) ) ;
#695 = CARTESIAN_POINT ( 'NONE',  ( 15.00000000000000178, -17.47118961583600338, 0.9861715913087071295 ) ) ;
#696 = DIRECTION ( 'NONE',  ( 0.000000000000000000, 0.9510565162951544194, -0.3090169943749446757 ) ) ;
#697 = EDGE_CURVE ( 'NONE', #7984, #8923, #4513, .T. ) ;
#698 = SHAPE_REPRESENTATION ( 'ISO standard Spur Gear Drive (2-1 ratio)', ( #1956, #7509, #6057 ), #775 ) ;
#699 = ORIENTED_EDGE ( 'NONE', *, *, #7111, .F. ) ;
#700 = EDGE_CURVE ( 'NONE', #2031, #6853, #985, .T. ) ;
#701 = EDGE_LOOP ( 'NONE', ( #2372, #8857, #5732, #8411 ) ) ;
#702 = EDGE_CURVE ( 'NONE', #6220, #1181, #1722, .T. ) ;
#703 = DIRECTION ( 'NONE',  ( -1.000000000000000000, -0.000000000000000000, -0.000000000000000000 ) ) ;
#704 = SHAPE_DEFINITION_REPRESENTATION ( #1322, #110 ) ;
#705 = LINE ( 'NONE', #9024, #7003 ) ;
#706 = ADVANCED_FACE ( 'NONE', ( #2484 ), #2442, .T. ) ;
#707 = CARTESIAN_POINT ( 'NONE',  ( 15.00000000000000178, -30.80686688396994910, -21.53537804866112992 ) ) ;
#708 = CYLINDRICAL_SURFACE ( 'NONE', #2583, 16.00000000000000000 ) ;
#709 = VECTOR ( 'NONE', #1119, 1000.000000000000000 ) ;
#710 = ORIENTED_EDGE ( 'NONE', *, *, #451, .F. ) ;
#711 = ORIENTED_EDGE ( 'NONE', *, *, #4499, .T. ) ;
#712 = DIRECTION ( 'NONE',  ( -1.000000000000000000, 0.000000000000000000, 0.000000000000000000 ) ) ;
#713 = CARTESIAN_POINT ( 'NONE',  ( 7.500000000000002665, -19.35373470438974408, -10.46102064772361118 ) ) ;
#714 = FACE_OUTER_BOUND ( 'NONE', #3967, .T. ) ;
#715 = CARTESIAN_POINT ( 'NONE',  ( 15.00000000000000178, 0.000000000000000000, 0.000000000000000000 ) ) ;
#716 = ORIENTED_EDGE ( 'NONE', *, *, #3421, .T. ) ;
#717 = ORIENTED_EDGE ( 'NONE', *, *, #6780, .T. ) ;
#718 = DIRECTION ( 'NONE',  ( 0.000000000000000000, 0.1564344650402311743, -0.9876883405951377704 ) ) ;
#719 = DIRECTION ( 'NONE',  ( 0.000000000000000000, 0.000000000000000000, 1.000000000000000000 ) ) ;
#720 = AXIS2_PLACEMENT_3D ( 'NONE', #1668, #1801, #3224 ) ;
#721 = DIRECTION ( 'NONE',  ( 0.000000000000000000, 0.000000000000000000, 1.000000000000000000 ) ) ;
#722 = LINE ( 'NONE', #2191, #4890 ) ;
#723 = EDGE_CURVE ( 'NONE', #3301, #1434, #1426, .T. ) ;
#724 = CARTESIAN_POINT ( 'NONE',  ( 15.00000000000000178, 18.48663108841352098, 3.384281271888135656 ) ) ;
#725 = DIRECTION ( 'NONE',  ( 0.000000000000000000, 0.000000000000000000, 1.000000000000000000 ) ) ;
#726 = EDGE_LOOP ( 'NONE', ( #8259, #7362, #1435, #8058 ) ) ;
#727 = AXIS2_PLACEMENT_3D ( 'NONE', #2135, #7038, #7857 ) ;
#728 = ADVANCED_FACE ( 'NONE', ( #7938 ), #972, .T. ) ;
#729 = ORIENTED_EDGE ( 'NONE', *, *, #3954, .F. ) ;
#730 = ORIENTED_EDGE ( 'NONE', *, *, #389, .T. ) ;
#731 = ORIENTED_EDGE ( 'NONE', *, *, #8260, .F. ) ;
#732 = VERTEX_POINT ( 'NONE', #295 ) ;
#733 = DIRECTION ( 'NONE',  ( 0.000000000000000000, 0.000000000000000000, 1.000000000000000000 ) ) ;
#734 = DIRECTION ( 'NONE',  ( 0.000000000000000000, 0.000000000000000000, 1.000000000000000000 ) ) ;
#735 = CARTESIAN_POINT ( 'NONE',  ( 0.000000000000000000, 0.000000000000000000, 0.000000000000000000 ) ) ;
#736 = CARTESIAN_POINT ( 'NONE',  ( 15.00000000000000178, -16.53603053422212810, 8.931325931664536810 ) ) ;
#737 = CARTESIAN_POINT ( 'NONE',  ( 15.00000000000000178, 2.494040418455619523, -18.62763138773847871 ) ) ;
#738 = DIRECTION ( 'NONE',  ( 0.000000000000000000, 0.000000000000000000, 1.000000000000000000 ) ) ;
#739 = AXIS2_PLACEMENT_3D ( 'NONE', #781, #7062, #3584 ) ;
#740 = ORIENTED_EDGE ( 'NONE', *, *, #9049, .T. ) ;
#741 = ORIENTED_EDGE ( 'NONE', *, *, #951, .F. ) ;
#742 = CARTESIAN_POINT ( 'NONE',  ( 15.00000000000000178, 0.000000000000000000, 0.000000000000000000 ) ) ;
#743 = DIRECTION ( 'NONE',  ( -1.000000000000000000, 0.000000000000000000, 0.000000000000000000 ) ) ;
#744 = CYLINDRICAL_SURFACE ( 'NONE', #1867, 16.00000000000000000 ) ;
#745 = DIRECTION ( 'NONE',  ( 1.000000000000000000, 0.000000000000000000, 0.000000000000000000 ) ) ;
#746 = ORIENTED_EDGE ( 'NONE', *, *, #6491, .T. ) ;
#747 = ORIENTED_EDGE ( 'NONE', *, *, #6223, .T. ) ;
#748 = CARTESIAN_POINT ( 'NONE',  ( 15.00000000000000178, -4.992566952384726697, -37.16516213103283661 ) ) ;
#749 = LINE ( 'NONE', #2955, #496 ) ;
#750 = CARTESIAN_POINT ( 'NONE',  ( 0.000000000000000000, -26.08949754953005140, -27.05870788708259056 ) ) ;
#751 = CARTESIAN_POINT ( 'NONE',  ( 15.00000000000000178, 0.000000000000000000, 0.000000000000000000 ) ) ;
#752 = ADVANCED_FACE ( 'NONE', ( #2395 ), #7295, .T. ) ;
#753 = VERTEX_POINT ( 'NONE', #335 ) ;
#754 = ORIENTED_EDGE ( 'NONE', *, *, #671, .F. ) ;
#755 = DIRECTION ( 'NONE',  ( 0.000000000000000000, 1.000000000000000000, 3.469446951953614189E-15 ) ) ;
#756 = AXIS2_PLACEMENT_3D ( 'NONE', #2203, #3171, #5876 ) ;
#757 = DIRECTION ( 'NONE',  ( -1.000000000000000000, -0.000000000000000000, -0.000000000000000000 ) ) ;
#758 = DIRECTION ( 'NONE',  ( -1.000000000000000000, -0.000000000000000000, 0.000000000000000000 ) ) ;
#759 = EDGE_CURVE ( 'NONE', #3032, #4227, #8032, .T. ) ;
#760 = AXIS2_PLACEMENT_3D ( 'NONE', #8021, #5191, #1788 ) ;
#761 = EDGE_CURVE ( 'NONE', #1614, #7078, #2106, .T. ) ;
#762 = DIRECTION ( 'NONE',  ( -1.000000000000000000, -0.000000000000000000, 0.000000000000000000 ) ) ;
#763 = CARTESIAN_POINT ( 'NONE',  ( 15.00000000000000178, 37.22597642581158084, -5.202137450156516962 ) ) ;
#764 = VERTEX_POINT ( 'NONE', #4953 ) ;
#765 = AXIS2_PLACEMENT_3D ( 'NONE', #6777, #4037, #5415 ) ;
#766 = CARTESIAN_POINT ( 'NONE',  ( 15.00000000000000178, -18.62763138773852489, 10.49404041845528823 ) ) ;
#767 = AXIS2_PLACEMENT_3D ( 'NONE', #7375, #4646, #550 ) ;
#768 = ORIENTED_EDGE ( 'NONE', *, *, #6165, .F. ) ;
#769 = ORIENTED_EDGE ( 'NONE', *, *, #7819, .F. ) ;
#770 = ORIENTED_EDGE ( 'NONE', *, *, #2861, .F. ) ;
#771 = ADVANCED_FACE ( 'NONE', ( #6374 ), #1421, .T. ) ;
#772 = ORIENTED_EDGE ( 'NONE', *, *, #6138, .F. ) ;
#773 = CIRCLE ( 'NONE', #8670, 37.49900000000000944 ) ;
#774 = EDGE_CURVE ( 'NONE', #234, #4613, #3337, .T. ) ;
#775 =( GEOMETRIC_REPRESENTATION_CONTEXT ( 3 ) GLOBAL_UNCERTAINTY_ASSIGNED_CONTEXT ( ( #2754 ) ) GLOBAL_UNIT_ASSIGNED_CONTEXT ( ( #7850, #5706, #3681 ) ) REPRESENTATION_CONTEXT ( 'NONE', 'WORKASPACE' ) );
#776 = FACE_OUTER_BOUND ( 'NONE', #6378, .T. ) ;
#777 = CARTESIAN_POINT ( 'NONE',  ( -10.00000000000000000, 0.000000000000000000, 0.000000000000000000 ) ) ;
#778 = AXIS2_PLACEMENT_3D ( 'NONE', #2882, #2418, #8094 ) ;
#779 = CARTESIAN_POINT ( 'NONE',  ( 15.00000000000000178, -39.04073710021356192, 15.48615015657567184 ) ) ;
#780 = CIRCLE ( 'NONE', #6062, 37.49900000000001654 ) ;
#781 = CARTESIAN_POINT ( 'NONE',  ( 15.00000000000000178, 0.000000000000000000, 0.000000000000000000 ) ) ;
#782 = CARTESIAN_POINT ( 'NONE',  ( 7.500000000000002665, 41.81611651403867569, -3.925862922255721976 ) ) ;
#783 = CARTESIAN_POINT ( 'NONE',  ( 0.000000000000000000, -37.22597642581153821, -5.202137450156789633 ) ) ;
#784 = VERTEX_POINT ( 'NONE', #6043 ) ;
#785 = CIRCLE ( 'NONE', #8248, 42.00000000000000000 ) ;
#786 = AXIS2_PLACEMENT_3D ( 'NONE', #2277, #5724, #8498 ) ;
#787 = CIRCLE ( 'NONE', #204, 15.99999999999999822 ) ;
#788 = ORIENTED_EDGE ( 'NONE', *, *, #5890, .T. ) ;
#789 = EDGE_CURVE ( 'NONE', #4000, #6329, #7230, .T. ) ;
#790 = FACE_OUTER_BOUND ( 'NONE', #8508, .T. ) ;
#791 = CARTESIAN_POINT ( 'NONE',  ( 0.000000000000000000, 0.000000000000000000, 0.000000000000000000 ) ) ;
#792 = CARTESIAN_POINT ( 'NONE',  ( 15.00000000000000178, 16.23288003029544413, -33.80338159004267595 ) ) ;
#793 = CARTESIAN_POINT ( 'NONE',  ( 0.000000000000000000, 6.336799421340037597, -16.31134495048475941 ) ) ;
#794 = CIRCLE ( 'NONE', #5930, 15.99999999999999822 ) ;
#795 = ORIENTED_EDGE ( 'NONE', *, *, #7553, .T. ) ;
#796 = EDGE_LOOP ( 'NONE', ( #6875, #6835, #4303, #3759 ) ) ;
#797 = DIRECTION ( 'NONE',  ( -1.000000000000000000, 0.000000000000000000, 0.000000000000000000 ) ) ;
#798 = DIRECTION ( 'NONE',  ( -1.000000000000000000, -0.000000000000000000, -0.000000000000000000 ) ) ;
#799 = DIRECTION ( 'NONE',  ( 0.000000000000000000, 0.000000000000000000, 1.000000000000000000 ) ) ;
#800 = DIRECTION ( 'NONE',  ( 0.000000000000000000, 0.000000000000000000, -1.000000000000000000 ) ) ;
#801 = DIRECTION ( 'NONE',  ( -1.000000000000000000, -0.000000000000000000, 0.000000000000000000 ) ) ;
#802 = VECTOR ( 'NONE', #1634, 1000.000000000000000 ) ;
#803 = EDGE_LOOP ( 'NONE', ( #2040, #8743, #1108, #2219 ) ) ;
#804 = VERTEX_POINT ( 'NONE', #5662 ) ;
#805 = ADVANCED_FACE ( 'NONE', ( #3548 ), #6348, .T. ) ;
#806 = DIRECTION ( 'NONE',  ( -1.000000000000000000, 0.000000000000000000, -0.000000000000000000 ) ) ;
#807 = DIRECTION ( 'NONE',  ( 1.000000000000000000, 0.000000000000000000, 0.000000000000000000 ) ) ;
#808 = EDGE_CURVE ( 'NONE', #3531, #2931, #3821, .T. ) ;
#809 = CARTESIAN_POINT ( 'NONE',  ( 15.00000000000000178, 0.000000000000000000, 0.000000000000000000 ) ) ;
#810 = EDGE_CURVE ( 'NONE', #3629, #330, #6924, .T. ) ;
#811 = ADVANCED_FACE ( 'NONE', ( #4656 ), #4093, .T. ) ;
#812 = DIRECTION ( 'NONE',  ( -1.000000000000000000, 0.000000000000000000, 0.000000000000000000 ) ) ;
#813 = CARTESIAN_POINT ( 'NONE',  ( 0.000000000000000000, 22.64427369931169665, 30.00120703465212912 ) ) ;
#814 = ORIENTED_EDGE ( 'NONE', *, *, #537, .F. ) ;
#815 = AXIS2_PLACEMENT_3D ( 'NONE', #4052, #2526, #6840 ) ;
#816 = ORIENTED_EDGE ( 'NONE', *, *, #4884, .F. ) ;
#817 = EDGE_LOOP ( 'NONE', ( #4850, #4365, #497, #1243 ) ) ;
#818 = EDGE_LOOP ( 'NONE', ( #5777, #1371, #5685, #8902 ) ) ;
#819 = CIRCLE ( 'NONE', #3179, 37.49900000000001654 ) ;
#820 = EDGE_LOOP ( 'NONE', ( #3206, #4091, #6166, #6520 ) ) ;
#821 = CARTESIAN_POINT ( 'NONE',  ( 0.000000000000000000, 41.91543099594818500, -2.663952781846288254 ) ) ;
#822 = CYLINDRICAL_SURFACE ( 'NONE', #8316, 42.00000000000000000 ) ;
#823 = VECTOR ( 'NONE', #7296, 1000.000000000000000 ) ;
#824 = CARTESIAN_POINT ( 'NONE',  ( 0.000000000000000000, -14.71414642875961221, 9.471478019455089381 ) ) ;
#825 = CYLINDRICAL_SURFACE ( 'NONE', #5290, 8.000000000000001776 ) ;
#826 = DIRECTION ( 'NONE',  ( 0.000000000000000000, 0.000000000000000000, 1.000000000000000000 ) ) ;
#827 = CARTESIAN_POINT ( 'NONE',  ( 0.000000000000000000, -40.68715046381921496, -10.41901085202122168 ) ) ;
#828 = EDGE_LOOP ( 'NONE', ( #6412, #6182, #3588, #4967 ) ) ;
#829 = CIRCLE ( 'NONE', #3474, 8.000000000000001776 ) ;
#830 = ORIENTED_EDGE ( 'NONE', *, *, #7825, .F. ) ;
#831 = DIRECTION ( 'NONE',  ( -1.000000000000000000, 0.000000000000000000, 0.000000000000000000 ) ) ;
#832 = DIRECTION ( 'NONE',  ( 1.970329575051935435E-16, -1.213429969368713896E-16, -1.000000000000000000 ) ) ;
#833 = DIRECTION ( 'NONE',  ( -1.000000000000000000, -0.000000000000000000, 0.000000000000000000 ) ) ;
#834 = DIRECTION ( 'NONE',  ( 1.000000000000000000, -0.000000000000000000, 0.000000000000000000 ) ) ;
#835 = ADVANCED_FACE ( 'NONE', ( #517 ), #8295, .T. ) ;
#836 = DIRECTION ( 'NONE',  ( -1.000000000000000000, 0.000000000000000000, -0.000000000000000000 ) ) ;
#837 = ORIENTED_EDGE ( 'NONE', *, *, #7035, .T. ) ;
#838 = ADVANCED_FACE ( 'NONE', ( #1246 ), #5389, .T. ) ;
#839 = VERTEX_POINT ( 'NONE', #2625 ) ;
#840 = CYLINDRICAL_SURFACE ( 'NONE', #7754, 8.000000000000001776 ) ;
#841 = FACE_OUTER_BOUND ( 'NONE', #77, .T. ) ;
#842 = DIRECTION ( 'NONE',  ( 0.000000000000000000, 0.9876883405951372152, 0.1564344650402346160 ) ) ;
#843 = DIRECTION ( 'NONE',  ( 0.000000000000000000, -0.8090169943749531134, 0.5877852522924653655 ) ) ;
#844 = CARTESIAN_POINT ( 'NONE',  ( 15.00000000000000178, 0.000000000000000000, 0.000000000000000000 ) ) ;
#845 = CIRCLE ( 'NONE', #8885, 37.49900000000000944 ) ;
#846 = ORIENTED_EDGE ( 'NONE', *, *, #1450, .F. ) ;
#847 = VERTEX_POINT ( 'NONE', #4784 ) ;
#848 = CARTESIAN_POINT ( 'NONE',  ( 15.00000000000000178, 40.98264845739749518, 9.188173127307441845 ) ) ;
#849 = CARTESIAN_POINT ( 'NONE',  ( 7.500000000000002665, 32.34446384429971744, 26.79245525562725305 ) ) ;
#850 = EDGE_CURVE ( 'NONE', #5875, #8464, #5431, .T. ) ;
#851 = DIRECTION ( 'NONE',  ( 0.000000000000000000, 0.8090169943749487835, -0.5877852522924713607 ) ) ;
#852 = CARTESIAN_POINT ( 'NONE',  ( 15.00000000000000178, -22.64427369931191691, 30.00120703465196570 ) ) ;
#853 = CARTESIAN_POINT ( 'NONE',  ( 15.00000000000000178, 2.494040418455619523, -18.62763138773847871 ) ) ;
#854 = VERTEX_POINT ( 'NONE', #8207 ) ;
#855 = AXIS2_PLACEMENT_3D ( 'NONE', #3581, #8467, #2114 ) ;
#856 = ORIENTED_EDGE ( 'NONE', *, *, #8759, .T. ) ;
#857 = AXIS2_PLACEMENT_3D ( 'NONE', #334, #7337, #1060 ) ;
#858 = ORIENTED_EDGE ( 'NONE', *, *, #3477, .T. ) ;
#859 = ORIENTED_EDGE ( 'NONE', *, *, #8366, .F. ) ;
#860 = EDGE_LOOP ( 'NONE', ( #941, #4198, #3263, #6017 ) ) ;
#861 = CIRCLE ( 'NONE', #2043, 8.000000000000001776 ) ;
#862 = DIRECTION ( 'NONE',  ( 0.000000000000000000, 0.000000000000000000, 1.000000000000000000 ) ) ;
#863 = DIRECTION ( 'NONE',  ( 0.000000000000000000, 0.000000000000000000, 1.000000000000000000 ) ) ;
#864 = CARTESIAN_POINT ( 'NONE',  ( 15.00000000000000178, -10.41901085202051469, -40.68715046381939970 ) ) ;
#865 = CARTESIAN_POINT ( 'NONE',  ( 15.00000000000000178, -16.31134495048487310, 6.336799421339747163 ) ) ;
#866 = CIRCLE ( 'NONE', #142, 8.000000000000000000 ) ;
#867 = CARTESIAN_POINT ( 'NONE',  ( 7.500000000000002665, 31.52238457039599595, 27.75498641678754197 ) ) ;
#868 = CARTESIAN_POINT ( 'NONE',  ( 15.00000000000000178, -16.65560815589439869, 38.55633173627003885 ) ) ;
#869 =( REPRESENTATION_RELATIONSHIP ('NONE','NONE', #698, #6961 ) REPRESENTATION_RELATIONSHIP_WITH_TRANSFORMATION ( #1439 )SHAPE_REPRESENTATION_RELATIONSHIP( ) );
#870 = ADVANCED_FACE ( 'NONE', ( #1938 ), #6199, .T. ) ;
#871 = CIRCLE ( 'NONE', #3094, 16.00000000000000000 ) ;
#872 = ORIENTED_EDGE ( 'NONE', *, *, #7195, .T. ) ;
#873 = VERTEX_POINT ( 'NONE', #6115 ) ;
#874 = EDGE_LOOP ( 'NONE', ( #68, #4305, #159, #3552 ) ) ;
#875 = CARTESIAN_POINT ( 'NONE',  ( 15.00000000000000178, 0.8828120875905738352, -37.48860685352291000 ) ) ;
#876 = VECTOR ( 'NONE', #3537, 1000.000000000000000 ) ;
#877 = DIRECTION ( 'NONE',  ( 1.000000000000000000, -0.000000000000000000, -0.000000000000000000 ) ) ;
#878 = FACE_OUTER_BOUND ( 'NONE', #8212, .T. ) ;
#879 = CARTESIAN_POINT ( 'NONE',  ( 15.00000000000000178, 15.48615015657581218, 39.04073710021350507 ) ) ;
#880 = EDGE_CURVE ( 'NONE', #4514, #7200, #3961, .T. ) ;
#881 = EDGE_LOOP ( 'NONE', ( #2074, #41, #2364, #1038 ) ) ;
#882 = VERTEX_POINT ( 'NONE', #2026 ) ;
#883 = ADVANCED_FACE ( 'NONE', ( #5341 ), #645, .T. ) ;
#884 = CARTESIAN_POINT ( 'NONE',  ( 0.000000000000000000, 0.000000000000000000, 0.000000000000000000 ) ) ;
#885 = CARTESIAN_POINT ( 'NONE',  ( 15.00000000000000178, 21.63912866391142131, -3.968388925834585912 ) ) ;
#886 = CARTESIAN_POINT ( 'NONE',  ( 0.000000000000000000, 16.45098606841125743, 33.79645857604518966 ) ) ;
#887 = DIRECTION ( 'NONE',  ( -1.000000000000000000, 0.000000000000000000, 0.000000000000000000 ) ) ;
#888 = EDGE_CURVE ( 'NONE', #4662, #2794, #2873, .T. ) ;
#889 = DIRECTION ( 'NONE',  ( 0.000000000000000000, 0.000000000000000000, 1.000000000000000000 ) ) ;
#890 = CYLINDRICAL_SURFACE ( 'NONE', #8523, 17.49900000000000233 ) ;
#891 = ORIENTED_EDGE ( 'NONE', *, *, #8774, .F. ) ;
#892 = ORIENTED_EDGE ( 'NONE', *, *, #5640, .F. ) ;
#893 = FACE_OUTER_BOUND ( 'NONE', #4530, .T. ) ;
#894 = FACE_OUTER_BOUND ( 'NONE', #3651, .T. ) ;
#895 = EDGE_CURVE ( 'NONE', #5668, #5410, #1997, .T. ) ;
#896 = VECTOR ( 'NONE', #3235, 1000.000000000000000 ) ;
#897 = CARTESIAN_POINT ( 'NONE',  ( 15.00000000000000178, -18.62763138773852489, 10.49404041845528823 ) ) ;
#898 = DIRECTION ( 'NONE',  ( 0.000000000000000000, 0.7071067811865487940, -0.7071067811865462405 ) ) ;
#899 = DIRECTION ( 'NONE',  ( -1.000000000000000000, 0.000000000000000000, 0.000000000000000000 ) ) ;
#900 = VERTEX_POINT ( 'NONE', #8973 ) ;
#901 = ORIENTED_EDGE ( 'NONE', *, *, #978, .T. ) ;
#902 = VERTEX_POINT ( 'NONE', #3361 ) ;
#903 = ORIENTED_EDGE ( 'NONE', *, *, #5936, .T. ) ;
#904 = DIRECTION ( 'NONE',  ( 0.000000000000000000, 0.000000000000000000, -1.000000000000000000 ) ) ;
#905 = CARTESIAN_POINT ( 'NONE',  ( 0.000000000000000000, -22.64427369931148348, -30.00120703465229255 ) ) ;
#906 = CYLINDRICAL_SURFACE ( 'NONE', #2039, 21.99999999999999289 ) ;
#907 = CARTESIAN_POINT ( 'NONE',  ( 15.00000000000000178, -25.88420570971420531, 27.13269053701087330 ) ) ;
#908 = CIRCLE ( 'NONE', #765, 16.00000000000000000 ) ;
#909 = AXIS2_PLACEMENT_3D ( 'NONE', #1703, #3717, #2991 ) ;
#910 = CARTESIAN_POINT ( 'NONE',  ( 15.00000000000000178, -3.384281271887947362, 18.48663108841355651 ) ) ;
#911 = DIRECTION ( 'NONE',  ( -1.000000000000000000, -0.000000000000000000, 0.000000000000000000 ) ) ;
#912 = VERTEX_POINT ( 'NONE', #8252 ) ;
#913 = EDGE_CURVE ( 'NONE', #5074, #3265, #6387, .T. ) ;
#914 = AXIS2_PLACEMENT_3D ( 'NONE', #6672, #6538, #396 ) ;
#915 = ORIENTED_EDGE ( 'NONE', *, *, #939, .F. ) ;
#916 = AXIS2_PLACEMENT_3D ( 'NONE', #2798, #6292, #4133 ) ;
#917 = CARTESIAN_POINT ( 'NONE',  ( 15.00000000000000178, 26.08949754953061984, -27.05870788708204344 ) ) ;
#918 = CARTESIAN_POINT ( 'NONE',  ( 0.000000000000000000, -3.384281271887683573, -18.48663108841360270 ) ) ;
#919 = LINE ( 'NONE', #3731, #273 ) ;
#920 = CIRCLE ( 'NONE', #4743, 16.00000000000000000 ) ;
#921 = CARTESIAN_POINT ( 'NONE',  ( 15.00000000000000178, 29.81001611431010190, 22.74946021919143035 ) ) ;
#922 = DIRECTION ( 'NONE',  ( -1.000000000000000000, -0.000000000000000000, -0.000000000000000000 ) ) ;
#923 = EDGE_CURVE ( 'NONE', #6900, #1820, #7545, .T. ) ;
#924 = AXIS2_PLACEMENT_3D ( 'NONE', #7107, #4233, #2848 ) ;
#925 = AXIS2_PLACEMENT_3D ( 'NONE', #1767, #5301, #5161 ) ;
#926 = ORIENTED_EDGE ( 'NONE', *, *, #7991, .F. ) ;
#927 = AXIS2_PLACEMENT_3D ( 'NONE', #7788, #3538, #3672 ) ;
#928 = FACE_OUTER_BOUND ( 'NONE', #7101, .T. ) ;
#929 = CARTESIAN_POINT ( 'NONE',  ( 15.00000000000000178, -12.42422080174663357, 35.38097989696509416 ) ) ;
#930 = CIRCLE ( 'NONE', #1529, 16.00000000000000355 ) ;
#931 = DIRECTION ( 'NONE',  ( -1.000000000000000000, -0.000000000000000000, 0.000000000000000000 ) ) ;
#932 = VECTOR ( 'NONE', #2903, 1000.000000000000000 ) ;
#933 = CARTESIAN_POINT ( 'NONE',  ( 15.00000000000000178, -18.48663108841354230, 4.615718728111986024 ) ) ;
#934 = ADVANCED_BREP_SHAPE_REPRESENTATION ( '', ( #6200, #348 ), #6636 ) ;
#935 = CARTESIAN_POINT ( 'NONE',  ( 15.00000000000000178, 0.000000000000000000, 0.000000000000000000 ) ) ;
#937 = AXIS2_PLACEMENT_3D ( 'NONE', #8903, #487, #1872 ) ;
#936 = LINE ( 'NONE', #3744, #663 ) ;
#938 = CIRCLE ( 'NONE', #5781, 16.00000000000000355 ) ;
#939 = EDGE_CURVE ( 'NONE', #8146, #3113, #3406, .T. ) ;
#940 = ORIENTED_EDGE ( 'NONE', *, *, #494, .T. ) ;
#941 = ORIENTED_EDGE ( 'NONE', *, *, #5978, .F. ) ;
#942 = DIRECTION ( 'NONE',  ( 1.000000000000000000, 0.000000000000000000, 0.000000000000000000 ) ) ;
#943 = CARTESIAN_POINT ( 'NONE',  ( 15.00000000000000178, 0.000000000000000000, 0.000000000000000000 ) ) ;
#944 = EDGE_CURVE ( 'NONE', #8588, #6710, #8842, .T. ) ;
#945 = CARTESIAN_POINT ( 'NONE',  ( 15.00000000000000178, 37.58145647212455032, -0.6853352020786493970 ) ) ;
#946 = CIRCLE ( 'NONE', #6518, 21.99999999999999645 ) ;
#947 = DIRECTION ( 'NONE',  ( -1.000000000000000000, 0.000000000000000000, 0.000000000000000000 ) ) ;
#948 = DIRECTION ( 'NONE',  ( 0.000000000000000000, 0.000000000000000000, 1.000000000000000000 ) ) ;
#949 = EDGE_CURVE ( 'NONE', #4270, #6663, #4696, .T. ) ;
#950 = AXIS2_PLACEMENT_3D ( 'NONE', #5740, #7699, #2072 ) ;
#951 = EDGE_CURVE ( 'NONE', #4721, #7078, #3646, .T. ) ;
#952 = ORIENTED_EDGE ( 'NONE', *, *, #6722, .T. ) ;
#953 = ORIENTED_EDGE ( 'NONE', *, *, #2190, .T. ) ;
#954 = ORIENTED_EDGE ( 'NONE', *, *, #4350, .T. ) ;
#955 = ORIENTED_EDGE ( 'NONE', *, *, #1103, .T. ) ;
#956 = ADVANCED_FACE ( 'NONE', ( #2755 ), #1384, .T. ) ;
#957 = ORIENTED_EDGE ( 'NONE', *, *, #8390, .T. ) ;
#958 = AXIS2_PLACEMENT_3D ( 'NONE', #4975, #2130, #2173 ) ;
#959 = CARTESIAN_POINT ( 'NONE',  ( 15.00000000000000178, -16.94522934049216190, 8.128228055638793137 ) ) ;
#960 = DIRECTION ( 'NONE',  ( -1.000000000000000000, -0.000000000000000000, -0.000000000000000000 ) ) ;
#961 = CARTESIAN_POINT ( 'NONE',  ( 15.00000000000000178, 0.6853352020795687727, -37.58145647212452900 ) ) ;
#962 = DIRECTION ( 'NONE',  ( -1.000000000000000000, 0.000000000000000000, 0.000000000000000000 ) ) ;
#963 = CARTESIAN_POINT ( 'NONE',  ( 15.00000000000000178, 6.336799421340037597, -16.31134495048475941 ) ) ;
#964 = CARTESIAN_POINT ( 'NONE',  ( 15.00000000000000178, 0.000000000000000000, 0.000000000000000000 ) ) ;
#965 = ORIENTED_EDGE ( 'NONE', *, *, #8442, .F. ) ;
#966 = CIRCLE ( 'NONE', #3604, 16.00000000000000000 ) ;
#967 = EDGE_CURVE ( 'NONE', #5508, #2107, #1159, .T. ) ;
#968 = VERTEX_POINT ( 'NONE', #7695 ) ;
#969 = ORIENTED_EDGE ( 'NONE', *, *, #7440, .T. ) ;
#970 = CARTESIAN_POINT ( 'NONE',  ( 0.000000000000000000, 0.000000000000000000, 0.000000000000000000 ) ) ;
#971 = DIRECTION ( 'NONE',  ( -1.000000000000000000, 0.000000000000000000, 0.000000000000000000 ) ) ;
#972 = CYLINDRICAL_SURFACE ( 'NONE', #8872, 8.000000000000000000 ) ;
#973 = ADVANCED_FACE ( 'NONE', ( #2847 ), #2245, .T. ) ;
#974 = CIRCLE ( 'NONE', #950, 37.49900000000002365 ) ;
#975 = DIRECTION ( 'NONE',  ( 0.000000000000000000, 0.000000000000000000, 1.000000000000000000 ) ) ;
#976 = FACE_OUTER_BOUND ( 'NONE', #2053, .T. ) ;
#977 = CARTESIAN_POINT ( 'NONE',  ( 0.000000000000000000, -37.22597642581153821, 10.79786254984321126 ) ) ;
#978 = EDGE_CURVE ( 'NONE', #6373, #6024, #5557, .T. ) ;
#979 = CIRCLE ( 'NONE', #2150, 8.000000000000001776 ) ;
#980 = ORIENTED_EDGE ( 'NONE', *, *, #3926, .T. ) ;
#981 = AXIS2_PLACEMENT_3D ( 'NONE', #4106, #2035, #7031 ) ;
#982 = DIRECTION ( 'NONE',  ( 0.000000000000000000, 0.000000000000000000, 1.000000000000000000 ) ) ;
#983 = CARTESIAN_POINT ( 'NONE',  ( 0.000000000000000000, -30.80686688397025463, 21.53537804866070005 ) ) ;
#984 = ADVANCED_FACE ( 'NONE', ( #2799 ), #822, .T. ) ;
#985 = CIRCLE ( 'NONE', #548, 42.00000000000000000 ) ;
#986 = LINE ( 'NONE', #8628, #3132 ) ;
#987 = CARTESIAN_POINT ( 'NONE',  ( 0.000000000000000000, -10.74501242461308870, 35.92658777277507198 ) ) ;
#988 = CYLINDRICAL_SURFACE ( 'NONE', #8293, 42.00000000000000000 ) ;
#989 = CARTESIAN_POINT ( 'NONE',  ( 0.000000000000000000, 16.65560815589464738, -38.55633173626992516 ) ) ;
#990 = ORIENTED_EDGE ( 'NONE', *, *, #403, .F. ) ;
#991 = ORIENTED_EDGE ( 'NONE', *, *, #8478, .T. ) ;
#992 = CARTESIAN_POINT ( 'NONE',  ( 15.00000000000000178, 0.000000000000000000, 0.000000000000000000 ) ) ;
#993 = CARTESIAN_POINT ( 'NONE',  ( 15.00000000000000178, -16.53603053422200375, -8.931325931664769513 ) ) ;
#994 = CARTESIAN_POINT ( 'NONE',  ( 0.000000000000000000, 0.000000000000000000, 0.000000000000000000 ) ) ;
#995 = CARTESIAN_POINT ( 'NONE',  ( 0.000000000000000000, -10.46102064772325235, -19.35373470438993593 ) ) ;
#996 = VERTEX_POINT ( 'NONE', #4184 ) ;
#997 = EDGE_CURVE ( 'NONE', #7527, #7890, #2069, .T. ) ;
#998 = ORIENTED_EDGE ( 'NONE', *, *, #8648, .T. ) ;
#999 = CIRCLE ( 'NONE', #981, 15.99999999999999822 ) ;
#1000 = EDGE_LOOP ( 'NONE', ( #6584, #1056, #4274, #1941 ) ) ;
#1001 = VECTOR ( 'NONE', #1627, 1000.000000000000000 ) ;
#1002 = ORIENTED_EDGE ( 'NONE', *, *, #8231, .F. ) ;
#1003 = ORIENTED_EDGE ( 'NONE', *, *, #6876, .F. ) ;
#1004 = EDGE_CURVE ( 'NONE', #4139, #5508, #6293, .T. ) ;
#1005 = DIRECTION ( 'NONE',  ( 0.000000000000000000, 0.000000000000000000, 1.000000000000000000 ) ) ;
#1006 = DIRECTION ( 'NONE',  ( -1.000000000000000000, -0.000000000000000000, -0.000000000000000000 ) ) ;
#1007 = DIRECTION ( 'NONE',  ( 1.000000000000000000, 0.000000000000000000, 0.000000000000000000 ) ) ;
#1008 = DIRECTION ( 'NONE',  ( 0.000000000000000000, 0.000000000000000000, 1.000000000000000000 ) ) ;
#1009 = DIRECTION ( 'NONE',  ( 1.000000000000000000, 0.000000000000000000, 0.000000000000000000 ) ) ;
#1010 = AXIS2_PLACEMENT_3D ( 'NONE', #6612, #249, #3099 ) ;
#1011 = EDGE_LOOP ( 'NONE', ( #222, #6870, #4954, #220 ) ) ;
#1012 = ORIENTED_EDGE ( 'NONE', *, *, #5640, .T. ) ;
#1013 = ORIENTED_EDGE ( 'NONE', *, *, #7216, .T. ) ;
#1014 = AXIS2_PLACEMENT_3D ( 'NONE', #5631, #8413, #4397 ) ;
#1015 = CARTESIAN_POINT ( 'NONE',  ( 0.000000000000000000, 14.71414642875954293, 9.471478019455187081 ) ) ;
#1016 = CIRCLE ( 'NONE', #1306, 16.00000000000000000 ) ;
#1017 = CARTESIAN_POINT ( 'NONE',  ( 15.00000000000000178, 0.000000000000000000, 0.000000000000000000 ) ) ;
#1018 = CARTESIAN_POINT ( 'NONE',  ( -10.00000000000000000, 0.000000000000000000, 0.000000000000000000 ) ) ;
#1019 = DIRECTION ( 'NONE',  ( -1.000000000000000000, 0.000000000000000000, 0.000000000000000000 ) ) ;
#1020 = CARTESIAN_POINT ( 'NONE',  ( 0.000000000000000000, -36.13751322684404244, -21.40280677340409810 ) ) ;
#1021 = CIRCLE ( 'NONE', #8047, 37.49900000000001654 ) ;
#1022 = ORIENTED_EDGE ( 'NONE', *, *, #7873, .T. ) ;
#1023 = CIRCLE ( 'NONE', #727, 37.49900000000001654 ) ;
#1024 = VECTOR ( 'NONE', #2740, 1000.000000000000000 ) ;
#1025 = FACE_OUTER_BOUND ( 'NONE', #3899, .T. ) ;
#1026 = CARTESIAN_POINT ( 'NONE',  ( 0.000000000000000000, 36.13751322684449718, -21.40280677340332716 ) ) ;
#1027 = CARTESIAN_POINT ( 'NONE',  ( 15.00000000000000178, 37.22597642581158084, -5.202137450156516962 ) ) ;
#1028 = CARTESIAN_POINT ( 'NONE',  ( 15.00000000000000178, 0.000000000000000000, 0.000000000000000000 ) ) ;
#1029 = FACE_OUTER_BOUND ( 'NONE', #820, .T. ) ;
#1030 = DIRECTION ( 'NONE',  ( -1.000000000000000000, 0.000000000000000000, 0.000000000000000000 ) ) ;
#1031 = ORIENTED_EDGE ( 'NONE', *, *, #6537, .T. ) ;
#1032 = FACE_OUTER_BOUND ( 'NONE', #13, .T. ) ;
#1033 = DIRECTION ( 'NONE',  ( -1.000000000000000000, 0.000000000000000000, -0.000000000000000000 ) ) ;
#1034 = DIRECTION ( 'NONE',  ( -1.000000000000000000, 0.000000000000000000, 0.000000000000000000 ) ) ;
#1035 = EDGE_CURVE ( 'NONE', #8401, #3617, #3535, .T. ) ;
#1036 = CARTESIAN_POINT ( 'NONE',  ( 0.000000000000000000, 18.62763138773850713, 10.49404041845541968 ) ) ;
#1037 = DIRECTION ( 'NONE',  ( -1.000000000000000000, 0.000000000000000000, 0.000000000000000000 ) ) ;
#1038 = ORIENTED_EDGE ( 'NONE', *, *, #2416, .F. ) ;
#1039 = ORIENTED_EDGE ( 'NONE', *, *, #8900, .F. ) ;
#1040 = ORIENTED_EDGE ( 'NONE', *, *, #5938, .T. ) ;
#1041 = EDGE_LOOP ( 'NONE', ( #3488, #2793, #8181, #6858 ) ) ;
#1042 = AXIS2_PLACEMENT_3D ( 'NONE', #4432, #7262, #842 ) ;
#1043 = ORIENTED_EDGE ( 'NONE', *, *, #2588, .F. ) ;
#1044 = EDGE_CURVE ( 'NONE', #6791, #5627, #9016, .T. ) ;
#1045 = CARTESIAN_POINT ( 'NONE',  ( 15.00000000000000178, 0.000000000000000000, 0.000000000000000000 ) ) ;
#1046 = DIRECTION ( 'NONE',  ( 0.000000000000000000, -0.1564344650402380854, 0.9876883405951365491 ) ) ;
#1047 = EDGE_CURVE ( 'NONE', #276, #6416, #7155, .T. ) ;
#1048 = LINE ( 'NONE', #1606, #3798 ) ;
#1049 = CARTESIAN_POINT ( 'NONE',  ( 15.00000000000000000, 0.000000000000000000, 0.000000000000000000 ) ) ;
#1050 = CARTESIAN_POINT ( 'NONE',  ( 15.00000000000000178, 0.000000000000000000, 0.000000000000000000 ) ) ;
#1051 = CARTESIAN_POINT ( 'NONE',  ( 15.00000000000000178, 17.67226234102874827, -33.17418723428287564 ) ) ;
#1052 = ADVANCED_FACE ( 'NONE', ( #6419 ), #138, .T. ) ;
#1053 = ORIENTED_EDGE ( 'NONE', *, *, #2140, .T. ) ;
#1054 = EDGE_LOOP ( 'NONE', ( #5582, #4404, #5094, #2 ) ) ;
#1055 = ORIENTED_EDGE ( 'NONE', *, *, #7106, .T. ) ;
#1057 = ADVANCED_FACE ( 'NONE', ( #49 ), #7060, .T. ) ;
#1056 = ORIENTED_EDGE ( 'NONE', *, *, #491, .T. ) ;
#1058 = AXIS2_PLACEMENT_3D ( 'NONE', #7325, #2378, #5917 ) ;
#1059 = CARTESIAN_POINT ( 'NONE',  ( 7.500000000000002665, 2.663952781846723461, -41.91543099594814947 ) ) ;
#1060 = DIRECTION ( 'NONE',  ( 0.000000000000000000, 0.000000000000000000, 1.000000000000000000 ) ) ;
#1061 = DIRECTION ( 'NONE',  ( -1.000000000000000000, 0.000000000000000000, -0.000000000000000000 ) ) ;
#1062 = LINE ( 'NONE', #2399, #1117 ) ;
#1063 = CIRCLE ( 'NONE', #4585, 8.000000000000001776 ) ;
#1064 = ADVANCED_FACE ( 'NONE', ( #2894 ), #6972, .T. ) ;
#1065 = AXIS2_PLACEMENT_3D ( 'NONE', #3305, #1787, #7504 ) ;
#1066 = VERTEX_POINT ( 'NONE', #1429 ) ;
#1067 = AXIS2_PLACEMENT_3D ( 'NONE', #1567, #5879, #325 ) ;
#1068 = CIRCLE ( 'NONE', #2681, 42.00000000000000000 ) ;
#1069 = ADVANCED_FACE ( 'NONE', ( #4960 ), #1474, .T. ) ;
#1070 = EDGE_CURVE ( 'NONE', #3896, #3398, #5691, .T. ) ;
#1071 = DIRECTION ( 'NONE',  ( 1.000000000000000000, 0.000000000000000000, 0.000000000000000000 ) ) ;
#1072 = DIRECTION ( 'NONE',  ( 0.000000000000000000, 0.000000000000000000, 1.000000000000000000 ) ) ;
#1073 = AXIS2_PLACEMENT_3D ( 'NONE', #6235, #80, #7096 ) ;
#1074 = DIRECTION ( 'NONE',  ( 1.000000000000000000, 0.000000000000000000, 0.000000000000000000 ) ) ;
#1075 = CARTESIAN_POINT ( 'NONE',  ( 15.00000000000000178, 21.32104025579159767, -30.84782396557194772 ) ) ;
#1076 = AXIS2_PLACEMENT_3D ( 'NONE', #5868, #4575, #8727 ) ;
#1077 = DIRECTION ( 'NONE',  ( 0.000000000000000000, 0.3090169943749482839, -0.9510565162951534202 ) ) ;
#1078 = DIRECTION ( 'NONE',  ( -1.000000000000000000, -0.000000000000000000, 0.000000000000000000 ) ) ;
#1079 = VECTOR ( 'NONE', #6611, 1000.000000000000000 ) ;
#1080 = AXIS2_PLACEMENT_3D ( 'NONE', #1247, #4699, #1939 ) ;
#1081 = ORIENTED_EDGE ( 'NONE', *, *, #4213, .F. ) ;
#1082 = AXIS2_PLACEMENT_3D ( 'NONE', #5531, #5494, #4673 ) ;
#1083 = CARTESIAN_POINT ( 'NONE',  ( 15.00000000000000178, 12.26510123303309285, -35.53030884539072076 ) ) ;
#1084 = LINE ( 'NONE', #3890, #7519 ) ;
#1085 = VECTOR ( 'NONE', #2897, 1000.000000000000000 ) ;
#1086 = AXIS2_PLACEMENT_3D ( 'NONE', #614, #2644, #6271 ) ;
#1087 = DIRECTION ( 'NONE',  ( 0.000000000000000000, 0.000000000000000000, 1.000000000000000000 ) ) ;
#1088 = EDGE_CURVE ( 'NONE', #7200, #5875, #6769, .T. ) ;
#1089 = CARTESIAN_POINT ( 'NONE',  ( 0.000000000000000000, 0.000000000000000000, 0.000000000000000000 ) ) ;
#1090 = CARTESIAN_POINT ( 'NONE',  ( 0.000000000000000000, 0.000000000000000000, 0.000000000000000000 ) ) ;
#1091 = AXIS2_PLACEMENT_3D ( 'NONE', #7135, #3752, #851 ) ;
#1092 = VECTOR ( 'NONE', #7755, 1000.000000000000000 ) ;
#1093 = ORIENTED_EDGE ( 'NONE', *, *, #2675, .F. ) ;
#1094 = EDGE_CURVE ( 'NONE', #2434, #8556, #1947, .T. ) ;
#1095 = ORIENTED_EDGE ( 'NONE', *, *, #1318, .T. ) ;
#1096 = ORIENTED_EDGE ( 'NONE', *, *, #8989, .T. ) ;
#1097 = EDGE_CURVE ( 'NONE', #32, #44, #2233, .T. ) ;
#1098 = VERTEX_POINT ( 'NONE', #8604 ) ;
#1099 = ORIENTED_EDGE ( 'NONE', *, *, #7191, .F. ) ;
#1100 = DIRECTION ( 'NONE',  ( 1.000000000000000000, 0.000000000000000000, 0.000000000000000000 ) ) ;
#1101 = EDGE_CURVE ( 'NONE', #5426, #4744, #4146, .T. ) ;
#1102 = CARTESIAN_POINT ( 'NONE',  ( 15.00000000000000178, -0.6853352020787812915, -37.58145647212455032 ) ) ;
#1103 = EDGE_CURVE ( 'NONE', #7144, #4226, #323, .T. ) ;
#1104 = CARTESIAN_POINT ( 'NONE',  ( 15.00000000000000178, -37.58145647212453611, -0.6853352020794525323 ) ) ;
#1105 = DIRECTION ( 'NONE',  ( -1.000000000000000000, 0.000000000000000000, 0.000000000000000000 ) ) ;
#1106 = DIRECTION ( 'NONE',  ( -1.000000000000000000, 0.000000000000000000, -0.000000000000000000 ) ) ;
#1107 = CYLINDRICAL_SURFACE ( 'NONE', #7168, 42.00000000000000000 ) ;
#1108 = ORIENTED_EDGE ( 'NONE', *, *, #3753, .F. ) ;
#1109 = ORIENTED_EDGE ( 'NONE', *, *, #2743, .F. ) ;
#1110 = ORIENTED_EDGE ( 'NONE', *, *, #5310, .T. ) ;
#1111 = CIRCLE ( 'NONE', #526, 8.000000000000001776 ) ;
#1112 = ORIENTED_EDGE ( 'NONE', *, *, #7138, .F. ) ;
#1113 = DIRECTION ( 'NONE',  ( -1.000000000000000000, 0.000000000000000000, -0.000000000000000000 ) ) ;
#1114 = CYLINDRICAL_SURFACE ( 'NONE', #3078, 16.00000000000000000 ) ;
#1115 = FACE_OUTER_BOUND ( 'NONE', #5744, .T. ) ;
#1116 = DIRECTION ( 'NONE',  ( 0.000000000000000000, 0.000000000000000000, 1.000000000000000000 ) ) ;
#1117 = VECTOR ( 'NONE', #2487, 1000.000000000000000 ) ;
#1118 = VERTEX_POINT ( 'NONE', #279 ) ;
#1119 = DIRECTION ( 'NONE',  ( 1.000000000000000000, 0.000000000000000000, -0.000000000000000000 ) ) ;
#1120 = CIRCLE ( 'NONE', #677, 16.00000000000000355 ) ;
#1121 = DIRECTION ( 'NONE',  ( -1.000000000000000000, -0.000000000000000000, 0.000000000000000000 ) ) ;
#1122 = ADVANCED_FACE ( 'NONE', ( #7884 ), #1604, .T. ) ;
#1123 = DIRECTION ( 'NONE',  ( 0.000000000000000000, -0.8090169943749403458, -0.5877852522924830181 ) ) ;
#1124 = DIRECTION ( 'NONE',  ( -1.000000000000000000, 0.000000000000000000, -0.000000000000000000 ) ) ;
#1125 = DIRECTION ( 'NONE',  ( 0.000000000000000000, 0.000000000000000000, 1.000000000000000000 ) ) ;
#1126 = VECTOR ( 'NONE', #834, 1000.000000000000000 ) ;
#1127 = CYLINDRICAL_SURFACE ( 'NONE', #1547, 16.00000000000000000 ) ;
#1128 = EDGE_CURVE ( 'NONE', #6329, #6175, #3126, .T. ) ;
#1129 = VECTOR ( 'NONE', #7179, 1000.000000000000000 ) ;
#1130 = VERTEX_POINT ( 'NONE', #238 ) ;
#1131 = DIRECTION ( 'NONE',  ( -1.000000000000000000, -0.000000000000000000, -0.000000000000000000 ) ) ;
#1132 = DIRECTION ( 'NONE',  ( -1.000000000000000000, -0.000000000000000000, 0.000000000000000000 ) ) ;
#1133 = CARTESIAN_POINT ( 'NONE',  ( 15.00000000000000178, -37.58145647212454321, 16.68533520207891030 ) ) ;
#1134 = ORIENTED_EDGE ( 'NONE', *, *, #8919, .F. ) ;
#1135 = ORIENTED_EDGE ( 'NONE', *, *, #8176, .F. ) ;
#1136 = ORIENTED_EDGE ( 'NONE', *, *, #949, .T. ) ;
#1137 = ORIENTED_EDGE ( 'NONE', *, *, #6671, .T. ) ;
#1138 = ORIENTED_EDGE ( 'NONE', *, *, #5188, .T. ) ;
#1139 = CARTESIAN_POINT ( 'NONE',  ( 15.00000000000000178, -6.336799421339924798, 16.31134495048480915 ) ) ;
#1140 = DIRECTION ( 'NONE',  ( 0.000000000000000000, 0.000000000000000000, -1.000000000000000000 ) ) ;
#1141 = EDGE_CURVE ( 'NONE', #3079, #5128, #3556, .T. ) ;
#1142 = DIRECTION ( 'NONE',  ( 0.000000000000000000, 0.1564344650402244019, 0.9876883405951387696 ) ) ;
#1143 = FACE_OUTER_BOUND ( 'NONE', #5928, .T. ) ;
#1144 = CARTESIAN_POINT ( 'NONE',  ( 7.500000000000002665, -26.79245525562737029, 32.34446384429961796 ) ) ;
#1145 = CARTESIAN_POINT ( 'NONE',  ( 7.500000000000002665, -3.925862922255864085, -41.81611651403866148 ) ) ;
#1146 = DIRECTION ( 'NONE',  ( 0.000000000000000000, -0.4539904997395351471, -0.8910065241883738940 ) ) ;
#1147 = AXIS2_PLACEMENT_3D ( 'NONE', #8438, #1397, #2859 ) ;
#1148 = VECTOR ( 'NONE', #4981, 1000.000000000000000 ) ;
#1149 = EDGE_LOOP ( 'NONE', ( #1624, #3122, #6290, #6688, #6597, #8600, #9048, #6455, #5702, #6005, #6153, #2462, #2424, #3245, #524, #2376, #2867, #6872, #8890, #6089, #1710, #2021, #1251, #3169, #2389, #9029, #5235, #7911, #1597, #3983, #8849, #1151, #8287, #4859, #7483, #7867, #1112, #2737, #1514, #8290, #2827, #7185, #8865, #3476, #1241, #731, #438, #3982, #4417, #6803, #5572, #3912, #5666, #2063, #5292, #4437, #5138, #4789, #8120, #8261, #8330, #1636, #3749, #8275, #367, #6507, #5384, #6342, #3976, #892, #7559, #2738, #1254, #1528, #1753, #3075, #2980, #3685, #1954, #2611, #2622, #8910, #8733, #4978, #6046, #1793, #2576, #3492, #3302, #7363, #1783, #5743, #1637, #5411, #4384, #4991, #556, #1292, #1999, #6209, #7693, #1422, #1173, #6476, #1548, #8308, #3500, #8230, #8192, #4734, #2198, #6229, #2950, #6081, #2476, #2888, #554, #3709, #7889, #8151, #3401, #2790, #4169, #175, #4132, #2251, #229, #7780, #4343, #4416, #2422, #6377, #3217, #5779, #425, #2186, #5745, #5689, #3660, #3357, #8128, #1191, #3921, #2447, #2423, #5791, #4835, #8534, #1846, #4936, #3136, #2825, #3711, #7235, #5628, #3757, #8027, #772, #5679, #7877, #1588, #3517, #3630, #7055, #6425 ) ) ;
#1150 = ORIENTED_EDGE ( 'NONE', *, *, #7873, .F. ) ;
#1151 = ORIENTED_EDGE ( 'NONE', *, *, #491, .F. ) ;
#1152 = ORIENTED_EDGE ( 'NONE', *, *, #2748, .T. ) ;
#1153 = DIRECTION ( 'NONE',  ( 0.000000000000000000, 0.000000000000000000, 1.000000000000000000 ) ) ;
#1154 = CARTESIAN_POINT ( 'NONE',  ( 15.00000000000000178, 0.000000000000000000, 0.000000000000000000 ) ) ;
#1155 = EDGE_CURVE ( 'NONE', #2842, #582, #339, .T. ) ;
#1156 = CYLINDRICAL_SURFACE ( 'NONE', #4607, 8.000000000000003553 ) ;
#1157 = CARTESIAN_POINT ( 'NONE',  ( 15.00000000000000178, -30.80686688396994910, -21.53537804866112992 ) ) ;
#1158 = ORIENTED_EDGE ( 'NONE', *, *, #6165, .T. ) ;
#1159 = CIRCLE ( 'NONE', #6723, 17.49900000000000233 ) ;
#1160 = CIRCLE ( 'NONE', #6730, 42.00000000000000000 ) ;
#1161 = ORIENTED_EDGE ( 'NONE', *, *, #4643, .F. ) ;
#1162 = VERTEX_POINT ( 'NONE', #5784 ) ;
#1163 = CARTESIAN_POINT ( 'NONE',  ( 15.00000000000000178, -5.202137450156123499, -37.22597642581163058 ) ) ;
#1164 = EDGE_CURVE ( 'NONE', #8129, #5703, #2971, .T. ) ;
#1165 = CIRCLE ( 'NONE', #6298, 16.00000000000000000 ) ;
#1166 = LINE ( 'NONE', #608, #4885 ) ;
#1167 = CARTESIAN_POINT ( 'NONE',  ( 15.00000000000000178, 16.92083251265331612, -4.460989585140788805 ) ) ;
#1168 = EDGE_CURVE ( 'NONE', #2007, #5752, #5282, .T. ) ;
#1169 = DIRECTION ( 'NONE',  ( -1.000000000000000000, 0.000000000000000000, 0.000000000000000000 ) ) ;
#1170 = DIRECTION ( 'NONE',  ( -1.000000000000000000, 0.000000000000000000, -0.000000000000000000 ) ) ;
#1171 = EDGE_CURVE ( 'NONE', #2942, #7455, #8663, .T. ) ;
#1172 = AXIS2_PLACEMENT_3D ( 'NONE', #1792, #1843, #1930 ) ;
#1173 = ORIENTED_EDGE ( 'NONE', *, *, #243, .F. ) ;
#1174 = CARTESIAN_POINT ( 'NONE',  ( 0.000000000000000000, 33.79645857604513992, 16.45098606841137467 ) ) ;
#1175 = EDGE_CURVE ( 'NONE', #4512, #2363, #7237, .T. ) ;
#1176 = CARTESIAN_POINT ( 'NONE',  ( -10.00000000000000000, 0.000000000000000000, 0.000000000000000000 ) ) ;
#1177 = CYLINDRICAL_SURFACE ( 'NONE', #4909, 16.00000000000000000 ) ;
#1178 = ORIENTED_EDGE ( 'NONE', *, *, #7277, .F. ) ;
#1179 = ORIENTED_EDGE ( 'NONE', *, *, #8648, .F. ) ;
#1180 = EDGE_LOOP ( 'NONE', ( #7011, #3911, #8691, #2934 ) ) ;
#1181 = VERTEX_POINT ( 'NONE', #3854 ) ;
#1182 = ADVANCED_FACE ( 'NONE', ( #6513 ), #2379, .T. ) ;
#1183 = ORIENTED_EDGE ( 'NONE', *, *, #6618, .T. ) ;
#1184 = CARTESIAN_POINT ( 'NONE',  ( 15.00000000000000178, -40.68715046381936418, 10.41901085202063726 ) ) ;
#1185 = CYLINDRICAL_SURFACE ( 'NONE', #3414, 37.49900000000000944 ) ;
#1186 = CARTESIAN_POINT ( 'NONE',  ( 0.000000000000000000, -37.01155633439063308, 6.555932627142294855 ) ) ;
#1187 = DIRECTION ( 'NONE',  ( -1.000000000000000000, 0.000000000000000000, 0.000000000000000000 ) ) ;
#1188 = DIRECTION ( 'NONE',  ( -1.000000000000000000, 0.000000000000000000, 0.000000000000000000 ) ) ;
#1189 = CARTESIAN_POINT ( 'NONE',  ( 15.00000000000000178, -26.08949754953043509, 27.05870788708222818 ) ) ;
#1190 = FACE_OUTER_BOUND ( 'NONE', #3507, .T. ) ;
#1191 = ORIENTED_EDGE ( 'NONE', *, *, #5982, .F. ) ;
#1192 = ORIENTED_EDGE ( 'NONE', *, *, #283, .F. ) ;
#1193 = VERTEX_POINT ( 'NONE', #1701 ) ;
#1194 = ORIENTED_EDGE ( 'NONE', *, *, #4073, .T. ) ;
#1195 = CYLINDRICAL_SURFACE ( 'NONE', #5330, 42.00000000000000000 ) ;
#1196 = DIRECTION ( 'NONE',  ( -1.000000000000000000, 0.000000000000000000, -0.000000000000000000 ) ) ;
#1197 = CIRCLE ( 'NONE', #7339, 42.00000000000000000 ) ;
#1198 = CYLINDRICAL_SURFACE ( 'NONE', #2994, 8.000000000000001776 ) ;
#1199 = FACE_OUTER_BOUND ( 'NONE', #1694, .T. ) ;
#1200 = ORIENTED_EDGE ( 'NONE', *, *, #4539, .T. ) ;
#1201 = AXIS2_PLACEMENT_3D ( 'NONE', #322, #8697, #6103 ) ;
#1202 = ORIENTED_EDGE ( 'NONE', *, *, #7138, .T. ) ;
#1203 = EDGE_CURVE ( 'NONE', #6458, #1860, #4735, .T. ) ;
#1204 = ORIENTED_EDGE ( 'NONE', *, *, #5665, .F. ) ;
#1205 = CARTESIAN_POINT ( 'NONE',  ( 0.000000000000000000, -22.48208911017474776, -35.47612816024548010 ) ) ;
#1206 = DIRECTION ( 'NONE',  ( -1.000000000000000000, 0.000000000000000000, 0.000000000000000000 ) ) ;
#1207 = CIRCLE ( 'NONE', #5755, 42.00000000000000000 ) ;
#1208 = DIRECTION ( 'NONE',  ( 0.000000000000000000, 0.000000000000000000, 1.000000000000000000 ) ) ;
#1209 = EDGE_CURVE ( 'NONE', #5929, #2964, #4503, .T. ) ;
#1210 = CARTESIAN_POINT ( 'NONE',  ( 15.00000000000000178, -3.925862922256474707, 41.81611651403860463 ) ) ;
#1211 = CARTESIAN_POINT ( 'NONE',  ( 0.000000000000000000, -10.96151621346513672, 35.95386929396252640 ) ) ;
#1212 = CIRCLE ( 'NONE', #7498, 16.00000000000000355 ) ;
#1213 = AXIS2_PLACEMENT_3D ( 'NONE', #4042, #1188, #6149 ) ;
#1214 = EDGE_LOOP ( 'NONE', ( #7516, #7878, #5072, #4793 ) ) ;
#1215 = CARTESIAN_POINT ( 'NONE',  ( 15.00000000000000178, 37.48860685352291711, -0.8828120875901858122 ) ) ;
#1216 = VECTOR ( 'NONE', #1864, 1000.000000000000000 ) ;
#1217 = DIRECTION ( 'NONE',  ( -1.000000000000000000, 0.000000000000000000, 0.000000000000000000 ) ) ;
#1218 = VECTOR ( 'NONE', #2745, 1000.000000000000000 ) ;
#1219 = VECTOR ( 'NONE', #1113, 1000.000000000000000 ) ;
#1220 = FACE_OUTER_BOUND ( 'NONE', #7124, .T. ) ;
#1221 = ORIENTED_EDGE ( 'NONE', *, *, #8332, .T. ) ;
#1222 = VECTOR ( 'NONE', #7274, 1000.000000000000000 ) ;
#1223 = CIRCLE ( 'NONE', #3144, 16.00000000000000355 ) ;
#1224 = CIRCLE ( 'NONE', #8819, 16.00000000000000000 ) ;
#1225 = ORIENTED_EDGE ( 'NONE', *, *, #1623, .F. ) ;
#1226 = ORIENTED_EDGE ( 'NONE', *, *, #30, .T. ) ;
#1227 = EDGE_CURVE ( 'NONE', #4009, #2175, #5170, .T. ) ;
#1228 = CIRCLE ( 'NONE', #1527, 21.99999999999999289 ) ;
#1229 = DIRECTION ( 'NONE',  ( -1.000000000000000000, -0.000000000000000000, 0.000000000000000000 ) ) ;
#1230 = CYLINDRICAL_SURFACE ( 'NONE', #2210, 42.00000000000000000 ) ;
#1231 = DIRECTION ( 'NONE',  ( 1.000000000000000000, 0.000000000000000000, 0.000000000000000000 ) ) ;
#1232 = FACE_OUTER_BOUND ( 'NONE', #6157, .T. ) ;
#1233 = EDGE_CURVE ( 'NONE', #1373, #5775, #7790, .T. ) ;
#1234 = EDGE_CURVE ( 'NONE', #6754, #8848, #1207, .T. ) ;
#1236 = DIRECTION ( 'NONE',  ( -1.000000000000000000, 0.000000000000000000, 0.000000000000000000 ) ) ;
#1235 = AXIS2_PLACEMENT_3D ( 'NONE', #2033, #4707, #1294 ) ;
#1237 = CYLINDRICAL_SURFACE ( 'NONE', #1952, 37.49900000000000944 ) ;
#1238 = DIRECTION ( 'NONE',  ( -1.000000000000000000, 0.000000000000000000, -0.000000000000000000 ) ) ;
#1239 = CYLINDRICAL_SURFACE ( 'NONE', #8473, 37.49900000000000944 ) ;
#1240 = EDGE_CURVE ( 'NONE', #602, #3528, #8947, .T. ) ;
#1241 = ORIENTED_EDGE ( 'NONE', *, *, #2635, .F. ) ;
#1242 = VERTEX_POINT ( 'NONE', #8780 ) ;
#1243 = ORIENTED_EDGE ( 'NONE', *, *, #4494, .F. ) ;
#1244 = ORIENTED_EDGE ( 'NONE', *, *, #8495, .F. ) ;
#1245 = DIRECTION ( 'NONE',  ( 0.000000000000000000, 0.000000000000000000, 1.000000000000000000 ) ) ;
#1246 = FACE_OUTER_BOUND ( 'NONE', #2185, .T. ) ;
#1247 = CARTESIAN_POINT ( 'NONE',  ( 15.00000000000000178, -22.64427369931148348, -30.00120703465229255 ) ) ;
#1248 = LINE ( 'NONE', #8169, #1560 ) ;
#1249 = AXIS2_PLACEMENT_3D ( 'NONE', #8088, #3114, #5901 ) ;
#1250 = AXIS2_PLACEMENT_3D ( 'NONE', #5562, #145, #7789 ) ;
#1251 = ORIENTED_EDGE ( 'NONE', *, *, #4871, .F. ) ;
#1252 = ORIENTED_EDGE ( 'NONE', *, *, #7541, .T. ) ;
#1253 = EDGE_CURVE ( 'NONE', #7078, #3386, #1063, .T. ) ;
#1254 = ORIENTED_EDGE ( 'NONE', *, *, #7311, .F. ) ;
#1255 = CARTESIAN_POINT ( 'NONE',  ( 15.00000000000000178, -17.67226234102801996, -33.17418723428326643 ) ) ;
#1256 = CIRCLE ( 'NONE', #4771, 16.00000000000000000 ) ;
#1257 = CARTESIAN_POINT ( 'NONE',  ( 0.000000000000000000, 0.000000000000000000, 0.000000000000000000 ) ) ;
#1258 = DIRECTION ( 'NONE',  ( -1.000000000000000000, -0.000000000000000000, -0.000000000000000000 ) ) ;
#1259 = CARTESIAN_POINT ( 'NONE',  ( 7.500000000000002665, 21.40280677340420468, -36.13751322684397138 ) ) ;
#1260 = EDGE_CURVE ( 'NONE', #3615, #8163, #6195, .T. ) ;
#1261 = CARTESIAN_POINT ( 'NONE',  ( 15.00000000000000178, -16.92083251265322374, -4.460989585141140523 ) ) ;
#1262 = AXIS2_PLACEMENT_3D ( 'NONE', #6249, #1852, #1286 ) ;
#1263 = VERTEX_POINT ( 'NONE', #4769 ) ;
#1264 = CARTESIAN_POINT ( 'NONE',  ( 0.000000000000000000, -27.75498641678765210, 31.52238457039588937 ) ) ;
#1265 = CYLINDRICAL_SURFACE ( 'NONE', #6359, 42.00000000000000000 ) ;
#1266 = CARTESIAN_POINT ( 'NONE',  ( 15.00000000000000178, -37.22597642581161637, 5.202137450156251397 ) ) ;
#1267 = AXIS2_PLACEMENT_3D ( 'NONE', #1995, #2081, #571 ) ;
#1268 = ORIENTED_EDGE ( 'NONE', *, *, #2011, .T. ) ;
#1269 = ORIENTED_EDGE ( 'NONE', *, *, #1155, .F. ) ;
#1270 = LINE ( 'NONE', #3344, #9014 ) ;
#1271 = DIRECTION ( 'NONE',  ( 0.000000000000000000, 0.000000000000000000, 1.000000000000000000 ) ) ;
#1272 = CARTESIAN_POINT ( 'NONE',  ( 0.000000000000000000, -41.81611651403859042, -3.925862922256613707 ) ) ;
#1273 = CARTESIAN_POINT ( 'NONE',  ( 0.000000000000000000, 22.48208911017551870, -35.47612816024498983 ) ) ;
#1274 = LINE ( 'NONE', #1974, #5253 ) ;
#1275 = CARTESIAN_POINT ( 'NONE',  ( 15.00000000000000178, 0.000000000000000000, 0.000000000000000000 ) ) ;
#1276 = ADVANCED_FACE ( 'NONE', ( #7550 ), #5324, .T. ) ;
#1277 = CARTESIAN_POINT ( 'NONE',  ( 0.000000000000000000, -16.31134495048486954, 6.336799421339745386 ) ) ;
#1278 = DIRECTION ( 'NONE',  ( -1.000000000000000000, -0.000000000000000000, 0.000000000000000000 ) ) ;
#1279 = ORIENTED_EDGE ( 'NONE', *, *, #2833, .F. ) ;
#1280 = ORIENTED_EDGE ( 'NONE', *, *, #6893, .T. ) ;
#1281 = ORIENTED_EDGE ( 'NONE', *, *, #7417, .F. ) ;
#1282 = ORIENTED_EDGE ( 'NONE', *, *, #4115, .T. ) ;
#1283 = EDGE_CURVE ( 'NONE', #3782, #112, #8104, .T. ) ;
#1284 = ORIENTED_EDGE ( 'NONE', *, *, #1623, .T. ) ;
#1285 = DIRECTION ( 'NONE',  ( -1.000000000000000000, -0.000000000000000000, -0.000000000000000000 ) ) ;
#1286 = DIRECTION ( 'NONE',  ( 0.000000000000000000, 0.000000000000000000, 1.000000000000000000 ) ) ;
#1287 = AXIS2_PLACEMENT_3D ( 'NONE', #8575, #4420, #8618 ) ;
#1288 = DIRECTION ( 'NONE',  ( 0.000000000000000000, 0.000000000000000000, 1.000000000000000000 ) ) ;
#1289 = DIRECTION ( 'NONE',  ( 0.000000000000000000, -0.1564344650402380854, 0.9876883405951365491 ) ) ;
#1290 = VERTEX_POINT ( 'NONE', #1273 ) ;
#1291 = VECTOR ( 'NONE', #2495, 1000.000000000000000 ) ;
#1292 = ORIENTED_EDGE ( 'NONE', *, *, #5936, .F. ) ;
#1293 = ORIENTED_EDGE ( 'NONE', *, *, #1727, .T. ) ;
#1294 = DIRECTION ( 'NONE',  ( 0.000000000000000000, 0.000000000000000000, -1.000000000000000000 ) ) ;
#1295 = DIRECTION ( 'NONE',  ( 0.000000000000000000, 0.000000000000000000, -1.000000000000000000 ) ) ;
#1296 = CYLINDRICAL_SURFACE ( 'NONE', #5693, 21.99999999999999289 ) ;
#1297 = CYLINDRICAL_SURFACE ( 'NONE', #2885, 42.00000000000000000 ) ;
#1298 = DIRECTION ( 'NONE',  ( 0.000000000000000000, 0.000000000000000000, 1.000000000000000000 ) ) ;
#1299 = VECTOR ( 'NONE', #5006, 1000.000000000000000 ) ;
#1300 = CIRCLE ( 'NONE', #8184, 16.00000000000000000 ) ;
#1301 = ORIENTED_EDGE ( 'NONE', *, *, #7163, .F. ) ;
#1302 = ADVANCED_FACE ( 'NONE', ( #6827 ), #1185, .T. ) ;
#1303 = VECTOR ( 'NONE', #585, 1000.000000000000000 ) ;
#1304 = LINE ( 'NONE', #5361, #8545 ) ;
#1305 = CARTESIAN_POINT ( 'NONE',  ( 0.000000000000000000, 21.40280677340371795, 36.13751322684427691 ) ) ;
#1306 = AXIS2_PLACEMENT_3D ( 'NONE', #1186, #669, #3515 ) ;
#1307 = CARTESIAN_POINT ( 'NONE',  ( 0.000000000000000000, 13.60411018104317726, 12.96676809804153052 ) ) ;
#1308 = EDGE_CURVE ( 'NONE', #7680, #426, #1972, .T. ) ;
#1309 = ORIENTED_EDGE ( 'NONE', *, *, #1836, .F. ) ;
#1310 = ORIENTED_EDGE ( 'NONE', *, *, #1729, .T. ) ;
#1311 = DIRECTION ( 'NONE',  ( 0.000000000000000000, 1.000000000000000000, 3.491481338843133750E-15 ) ) ;
#1312 = CARTESIAN_POINT ( 'NONE',  ( 15.00000000000000178, 21.80633394113447210, 2.912696353505891622 ) ) ;
#1313 = AXIS2_PLACEMENT_3D ( 'NONE', #6683, #3162, #1781 ) ;
#1314 = FACE_OUTER_BOUND ( 'NONE', #7013, .T. ) ;
#1315 = CARTESIAN_POINT ( 'NONE',  ( 15.00000000000000178, 16.45098606841125743, 33.79645857604518966 ) ) ;
#1316 = FACE_OUTER_BOUND ( 'NONE', #5731, .T. ) ;
#1317 = DIRECTION ( 'NONE',  ( 0.000000000000000000, 0.000000000000000000, 1.000000000000000000 ) ) ;
#1318 = EDGE_CURVE ( 'NONE', #6154, #7313, #5603, .T. ) ;
#1319 = CARTESIAN_POINT ( 'NONE',  ( 7.500000000000002665, 15.92965478239616317, 15.17386234660386357 ) ) ;
#1320 = DIRECTION ( 'NONE',  ( -1.000000000000000000, 0.000000000000000000, 0.000000000000000000 ) ) ;
#1321 = VERTEX_POINT ( 'NONE', #8280 ) ;
#1322 = PRODUCT_DEFINITION_SHAPE ( 'NONE', 'NONE',  #1822 ) ;
#1323 = EDGE_LOOP ( 'NONE', ( #158, #3687, #7244, #768 ) ) ;
#1324 = ORIENTED_EDGE ( 'NONE', *, *, #5188, .F. ) ;
#1325 = VERTEX_POINT ( 'NONE', #2701 ) ;
#1326 = ORIENTED_EDGE ( 'NONE', *, *, #4589, .T. ) ;
#1327 = ADVANCED_FACE ( 'NONE', ( #4811 ), #8153, .T. ) ;
#1328 = EDGE_CURVE ( 'NONE', #7167, #5331, #8956, .T. ) ;
#1329 = DIRECTION ( 'NONE',  ( 0.000000000000000000, -6.938893903907228378E-15, 1.000000000000000000 ) ) ;
#1330 = CARTESIAN_POINT ( 'NONE',  ( 7.500000000000002665, 38.55633173627010279, 16.65560815589424948 ) ) ;
#1331 = CARTESIAN_POINT ( 'NONE',  ( 0.000000000000000000, 14.71414642875968148, -9.471478019454975694 ) ) ;
#1332 = CYLINDRICAL_SURFACE ( 'NONE', #499, 8.000000000000000000 ) ;
#1333 = EDGE_CURVE ( 'NONE', #5838, #86, #5503, .T. ) ;
#1334 = LINE ( 'NONE', #6843, #8273 ) ;
#1335 = ADVANCED_FACE ( 'NONE', ( #2013 ), #8825, .T. ) ;
#1336 = ORIENTED_EDGE ( 'NONE', *, *, #7839, .T. ) ;
#1337 = VERTEX_POINT ( 'NONE', #5416 ) ;
#1338 = VECTOR ( 'NONE', #3787, 1000.000000000000000 ) ;
#1339 = DIRECTION ( 'NONE',  ( 0.000000000000000000, -0.7071067811865388020, -0.7071067811865561215 ) ) ;
#1340 = LINE ( 'NONE', #2723, #6931 ) ;
#1341 = CARTESIAN_POINT ( 'NONE',  ( 0.000000000000000000, 0.000000000000000000, 0.000000000000000000 ) ) ;
#1342 = DIRECTION ( 'NONE',  ( 0.000000000000000000, 0.000000000000000000, 1.000000000000000000 ) ) ;
#1343 = ADVANCED_FACE ( 'NONE', ( #3211 ), #6009, .T. ) ;
#1344 = CARTESIAN_POINT ( 'NONE',  ( 15.00000000000000178, 38.55633173627033727, -16.65560815589370236 ) ) ;
#1345 = CIRCLE ( 'NONE', #2519, 16.00000000000000000 ) ;
#1346 = VERTEX_POINT ( 'NONE', #7505 ) ;
#1347 = ADVANCED_FACE ( 'NONE', ( #1232 ), #4039, .T. ) ;
#1348 = ORIENTED_EDGE ( 'NONE', *, *, #1234, .T. ) ;
#1349 = CARTESIAN_POINT ( 'NONE',  ( 0.000000000000000000, 0.000000000000000000, 6.000000000000000888 ) ) ;
#1350 = FACE_OUTER_BOUND ( 'NONE', #860, .T. ) ;
#1351 = AXIS2_PLACEMENT_3D ( 'NONE', #8415, #8584, #6578 ) ;
#1352 = CARTESIAN_POINT ( 'NONE',  ( 15.00000000000000178, 35.92658777277511462, 10.74501242461296080 ) ) ;
#1353 = DIRECTION ( 'NONE',  ( 0.000000000000000000, -0.5877852522924624790, -0.8090169943749553338 ) ) ;
#1354 = AXIS2_PLACEMENT_3D ( 'NONE', #7326, #3765, #1046 ) ;
#1355 = ORIENTED_EDGE ( 'NONE', *, *, #949, .F. ) ;
#1356 = AXIS2_PLACEMENT_3D ( 'NONE', #2471, #5377, #5967 ) ;
#1357 = EDGE_LOOP ( 'NONE', ( #3613, #6340, #2662, #3342 ) ) ;
#1358 = VECTOR ( 'NONE', #8206, 1000.000000000000000 ) ;
#1359 = VERTEX_POINT ( 'NONE', #7684 ) ;
#1360 = CARTESIAN_POINT ( 'NONE',  ( 0.000000000000000000, 35.53030884539084866, 12.26510123303272515 ) ) ;
#1361 = ADVANCED_FACE ( 'NONE', ( #8365 ), #4908, .T. ) ;
#1362 = CARTESIAN_POINT ( 'NONE',  ( 7.500000000000002665, -3.925862922256474707, 41.81611651403860463 ) ) ;
#1363 = DIRECTION ( 'NONE',  ( -1.000000000000000000, -0.000000000000000000, -0.000000000000000000 ) ) ;
#1364 = FACE_OUTER_BOUND ( 'NONE', #1000, .T. ) ;
#1365 = AXIS2_PLACEMENT_3D ( 'NONE', #1946, #3282, #1295 ) ;
#1366 = CIRCLE ( 'NONE', #3714, 37.49900000000000233 ) ;
#1367 = FACE_OUTER_BOUND ( 'NONE', #511, .T. ) ;
#1368 = EDGE_CURVE ( 'NONE', #1373, #1944, #722, .T. ) ;
#1369 = CARTESIAN_POINT ( 'NONE',  ( 0.000000000000000000, -35.92658777277503646, -10.74501242461321482 ) ) ;
#1370 = AXIS2_PLACEMENT_3D ( 'NONE', #7082, #4203, #7170 ) ;
#1371 = ORIENTED_EDGE ( 'NONE', *, *, #5100, .F. ) ;
#1372 = EDGE_CURVE ( 'NONE', #8401, #6095, #3863, .T. ) ;
#1373 = VERTEX_POINT ( 'NONE', #4172 ) ;
#1374 = AXIS2_PLACEMENT_3D ( 'NONE', #1761, #1061, #432 ) ;
#1375 = ORIENTED_EDGE ( 'NONE', *, *, #6996, .F. ) ;
#1376 = VERTEX_POINT ( 'NONE', #6958 ) ;
#1377 = ORIENTED_EDGE ( 'NONE', *, *, #5386, .F. ) ;
#1378 = EDGE_CURVE ( 'NONE', #31, #804, #3436, .T. ) ;
#1379 = EDGE_CURVE ( 'NONE', #4166, #2687, #920, .T. ) ;
#1380 = AXIS2_PLACEMENT_3D ( 'NONE', #1430, #4962, #8468 ) ;
#1381 = VECTOR ( 'NONE', #5353, 1000.000000000000000 ) ;
#1382 = DIRECTION ( 'NONE',  ( -1.000000000000000000, 0.000000000000000000, 0.000000000000000000 ) ) ;
#1383 = UNCERTAINTY_MEASURE_WITH_UNIT (LENGTH_MEASURE( 1.000000000000000082E-05 ), #105, 'distance_accuracy_value', 'NONE');
#1384 = CYLINDRICAL_SURFACE ( 'NONE', #4827, 17.49900000000000233 ) ;
#1385 = AXIS2_PLACEMENT_3D ( 'NONE', #5787, #5696, #5103 ) ;
#1386 = CIRCLE ( 'NONE', #3727, 21.99999999999999289 ) ;
#1387 = FACE_OUTER_BOUND ( 'NONE', #5424, .T. ) ;
#1388 = CARTESIAN_POINT ( 'NONE',  ( -10.00000000000000000, 0.000000000000000000, 0.000000000000000000 ) ) ;
#1389 = CARTESIAN_POINT ( 'NONE',  ( 0.000000000000000000, 25.88420570971439361, -27.13269053701069211 ) ) ;
#1390 = DIRECTION ( 'NONE',  ( 0.000000000000000000, 0.000000000000000000, 1.000000000000000000 ) ) ;
#1391 = CIRCLE ( 'NONE', #8118, 16.00000000000000000 ) ;
#1392 = EDGE_LOOP ( 'NONE', ( #3542, #8423, #1645, #6310 ) ) ;
#1393 = ORIENTED_EDGE ( 'NONE', *, *, #4752, .F. ) ;
#1394 = DIRECTION ( 'NONE',  ( 0.000000000000000000, 0.000000000000000000, 1.000000000000000000 ) ) ;
#1395 = DIRECTION ( 'NONE',  ( 0.8466783363907930404, 0.5321050598204448701, 1.022563140307690878E-16 ) ) ;
#1396 = CIRCLE ( 'NONE', #8407, 16.00000000000000000 ) ;
#1397 = DIRECTION ( 'NONE',  ( -1.000000000000000000, -0.000000000000000000, -0.000000000000000000 ) ) ;
#1398 = CARTESIAN_POINT ( 'NONE',  ( 0.000000000000000000, -19.35373470438988974, 10.46102064772333051 ) ) ;
#1399 = DIRECTION ( 'NONE',  ( 0.000000000000000000, 0.000000000000000000, 1.000000000000000000 ) ) ;
#1400 = CIRCLE ( 'NONE', #5381, 16.00000000000000355 ) ;
#1401 = VERTEX_POINT ( 'NONE', #4309 ) ;
#1402 = ORIENTED_EDGE ( 'NONE', *, *, #7727, .T. ) ;
#1403 = EDGE_CURVE ( 'NONE', #8924, #5275, #5476, .T. ) ;
#1404 = VECTOR ( 'NONE', #1030, 1000.000000000000000 ) ;
#1405 = CARTESIAN_POINT ( 'NONE',  ( 7.500000000000002665, 22.48208911017551870, -35.47612816024498983 ) ) ;
#1406 = LINE ( 'NONE', #713, #2693 ) ;
#1407 = LINE ( 'NONE', #2004, #2556 ) ;
#1408 = DIRECTION ( 'NONE',  ( -1.000000000000000000, -0.000000000000000000, 0.000000000000000000 ) ) ;
#1409 = EDGE_CURVE ( 'NONE', #996, #4571, #5906, .T. ) ;
#1410 = AXIS2_PLACEMENT_3D ( 'NONE', #2309, #8711, #2444 ) ;
#1411 = ORIENTED_EDGE ( 'NONE', *, *, #3243, .F. ) ;
#1412 = ORIENTED_EDGE ( 'NONE', *, *, #1141, .T. ) ;
#1413 = LINE ( 'NONE', #7004, #1129 ) ;
#1414 = CYLINDRICAL_SURFACE ( 'NONE', #2919, 16.00000000000000000 ) ;
#1415 = AXIS2_PLACEMENT_3D ( 'NONE', #8472, #4872, #5698 ) ;
#1416 = DIRECTION ( 'NONE',  ( 0.000000000000000000, 0.000000000000000000, 1.000000000000000000 ) ) ;
#1417 = DIRECTION ( 'NONE',  ( -1.000000000000000000, -0.000000000000000000, 0.000000000000000000 ) ) ;
#1418 = CARTESIAN_POINT ( 'NONE',  ( 15.00000000000000178, -16.45098606841149191, 33.79645857604508308 ) ) ;
#1419 = CARTESIAN_POINT ( 'NONE',  ( 0.000000000000000000, -31.52238457039579345, -27.75498641678776224 ) ) ;
#1420 = ORIENTED_EDGE ( 'NONE', *, *, #3633, .F. ) ;
#1421 = CYLINDRICAL_SURFACE ( 'NONE', #3049, 16.00000000000000000 ) ;
#1422 = ORIENTED_EDGE ( 'NONE', *, *, #7390, .F. ) ;
#1423 = EDGE_LOOP ( 'NONE', ( #6326, #1268, #8205, #1510 ) ) ;
#1424 = ORIENTED_EDGE ( 'NONE', *, *, #3156, .F. ) ;
#1425 = VERTEX_POINT ( 'NONE', #2147 ) ;
#1426 = CIRCLE ( 'NONE', #7709, 42.00000000000000000 ) ;
#1427 = AXIS2_PLACEMENT_3D ( 'NONE', #1681, #1545, #889 ) ;
#1428 = DIRECTION ( 'NONE',  ( -1.000000000000000000, 0.000000000000000000, -0.000000000000000000 ) ) ;
#1429 = CARTESIAN_POINT ( 'NONE',  ( 0.000000000000000000, -14.71414642875947543, -9.471478019455297215 ) ) ;
#1430 = CARTESIAN_POINT ( 'NONE',  ( 15.00000000000000178, -10.96151621346460736, -35.95386929396268272 ) ) ;
#1431 = LINE ( 'NONE', #1476, #1024 ) ;
#1432 = FACE_OUTER_BOUND ( 'NONE', #3251, .T. ) ;
#1433 = DIRECTION ( 'NONE',  ( -1.000000000000000000, 0.000000000000000000, -0.000000000000000000 ) ) ;
#1434 = VERTEX_POINT ( 'NONE', #5682 ) ;
#1435 = ORIENTED_EDGE ( 'NONE', *, *, #1570, .T. ) ;
#1436 = ORIENTED_EDGE ( 'NONE', *, *, #3527, .F. ) ;
#1437 = DIRECTION ( 'NONE',  ( 0.000000000000000000, -0.8910065241883626808, -0.4539904997395568520 ) ) ;
#1438 = EDGE_CURVE ( 'NONE', #7044, #8694, #1515, .T. ) ;
#1439 = ITEM_DEFINED_TRANSFORMATION ( 'NONE', 'NONE', #7509,  #348 ) ;
#1440 = CARTESIAN_POINT ( 'NONE',  ( -10.00000000000000000, 0.000000000000000000, 0.000000000000000000 ) ) ;
#1441 = CARTESIAN_POINT ( 'NONE',  ( 15.00000000000000178, 0.6853352020790518528, 37.58145647212453611 ) ) ;
#1442 = LINE ( 'NONE', #4933, #3324 ) ;
#1443 = AXIS2_PLACEMENT_3D ( 'NONE', #4122, #3349, #506 ) ;
#1444 = AXIS2_PLACEMENT_3D ( 'NONE', #8581, #8668, #5160 ) ;
#1445 = ORIENTED_EDGE ( 'NONE', *, *, #3097, .F. ) ;
#1447 = EDGE_CURVE ( 'NONE', #2609, #8970, #9002, .T. ) ;
#1446 = ORIENTED_EDGE ( 'NONE', *, *, #6532, .F. ) ;
#1448 = CARTESIAN_POINT ( 'NONE',  ( 0.000000000000000000, -13.55483219355720337, -11.06713717293254362 ) ) ;
#1449 = CARTESIAN_POINT ( 'NONE',  ( 15.00000000000000178, 35.53030884539101919, -12.26510123303223132 ) ) ;
#1450 = EDGE_CURVE ( 'NONE', #1193, #3566, #6930, .T. ) ;
#1451 = CARTESIAN_POINT ( 'NONE',  ( 15.00000000000000178, -8.931325931664710893, 16.53603053422203573 ) ) ;
#1452 = CARTESIAN_POINT ( 'NONE',  ( 15.00000000000000178, 0.000000000000000000, 0.000000000000000000 ) ) ;
#1453 = ADVANCED_FACE ( 'NONE', ( #4854 ), #4949, .F. ) ;
#1454 = EDGE_CURVE ( 'NONE', #2467, #341, #626, .T. ) ;
#1455 = VERTEX_POINT ( 'NONE', #2925 ) ;
#1456 = ORIENTED_EDGE ( 'NONE', *, *, #4882, .T. ) ;
#1457 = DIRECTION ( 'NONE',  ( 0.000000000000000000, 0.9876883405951381034, -0.1564344650402276216 ) ) ;
#1458 = DIRECTION ( 'NONE',  ( 0.000000000000000000, 0.5877852522924743583, -0.8090169943749465631 ) ) ;
#1459 = FACE_OUTER_BOUND ( 'NONE', #8037, .T. ) ;
#1460 = DIRECTION ( 'NONE',  ( -1.000000000000000000, -0.000000000000000000, -0.000000000000000000 ) ) ;
#1461 = AXIS2_PLACEMENT_3D ( 'NONE', #5684, #2194, #9047 ) ;
#1462 = CARTESIAN_POINT ( 'NONE',  ( 15.00000000000000178, 15.92965478239616317, 15.17386234660386712 ) ) ;
#1463 = CARTESIAN_POINT ( 'NONE',  ( 15.00000000000000178, 0.9861715913087683028, 17.47118961583599983 ) ) ;
#1464 = ORIENTED_EDGE ( 'NONE', *, *, #4204, .T. ) ;
#1465 = DIRECTION ( 'NONE',  ( 0.000000000000000000, 0.000000000000000000, 1.000000000000000000 ) ) ;
#1466 = CIRCLE ( 'NONE', #1908, 16.00000000000000000 ) ;
#1467 = VERTEX_POINT ( 'NONE', #5543 ) ;
#1468 = EDGE_CURVE ( 'NONE', #1425, #1741, #2785, .T. ) ;
#1469 = ORIENTED_EDGE ( 'NONE', *, *, #8288, .F. ) ;
#1470 = ORIENTED_EDGE ( 'NONE', *, *, #2548, .F. ) ;
#1471 = AXIS2_PLACEMENT_3D ( 'NONE', #736, #5516, #4278 ) ;
#1472 = ORIENTED_EDGE ( 'NONE', *, *, #7311, .T. ) ;
#1473 = DIRECTION ( 'NONE',  ( -1.000000000000000000, -0.000000000000000000, 0.000000000000000000 ) ) ;
#1474 = CYLINDRICAL_SURFACE ( 'NONE', #5023, 42.00000000000000000 ) ;
#1475 = DIRECTION ( 'NONE',  ( 0.000000000000000000, -6.938893903907225222E-15, 1.000000000000000000 ) ) ;
#1476 = CARTESIAN_POINT ( 'NONE',  ( 15.00000000000000178, 25.88420570971439361, -27.13269053701069211 ) ) ;
#1477 = LINE ( 'NONE', #867, #1968 ) ;
#1478 = DIRECTION ( 'NONE',  ( 0.000000000000000000, 0.000000000000000000, 1.000000000000000000 ) ) ;
#1479 = CIRCLE ( 'NONE', #2057, 21.99999999999999645 ) ;
#1480 = EDGE_LOOP ( 'NONE', ( #7933, #5584, #1877, #6755 ) ) ;
#1481 = EDGE_LOOP ( 'NONE', ( #3219, #1412, #5096, #6833 ) ) ;
#1482 = ORIENTED_EDGE ( 'NONE', *, *, #1796, .T. ) ;
#1483 = CYLINDRICAL_SURFACE ( 'NONE', #7647, 17.49900000000000233 ) ;
#1484 = APPLICATION_PROTOCOL_DEFINITION ( 'draft international standard', 'automotive_design', 1998, #7430 ) ;
#1485 = DIRECTION ( 'NONE',  ( 0.000000000000000000, 0.000000000000000000, 1.000000000000000000 ) ) ;
#1486 = CARTESIAN_POINT ( 'NONE',  ( 15.00000000000000178, 0.000000000000000000, 0.000000000000000000 ) ) ;
#1487 = CARTESIAN_POINT ( 'NONE',  ( 15.00000000000000178, -5.202137450156648413, 37.22597642581155952 ) ) ;
#1488 = ORIENTED_EDGE ( 'NONE', *, *, #1070, .T. ) ;
#1489 = EDGE_CURVE ( 'NONE', #1919, #2709, #37, .T. ) ;
#1490 = AXIS2_PLACEMENT_3D ( 'NONE', #5805, #7211, #4480 ) ;
#1491 = ORIENTED_EDGE ( 'NONE', *, *, #2974, .T. ) ;
#1492 = CARTESIAN_POINT ( 'NONE',  ( 15.00000000000000178, -11.06713717293248855, 13.55483219355724600 ) ) ;
#1493 = CARTESIAN_POINT ( 'NONE',  ( 0.000000000000000000, 10.74501242461283823, 35.92658777277515014 ) ) ;
#1494 = EDGE_CURVE ( 'NONE', #8505, #784, #2388, .T. ) ;
#1495 = CARTESIAN_POINT ( 'NONE',  ( 0.000000000000000000, 22.48208911017501066, 35.47612816024530957 ) ) ;
#1496 = DIRECTION ( 'NONE',  ( 0.000000000000000000, -0.8090169943749402348, -0.5877852522924830181 ) ) ;
#1497 = FACE_OUTER_BOUND ( 'NONE', #1797, .T. ) ;
#1498 = ORIENTED_EDGE ( 'NONE', *, *, #7769, .T. ) ;
#1499 = VERTEX_POINT ( 'NONE', #4996 ) ;
#1500 = LINE ( 'NONE', #4262, #6692 ) ;
#1501 = AXIS2_PLACEMENT_3D ( 'NONE', #6923, #3534, #1329 ) ;
#1502 = CYLINDRICAL_SURFACE ( 'NONE', #8041, 8.000000000000001776 ) ;
#1503 = DIRECTION ( 'NONE',  ( -1.000000000000000000, 0.000000000000000000, 0.000000000000000000 ) ) ;
#1504 = AXIS2_PLACEMENT_3D ( 'NONE', #7371, #3713, #4410 ) ;
#1505 = CYLINDRICAL_SURFACE ( 'NONE', #6785, 37.49900000000000944 ) ;
#1506 = CARTESIAN_POINT ( 'NONE',  ( 0.000000000000000000, -4.992566952384726697, -37.16516213103283661 ) ) ;
#1507 = ORIENTED_EDGE ( 'NONE', *, *, #8018, .T. ) ;
#1508 = VECTOR ( 'NONE', #3786, 1000.000000000000000 ) ;
#1509 = CIRCLE ( 'NONE', #2680, 16.00000000000000000 ) ;
#1510 = ORIENTED_EDGE ( 'NONE', *, *, #2305, .T. ) ;
#1511 = AXIS2_PLACEMENT_3D ( 'NONE', #2125, #831, #7029 ) ;
#1512 = ORIENTED_EDGE ( 'NONE', *, *, #1718, .F. ) ;
#1513 = ORIENTED_EDGE ( 'NONE', *, *, #4204, .F. ) ;
#1514 = ORIENTED_EDGE ( 'NONE', *, *, #6801, .F. ) ;
#1515 = CIRCLE ( 'NONE', #6204, 42.00000000000000000 ) ;
#1516 = ADVANCED_FACE ( 'NONE', ( #7774 ), #5042, .T. ) ;
#1517 = PRODUCT_DEFINITION_FORMATION_WITH_SPECIFIED_SOURCE ( 'ANY', '', #377, .NOT_KNOWN. ) ;
#1518 = DIRECTION ( 'NONE',  ( 0.000000000000000000, 0.9510565162951521989, 0.3090169943749516701 ) ) ;
#1519 = DIRECTION ( 'NONE',  ( -1.000000000000000000, -0.000000000000000000, 0.000000000000000000 ) ) ;
#1520 = CIRCLE ( 'NONE', #7654, 16.00000000000000000 ) ;
#1521 = DIRECTION ( 'NONE',  ( 0.000000000000000000, -0.7071067811865536790, 0.7071067811865413555 ) ) ;
#1522 = AXIS2_PLACEMENT_3D ( 'NONE', #2439, #8615, #3051 ) ;
#1523 = CARTESIAN_POINT ( 'NONE',  ( 0.000000000000000000, -30.84782396557232786, 21.32104025579105411 ) ) ;
#1524 = CARTESIAN_POINT ( 'NONE',  ( 0.000000000000000000, 0.000000000000000000, 0.000000000000000000 ) ) ;
#1525 = ADVANCED_FACE ( 'NONE', ( #4534 ), #5952, .T. ) ;
#1526 = DIRECTION ( 'NONE',  ( 0.000000000000000000, 0.000000000000000000, 1.000000000000000000 ) ) ;
#1527 = AXIS2_PLACEMENT_3D ( 'NONE', #4187, #8297, #6117 ) ;
#1528 = ORIENTED_EDGE ( 'NONE', *, *, #1141, .F. ) ;
#1529 = AXIS2_PLACEMENT_3D ( 'NONE', #6590, #5316, #6549 ) ;
#1530 = ORIENTED_EDGE ( 'NONE', *, *, #8566, .F. ) ;
#1531 = CIRCLE ( 'NONE', #8822, 17.49900000000000233 ) ;
#1532 = CARTESIAN_POINT ( 'NONE',  ( 15.00000000000000178, -9.188173127306995980, -40.98264845739760176 ) ) ;
#1533 = DIRECTION ( 'NONE',  ( -1.000000000000000000, 0.000000000000000000, 0.000000000000000000 ) ) ;
#1534 = DIRECTION ( 'NONE',  ( 0.000000000000000000, 0.000000000000000000, 1.000000000000000000 ) ) ;
#1535 = CYLINDRICAL_SURFACE ( 'NONE', #2875, 37.49900000000000944 ) ;
#1536 = CIRCLE ( 'NONE', #4472, 8.000000000000000000 ) ;
#1537 = CIRCLE ( 'NONE', #4325, 16.00000000000000000 ) ;
#1538 = VERTEX_POINT ( 'NONE', #1733 ) ;
#1539 = ADVANCED_FACE ( 'NONE', ( #5905 ), #5131, .F. ) ;
#1540 = EDGE_LOOP ( 'NONE', ( #2347, #4259, #1981, #1326 ) ) ;
#1541 = LINE ( 'NONE', #2773, #3815 ) ;
#1542 = DIRECTION ( 'NONE',  ( 0.000000000000000000, -0.3090169943749547787, 0.9510565162951511997 ) ) ;
#1543 = EDGE_CURVE ( 'NONE', #5322, #5252, #200, .T. ) ;
#1544 = LINE ( 'NONE', #933, #605 ) ;
#1545 = DIRECTION ( 'NONE',  ( -1.000000000000000000, -0.000000000000000000, -0.000000000000000000 ) ) ;
#1546 = DIRECTION ( 'NONE',  ( -1.000000000000000000, 0.000000000000000000, 0.000000000000000000 ) ) ;
#1547 = AXIS2_PLACEMENT_3D ( 'NONE', #307, #1078, #5358 ) ;
#1548 = ORIENTED_EDGE ( 'NONE', *, *, #7655, .F. ) ;
#1549 = EDGE_LOOP ( 'NONE', ( #7437, #4333, #3431, #2310 ) ) ;
#1550 = CARTESIAN_POINT ( 'NONE',  ( 0.000000000000000000, 17.80606268964584871, -33.00180498840030197 ) ) ;
#1551 = CARTESIAN_POINT ( 'NONE',  ( 0.000000000000000000, -8.931325931664710893, 16.53603053422203573 ) ) ;
#1552 = DIRECTION ( 'NONE',  ( -1.000000000000000000, -0.000000000000000000, -0.000000000000000000 ) ) ;
#1553 = VECTOR ( 'NONE', #5345, 1000.000000000000000 ) ;
#1554 = DIRECTION ( 'NONE',  ( 0.000000000000000000, 0.000000000000000000, 1.000000000000000000 ) ) ;
#1555 = FACE_OUTER_BOUND ( 'NONE', #1054, .T. ) ;
#1556 = EDGE_LOOP ( 'NONE', ( #8201, #8211, #4557, #5151 ) ) ;
#1557 = VERTEX_POINT ( 'NONE', #2417 ) ;
#1558 = VERTEX_POINT ( 'NONE', #4442 ) ;
#1559 = ORIENTED_EDGE ( 'NONE', *, *, #2123, .T. ) ;
#1560 = VECTOR ( 'NONE', #4056, 1000.000000000000000 ) ;
#1561 = ORIENTED_EDGE ( 'NONE', *, *, #26, .T. ) ;
#1562 = DIRECTION ( 'NONE',  ( -1.000000000000000000, -0.000000000000000000, -0.000000000000000000 ) ) ;
#1563 = DIRECTION ( 'NONE',  ( 0.000000000000000000, -0.3090169943749548342, 0.9510565162951511997 ) ) ;
#1564 = EDGE_CURVE ( 'NONE', #613, #415, #7968, .T. ) ;
#1565 = VECTOR ( 'NONE', #7075, 1000.000000000000000 ) ;
#1566 = DIRECTION ( 'NONE',  ( -1.000000000000000000, 0.000000000000000000, 0.000000000000000000 ) ) ;
#1567 = CARTESIAN_POINT ( 'NONE',  ( 15.00000000000000178, -18.62763138773852489, 2.494040418455285568 ) ) ;
#1568 = DIRECTION ( 'NONE',  ( -1.000000000000000000, 0.000000000000000000, -0.000000000000000000 ) ) ;
#1569 = DIRECTION ( 'NONE',  ( 0.000000000000000000, -0.1564344650402172410, -0.9876883405951399908 ) ) ;
#1570 = EDGE_CURVE ( 'NONE', #7932, #1118, #7651, .T. ) ;
#1571 = ORIENTED_EDGE ( 'NONE', *, *, #8488, .F. ) ;
#1572 = ORIENTED_EDGE ( 'NONE', *, *, #7584, .F. ) ;
#1573 = CIRCLE ( 'NONE', #3920, 16.00000000000000355 ) ;
#1574 = ORIENTED_EDGE ( 'NONE', *, *, #8770, .F. ) ;
#1575 = EDGE_CURVE ( 'NONE', #8353, #8924, #3563, .T. ) ;
#1576 = DIRECTION ( 'NONE',  ( 0.000000000000000000, 0.000000000000000000, -1.000000000000000000 ) ) ;
#1577 = CARTESIAN_POINT ( 'NONE',  ( 7.500000000000002665, -26.79245525562690844, -32.34446384430000876 ) ) ;
#1578 = PLANE ( 'NONE',  #3612 ) ;
#1579 = CARTESIAN_POINT ( 'NONE',  ( 15.00000000000000178, -21.40280677340344084, -36.13751322684441902 ) ) ;
#1580 = ORIENTED_EDGE ( 'NONE', *, *, #850, .T. ) ;
#1581 = EDGE_LOOP ( 'NONE', ( #3208, #6275, #2134, #6521 ) ) ;
#1582 = CARTESIAN_POINT ( 'NONE',  ( 0.000000000000000000, 0.000000000000000000, 0.000000000000000000 ) ) ;
#1583 = FACE_OUTER_BOUND ( 'NONE', #6404, .T. ) ;
#1584 = DIRECTION ( 'NONE',  ( -1.000000000000000000, 0.000000000000000000, 0.000000000000000000 ) ) ;
#1585 = CARTESIAN_POINT ( 'NONE',  ( 0.000000000000000000, -33.17418723428293958, -17.67226234102863103 ) ) ;
#1586 = CARTESIAN_POINT ( 'NONE',  ( 15.00000000000000178, 0.000000000000000000, 0.000000000000000000 ) ) ;
#1587 = AXIS2_PLACEMENT_3D ( 'NONE', #9003, #5376, #7464 ) ;
#1588 = ORIENTED_EDGE ( 'NONE', *, *, #7952, .F. ) ;
#1589 = ORIENTED_EDGE ( 'NONE', *, *, #7164, .F. ) ;
#1590 = DIRECTION ( 'NONE',  ( 0.000000000000000000, 0.000000000000000000, -1.000000000000000000 ) ) ;
#1591 = CYLINDRICAL_SURFACE ( 'NONE', #8186, 8.000000000000003553 ) ;
#1592 = DIRECTION ( 'NONE',  ( 0.000000000000000000, -0.8090169943749531134, 0.5877852522924654766 ) ) ;
#1593 = CARTESIAN_POINT ( 'NONE',  ( 15.00000000000000178, 16.45098606841172995, -33.79645857604496229 ) ) ;
#1594 = DIRECTION ( 'NONE',  ( 0.000000000000000000, 0.000000000000000000, 1.000000000000000000 ) ) ;
#1595 = EDGE_CURVE ( 'NONE', #8464, #6373, #773, .T. ) ;
#1596 = ORIENTED_EDGE ( 'NONE', *, *, #3467, .F. ) ;
#1597 = ORIENTED_EDGE ( 'NONE', *, *, #3837, .F. ) ;
#1598 = AXIS2_PLACEMENT_3D ( 'NONE', #8022, #418, #3087 ) ;
#1599 = ORIENTED_EDGE ( 'NONE', *, *, #1097, .T. ) ;
#1600 = ORIENTED_EDGE ( 'NONE', *, *, #7583, .F. ) ;
#1601 = ORIENTED_EDGE ( 'NONE', *, *, #4071, .T. ) ;
#1602 = CIRCLE ( 'NONE', #6433, 42.00000000000000000 ) ;
#1603 = FACE_OUTER_BOUND ( 'NONE', #2649, .T. ) ;
#1604 = CYLINDRICAL_SURFACE ( 'NONE', #8227, 16.00000000000000000 ) ;
#1605 = EDGE_CURVE ( 'NONE', #7900, #1834, #1953, .T. ) ;
#1606 = CARTESIAN_POINT ( 'NONE',  ( 7.500000000000002665, -10.46102064772353479, 19.35373470438978671 ) ) ;
#1607 = CYLINDRICAL_SURFACE ( 'NONE', #8516, 16.00000000000000000 ) ;
#1608 = AXIS2_PLACEMENT_3D ( 'NONE', #4390, #7212, #7766 ) ;
#1609 = LINE ( 'NONE', #8471, #7232 ) ;
#1610 = SURFACE_STYLE_USAGE ( .BOTH. , #7888 ) ;
#1611 = AXIS2_PLACEMENT_3D ( 'NONE', #763, #1320, #725 ) ;
#1612 = EDGE_LOOP ( 'NONE', ( #167, #2373, #3941, #3564 ) ) ;
#1613 = ORIENTED_EDGE ( 'NONE', *, *, #6759, .T. ) ;
#1614 = VERTEX_POINT ( 'NONE', #897 ) ;
#1615 = DIRECTION ( 'NONE',  ( 0.000000000000000000, 0.5877852522924742473, -0.8090169943749466741 ) ) ;
#1616 = LINE ( 'NONE', #8031, #1899 ) ;
#1617 = ADVANCED_FACE ( 'NONE', ( #8726 ), #7915, .T. ) ;
#1618 = CIRCLE ( 'NONE', #3969, 8.000000000000001776 ) ;
#1619 = LINE ( 'NONE', #3102, #6852 ) ;
#1620 = FACE_OUTER_BOUND ( 'NONE', #6658, .T. ) ;
#1621 = DIRECTION ( 'NONE',  ( -1.000000000000000000, -0.000000000000000000, -0.000000000000000000 ) ) ;
#1622 = ADVANCED_FACE ( 'NONE', ( #5227 ), #2279, .T. ) ;
#1623 = EDGE_CURVE ( 'NONE', #7556, #4514, #5491, .T. ) ;
#1624 = ORIENTED_EDGE ( 'NONE', *, *, #26, .F. ) ;
#1625 = EDGE_CURVE ( 'NONE', #538, #3501, #2121, .T. ) ;
#1626 = VERTEX_POINT ( 'NONE', #225 ) ;
#1627 = DIRECTION ( 'NONE',  ( -1.000000000000000000, -0.000000000000000000, 0.000000000000000000 ) ) ;
#1628 = DIRECTION ( 'NONE',  ( -1.000000000000000000, 0.000000000000000000, 0.000000000000000000 ) ) ;
#1629 = EDGE_CURVE ( 'NONE', #1651, #8641, #3656, .T. ) ;
#1630 = EDGE_CURVE ( 'NONE', #8932, #2661, #938, .T. ) ;
#1631 = DIRECTION ( 'NONE',  ( -1.000000000000000000, 0.000000000000000000, 0.000000000000000000 ) ) ;
#1632 = FACE_OUTER_BOUND ( 'NONE', #1481, .T. ) ;
#1633 = CARTESIAN_POINT ( 'NONE',  ( 15.00000000000000178, 0.000000000000000000, 0.000000000000000000 ) ) ;
#1634 = DIRECTION ( 'NONE',  ( -1.000000000000000000, 0.000000000000000000, -0.000000000000000000 ) ) ;
#1635 = ADVANCED_FACE ( 'NONE', ( #5177 ), #6451, .T. ) ;
#1636 = ORIENTED_EDGE ( 'NONE', *, *, #7652, .F. ) ;
#1637 = ORIENTED_EDGE ( 'NONE', *, *, #423, .F. ) ;
#1638 = CARTESIAN_POINT ( 'NONE',  ( 15.00000000000000178, -18.62763138773852489, 2.494040418455285568 ) ) ;
#1639 = DIRECTION ( 'NONE',  ( 0.000000000000000000, 0.000000000000000000, 1.000000000000000000 ) ) ;
#1640 = CIRCLE ( 'NONE', #7626, 16.00000000000000000 ) ;
#1641 = DIRECTION ( 'NONE',  ( 0.000000000000000000, 0.000000000000000000, 1.000000000000000000 ) ) ;
#1642 = EDGE_CURVE ( 'NONE', #6911, #3697, #1536, .T. ) ;
#1643 = CARTESIAN_POINT ( 'NONE',  ( 15.00000000000000178, -37.01155633439053361, -6.555932627142831315 ) ) ;
#1644 = DIRECTION ( 'NONE',  ( -1.000000000000000000, -0.000000000000000000, -0.000000000000000000 ) ) ;
#1645 = ORIENTED_EDGE ( 'NONE', *, *, #7752, .T. ) ;
#1646 = ORIENTED_EDGE ( 'NONE', *, *, #3928, .T. ) ;
#1647 = CIRCLE ( 'NONE', #4136, 42.00000000000000000 ) ;
#1648 = ORIENTED_EDGE ( 'NONE', *, *, #6733, .F. ) ;
#1649 = VERTEX_POINT ( 'NONE', #536 ) ;
#1650 = EDGE_CURVE ( 'NONE', #6592, #6853, #1961, .T. ) ;
#1651 = VERTEX_POINT ( 'NONE', #3340 ) ;
#1652 = VECTOR ( 'NONE', #7979, 1000.000000000000000 ) ;
#1653 = CARTESIAN_POINT ( 'NONE',  ( 0.000000000000000000, 0.000000000000000000, 0.000000000000000000 ) ) ;
#1654 = DIRECTION ( 'NONE',  ( 0.000000000000000000, 0.000000000000000000, 1.000000000000000000 ) ) ;
#1655 = ADVANCED_FACE ( 'NONE', ( #2604 ), #6178, .T. ) ;
#1656 = FACE_OUTER_BOUND ( 'NONE', #7365, .T. ) ;
#1657 = FACE_OUTER_BOUND ( 'NONE', #1892, .T. ) ;
#1658 = VECTOR ( 'NONE', #5632, 1000.000000000000000 ) ;
#1659 = CIRCLE ( 'NONE', #5327, 17.49900000000000233 ) ;
#1660 = DIRECTION ( 'NONE',  ( 0.000000000000000000, 0.3090169943749482284, -0.9510565162951533091 ) ) ;
#1661 = CARTESIAN_POINT ( 'NONE',  ( 15.00000000000000178, 27.05870788708267938, -26.08949754952995193 ) ) ;
#1662 = EDGE_LOOP ( 'NONE', ( #2877, #4521, #7276, #7458 ) ) ;
#1663 = EDGE_CURVE ( 'NONE', #4250, #330, #3008, .T. ) ;
#1664 = ORIENTED_EDGE ( 'NONE', *, *, #2630, .T. ) ;
#1665 = ORIENTED_EDGE ( 'NONE', *, *, #3003, .T. ) ;
#1666 = AXIS2_PLACEMENT_3D ( 'NONE', #8123, #6019, #6198 ) ;
#1667 = CARTESIAN_POINT ( 'NONE',  ( 15.00000000000000178, -14.71414642875961221, 9.471478019455089381 ) ) ;
#1668 = CARTESIAN_POINT ( 'NONE',  ( 15.00000000000000178, -18.48663108841354230, -3.384281271888015752 ) ) ;
#1669 = DIRECTION ( 'NONE',  ( -1.000000000000000000, 0.000000000000000000, 0.000000000000000000 ) ) ;
#1670 = CARTESIAN_POINT ( 'NONE',  ( 15.00000000000000178, -32.34446384429951848, -26.79245525562750174 ) ) ;
#1671 = DIRECTION ( 'NONE',  ( -1.000000000000000000, -0.000000000000000000, 0.000000000000000000 ) ) ;
#1672 = AXIS2_PLACEMENT_3D ( 'NONE', #2503, #8052, #1735 ) ;
#1673 = CIRCLE ( 'NONE', #3288, 17.49900000000000233 ) ;
#1674 = ORIENTED_EDGE ( 'NONE', *, *, #5577, .T. ) ;
#1675 = AXIS2_PLACEMENT_3D ( 'NONE', #6750, #6615, #4470 ) ;
#1676 = CARTESIAN_POINT ( 'NONE',  ( 0.000000000000000000, -32.34446384429990218, 26.79245525562703278 ) ) ;
#1677 = DIRECTION ( 'NONE',  ( -1.000000000000000000, 0.000000000000000000, 0.000000000000000000 ) ) ;
#1678 = DIRECTION ( 'NONE',  ( -1.000000000000000000, 0.000000000000000000, 0.000000000000000000 ) ) ;
#1679 = CIRCLE ( 'NONE', #2408, 16.00000000000000000 ) ;
#1680 = CYLINDRICAL_SURFACE ( 'NONE', #3686, 8.000000000000003553 ) ;
#1681 = CARTESIAN_POINT ( 'NONE',  ( 15.00000000000000178, 0.000000000000000000, 0.000000000000000000 ) ) ;
#1682 = CARTESIAN_POINT ( 'NONE',  ( 15.00000000000000178, 0.000000000000000000, 0.000000000000000000 ) ) ;
#1683 = EDGE_CURVE ( 'NONE', #2075, #8837, #4763, .T. ) ;
#1684 = AXIS2_PLACEMENT_3D ( 'NONE', #3979, #7406, #4027 ) ;
#1685 = EDGE_LOOP ( 'NONE', ( #6241, #3940, #8131, #1980 ) ) ;
#1686 = VERTEX_POINT ( 'NONE', #8945 ) ;
#1687 = CARTESIAN_POINT ( 'NONE',  ( 0.000000000000000000, 10.46102064772339979, 19.35373470438986132 ) ) ;
#1688 = CARTESIAN_POINT ( 'NONE',  ( 15.00000000000000178, 16.94522934049221874, -8.128228055638668792 ) ) ;
#1689 = DIRECTION ( 'NONE',  ( -1.000000000000000000, 0.000000000000000000, 0.000000000000000000 ) ) ;
#1690 = CIRCLE ( 'NONE', #4038, 42.00000000000000000 ) ;
#1691 = DIRECTION ( 'NONE',  ( 0.000000000000000000, 0.000000000000000000, 1.000000000000000000 ) ) ;
#1692 = DIRECTION ( 'NONE',  ( 1.000000000000000000, 0.000000000000000000, 0.000000000000000000 ) ) ;
#1693 = CIRCLE ( 'NONE', #97, 16.00000000000000355 ) ;
#1694 = EDGE_LOOP ( 'NONE', ( #5463, #1040, #6608, #7923 ) ) ;
#1695 = VERTEX_POINT ( 'NONE', #6725 ) ;
#1696 = VERTEX_POINT ( 'NONE', #8143 ) ;
#1697 = ORIENTED_EDGE ( 'NONE', *, *, #967, .T. ) ;
#1698 = VERTEX_POINT ( 'NONE', #5268 ) ;
#1699 = AXIS2_PLACEMENT_3D ( 'NONE', #8483, #6474, #7759 ) ;
#1700 = CARTESIAN_POINT ( 'NONE',  ( 15.00000000000000178, -36.88895765772628721, -6.736453364083939022 ) ) ;
#1701 = CARTESIAN_POINT ( 'NONE',  ( 0.000000000000000000, 15.17386234660381206, 15.92965478239621469 ) ) ;
#1702 = CYLINDRICAL_SURFACE ( 'NONE', #4829, 16.00000000000000000 ) ;
#1703 = CARTESIAN_POINT ( 'NONE',  ( 15.00000000000000178, 0.000000000000000000, 0.000000000000000000 ) ) ;
#1704 = CARTESIAN_POINT ( 'NONE',  ( 15.00000000000000178, 0.000000000000000000, 0.000000000000000000 ) ) ;
#1705 = AXIS2_PLACEMENT_3D ( 'NONE', #558, #6749, #8124 ) ;
#1706 = CARTESIAN_POINT ( 'NONE',  ( 15.00000000000000178, -36.13751322684404244, -21.40280677340409454 ) ) ;
#1707 = ORIENTED_EDGE ( 'NONE', *, *, #5803, .F. ) ;
#1708 = AXIS2_PLACEMENT_3D ( 'NONE', #2030, #4831, #6118 ) ;
#1709 = VERTEX_POINT ( 'NONE', #1827 ) ;
#1710 = ORIENTED_EDGE ( 'NONE', *, *, #7052, .F. ) ;
#1711 = DIRECTION ( 'NONE',  ( -1.000000000000000000, -0.000000000000000000, 0.000000000000000000 ) ) ;
#1712 = CYLINDRICAL_SURFACE ( 'NONE', #6582, 42.00000000000000000 ) ;
#1713 = AXIS2_PLACEMENT_3D ( 'NONE', #3135, #376, #3177 ) ;
#1714 = DIRECTION ( 'NONE',  ( 0.000000000000000000, 0.5877852522924742473, -0.8090169943749466741 ) ) ;
#1715 = DIRECTION ( 'NONE',  ( -1.000000000000000000, 0.000000000000000000, -0.000000000000000000 ) ) ;
#1716 = AXIS2_PLACEMENT_3D ( 'NONE', #6529, #2308, #5846 ) ;
#1717 = ORIENTED_EDGE ( 'NONE', *, *, #2123, .F. ) ;
#1718 = EDGE_CURVE ( 'NONE', #4353, #4638, #6661, .T. ) ;
#1719 = AXIS2_PLACEMENT_3D ( 'NONE', #6085, #6714, #6029 ) ;
#1720 = CARTESIAN_POINT ( 'NONE',  ( 15.00000000000000178, 32.34446384429971744, 26.79245525562725661 ) ) ;
#1721 = CARTESIAN_POINT ( 'NONE',  ( 15.00000000000000178, -35.47612816024539484, 22.48208911017488632 ) ) ;
#1722 = CIRCLE ( 'NONE', #5677, 8.000000000000000000 ) ;
#1723 = CARTESIAN_POINT ( 'NONE',  ( 15.00000000000000178, 37.58145647212455032, -0.6853352020786493970 ) ) ;
#1724 = DIRECTION ( 'NONE',  ( -1.000000000000000000, 0.000000000000000000, -0.000000000000000000 ) ) ;
#1725 = CARTESIAN_POINT ( 'NONE',  ( 15.00000000000000178, 21.32104025579115714, 30.84782396557225326 ) ) ;
#1726 = DIRECTION ( 'NONE',  ( 1.000000000000000000, 0.000000000000000000, -0.000000000000000000 ) ) ;
#1727 = EDGE_CURVE ( 'NONE', #5317, #8835, #448, .T. ) ;
#1728 = VERTEX_POINT ( 'NONE', #8051 ) ;
#1729 = EDGE_CURVE ( 'NONE', #804, #839, #2852, .T. ) ;
#1730 = CARTESIAN_POINT ( 'NONE',  ( 15.00000000000000178, -21.32104025579137030, 30.84782396557210404 ) ) ;
#1731 = CARTESIAN_POINT ( 'NONE',  ( 15.00000000000000178, -37.22597642581153821, -5.202137450156789633 ) ) ;
#1732 = VECTOR ( 'NONE', #877, 1000.000000000000000 ) ;
#1733 = CARTESIAN_POINT ( 'NONE',  ( 15.00000000000000178, 0.8828120875900549169, 37.48860685352291711 ) ) ;
#1734 = ADVANCED_FACE ( 'NONE', ( #3242 ), #6038, .T. ) ;
#1735 = DIRECTION ( 'NONE',  ( 0.000000000000000000, 1.000000000000000000, 3.469446951953614189E-15 ) ) ;
#1736 = LINE ( 'NONE', #5909, #6735 ) ;
#1737 = ORIENTED_EDGE ( 'NONE', *, *, #7035, .F. ) ;
#1738 = EDGE_CURVE ( 'NONE', #5171, #5366, #649, .T. ) ;
#1739 = ORIENTED_EDGE ( 'NONE', *, *, #6206, .F. ) ;
#1740 = CIRCLE ( 'NONE', #4961, 8.000000000000003553 ) ;
#1741 = VERTEX_POINT ( 'NONE', #1874 ) ;
#1742 = ORIENTED_EDGE ( 'NONE', *, *, #6219, .F. ) ;
#1743 = ORIENTED_EDGE ( 'NONE', *, *, #810, .F. ) ;
#1744 = DIRECTION ( 'NONE',  ( 0.000000000000000000, 0.000000000000000000, 1.000000000000000000 ) ) ;
#1745 = CARTESIAN_POINT ( 'NONE',  ( 7.500000000000002665, 41.91543099594818500, 2.663952781846284701 ) ) ;
#1746 = DIRECTION ( 'NONE',  ( -1.000000000000000000, 0.000000000000000000, 0.000000000000000000 ) ) ;
#1747 = CARTESIAN_POINT ( 'NONE',  ( 15.00000000000000178, 22.74946021919175365, -29.81001611430984966 ) ) ;
#1748 = DIRECTION ( 'NONE',  ( 0.000000000000000000, 0.000000000000000000, 1.000000000000000000 ) ) ;
#1749 = DIRECTION ( 'NONE',  ( 0.000000000000000000, -0.5877852522924624790, -0.8090169943749553338 ) ) ;
#1750 = EDGE_CURVE ( 'NONE', #6426, #7044, #1391, .T. ) ;
#1751 = AXIS2_PLACEMENT_3D ( 'NONE', #3729, #3052, #8073 ) ;
#1752 = EDGE_CURVE ( 'NONE', #5334, #3939, #5363, .T. ) ;
#1753 = ORIENTED_EDGE ( 'NONE', *, *, #4488, .F. ) ;
#1754 = ORIENTED_EDGE ( 'NONE', *, *, #8018, .F. ) ;
#1755 = ORIENTED_EDGE ( 'NONE', *, *, #2485, .F. ) ;
#1756 = AXIS2_PLACEMENT_3D ( 'NONE', #1731, #3069, #5903 ) ;
#1757 = DIRECTION ( 'NONE',  ( 0.000000000000000000, 0.000000000000000000, 1.000000000000000000 ) ) ;
#1758 = CIRCLE ( 'NONE', #4099, 42.00000000000000000 ) ;
#1759 = DIRECTION ( 'NONE',  ( 0.000000000000000000, 0.000000000000000000, -1.000000000000000000 ) ) ;
#1760 = CARTESIAN_POINT ( 'NONE',  ( 15.00000000000000178, 10.74501242461334094, -35.92658777277499382 ) ) ;
#1761 = CARTESIAN_POINT ( 'NONE',  ( 15.00000000000000178, 0.000000000000000000, 0.000000000000000000 ) ) ;
#1762 = CYLINDRICAL_SURFACE ( 'NONE', #8995, 8.000000000000001776 ) ;
#1763 = CIRCLE ( 'NONE', #2345, 16.00000000000000000 ) ;
#1764 = ORIENTED_EDGE ( 'NONE', *, *, #8397, .T. ) ;
#1765 = AXIS2_PLACEMENT_3D ( 'NONE', #5540, #2651, #8233 ) ;
#1766 = DIRECTION ( 'NONE',  ( -1.000000000000000000, 0.000000000000000000, -0.000000000000000000 ) ) ;
#1767 = CARTESIAN_POINT ( 'NONE',  ( 0.000000000000000000, 0.000000000000000000, 0.000000000000000000 ) ) ;
#1768 = DIRECTION ( 'NONE',  ( 1.000000000000000000, -0.000000000000000000, 0.000000000000000000 ) ) ;
#1769 = CARTESIAN_POINT ( 'NONE',  ( 15.00000000000000178, 4.460989585140963776, 16.92083251265327348 ) ) ;
#1770 = DIRECTION ( 'NONE',  ( -1.000000000000000000, -0.000000000000000000, -0.000000000000000000 ) ) ;
#1771 = ADVANCED_FACE ( 'NONE', ( #6137 ), #4675, .T. ) ;
#1772 = DIRECTION ( 'NONE',  ( -1.000000000000000000, 0.000000000000000000, 0.000000000000000000 ) ) ;
#1773 = ADVANCED_FACE ( 'NONE', ( #1220 ), #1177, .T. ) ;
#1774 = ADVANCED_FACE ( 'NONE', ( #6093 ), #5407, .T. ) ;
#1775 = EDGE_CURVE ( 'NONE', #5929, #1626, #4173, .T. ) ;
#1776 = VERTEX_POINT ( 'NONE', #5578 ) ;
#1777 = CYLINDRICAL_SURFACE ( 'NONE', #7677, 16.00000000000000000 ) ;
#1778 = CARTESIAN_POINT ( 'NONE',  ( 0.000000000000000000, 0.000000000000000000, 0.000000000000000000 ) ) ;
#1779 = DIRECTION ( 'NONE',  ( 0.000000000000000000, -0.8090169943749402348, -0.5877852522924832401 ) ) ;
#1780 = DIRECTION ( 'NONE',  ( 0.000000000000000000, -0.9510565162951565288, 0.3090169943749382364 ) ) ;
#1781 = DIRECTION ( 'NONE',  ( 0.000000000000000000, 0.000000000000000000, 1.000000000000000000 ) ) ;
#1782 = ORIENTED_EDGE ( 'NONE', *, *, #5054, .F. ) ;
#1783 = ORIENTED_EDGE ( 'NONE', *, *, #774, .F. ) ;
#1784 = EDGE_LOOP ( 'NONE', ( #2240, #8221, #9035, #5730 ) ) ;
#1785 = VERTEX_POINT ( 'NONE', #5533 ) ;
#1786 = EDGE_LOOP ( 'NONE', ( #1794, #2155, #5320, #2253 ) ) ;
#1787 = DIRECTION ( 'NONE',  ( -1.000000000000000000, -0.000000000000000000, 0.000000000000000000 ) ) ;
#1788 = DIRECTION ( 'NONE',  ( 0.000000000000000000, -0.8090169943749531134, 0.5877852522924654766 ) ) ;
#1789 = CARTESIAN_POINT ( 'NONE',  ( 0.000000000000000000, 0.000000000000000000, 0.000000000000000000 ) ) ;
#1790 = CARTESIAN_POINT ( 'NONE',  ( 0.000000000000000000, -17.67226234102801996, -33.17418723428326643 ) ) ;
#1791 = CARTESIAN_POINT ( 'NONE',  ( 15.00000000000000178, 0.000000000000000000, 0.000000000000000000 ) ) ;
#1792 = CARTESIAN_POINT ( 'NONE',  ( 0.000000000000000000, 0.000000000000000000, 0.000000000000000000 ) ) ;
#1793 = ORIENTED_EDGE ( 'NONE', *, *, #4326, .F. ) ;
#1794 = ORIENTED_EDGE ( 'NONE', *, *, #383, .F. ) ;
#1795 = VERTEX_POINT ( 'NONE', #3426 ) ;
#1796 = EDGE_CURVE ( 'NONE', #3221, #2107, #1407, .T. ) ;
#1797 = EDGE_LOOP ( 'NONE', ( #2532, #998, #1513, #2110 ) ) ;
#1798 = AXIS2_PLACEMENT_3D ( 'NONE', #7645, #4183, #2113 ) ;
#1799 = CARTESIAN_POINT ( 'NONE',  ( 0.000000000000000000, -16.65560815589439869, 38.55633173627003885 ) ) ;
#1800 = CIRCLE ( 'NONE', #7226, 8.000000000000001776 ) ;
#1801 = DIRECTION ( 'NONE',  ( -1.000000000000000000, 0.000000000000000000, 0.000000000000000000 ) ) ;
#1802 = ADVANCED_FACE ( 'NONE', ( #6400 ), #8990, .T. ) ;
#1803 = CARTESIAN_POINT ( 'NONE',  ( 15.00000000000000178, -15.17386234660368949, -15.92965478239633015 ) ) ;
#1804 = DIRECTION ( 'NONE',  ( -1.000000000000000000, 0.000000000000000000, -0.000000000000000000 ) ) ;
#1805 = AXIS2_PLACEMENT_3D ( 'NONE', #6648, #6460, #3128 ) ;
#1806 = VERTEX_POINT ( 'NONE', #4113 ) ;
#1807 = CIRCLE ( 'NONE', #7357, 37.49900000000002365 ) ;
#1808 = CIRCLE ( 'NONE', #4746, 6.000000000000000888 ) ;
#1809 = CARTESIAN_POINT ( 'NONE',  ( 7.500000000000002665, -38.55633173627022359, 16.65560815589397237 ) ) ;
#1810 = DIRECTION ( 'NONE',  ( 0.000000000000000000, 0.000000000000000000, 1.000000000000000000 ) ) ;
#1811 = VECTOR ( 'NONE', #8871, 1000.000000000000000 ) ;
#1812 = LINE ( 'NONE', #3741, #7069 ) ;
#1813 = CIRCLE ( 'NONE', #6205, 16.00000000000000000 ) ;
#1814 = FACE_OUTER_BOUND ( 'NONE', #2749, .T. ) ;
#1815 = CIRCLE ( 'NONE', #1958, 42.00000000000000000 ) ;
#1816 = FACE_OUTER_BOUND ( 'NONE', #4089, .T. ) ;
#1817 = CARTESIAN_POINT ( 'NONE',  ( 15.00000000000000178, -17.47118961583600338, 0.9861715913087071295 ) ) ;
#1818 = AXIS2_PLACEMENT_3D ( 'NONE', #7673, #8404, #7126 ) ;
#1819 = AXIS2_PLACEMENT_3D ( 'NONE', #4786, #6799, #8209 ) ;
#1820 = VERTEX_POINT ( 'NONE', #6950 ) ;
#1821 = CIRCLE ( 'NONE', #4455, 42.00000000000000000 ) ;
#1822 = PRODUCT_DEFINITION ( 'UNKNOWN', '', #5034, #5126 ) ;
#1823 = CIRCLE ( 'NONE', #1818, 8.000000000000000000 ) ;
#1824 = CARTESIAN_POINT ( 'NONE',  ( 15.00000000000000178, -8.931325931664479967, -16.53603053422216007 ) ) ;
#1825 = AXIS2_PLACEMENT_3D ( 'NONE', #420, #3859, #2517 ) ;
#1826 = AXIS2_PLACEMENT_3D ( 'NONE', #7622, #8987, #5530 ) ;
#1827 = CARTESIAN_POINT ( 'NONE',  ( 15.00000000000000178, -10.74501242461309225, 35.92658777277508619 ) ) ;
#1828 = CARTESIAN_POINT ( 'NONE',  ( -10.00000000000000000, 0.000000000000000000, 0.000000000000000000 ) ) ;
#1829 = AXIS2_PLACEMENT_3D ( 'NONE', #4574, #7358, #7451 ) ;
#1830 = AXIS2_PLACEMENT_3D ( 'NONE', #7395, #1628, #1072 ) ;
#1831 = ORIENTED_EDGE ( 'NONE', *, *, #8805, .F. ) ;
#1832 = VERTEX_POINT ( 'NONE', #3471 ) ;
#1833 = ORIENTED_EDGE ( 'NONE', *, *, #2505, .T. ) ;
#1834 = VERTEX_POINT ( 'NONE', #2048 ) ;
#1835 = ORIENTED_EDGE ( 'NONE', *, *, #3470, .T. ) ;
#1836 = EDGE_CURVE ( 'NONE', #4553, #3722, #363, .T. ) ;
#1837 = FACE_OUTER_BOUND ( 'NONE', #2242, .T. ) ;
#1838 = DIRECTION ( 'NONE',  ( 0.000000000000000000, 0.8910065241883688980, -0.4539904997395448061 ) ) ;
#1839 = DIRECTION ( 'NONE',  ( -1.000000000000000000, 0.000000000000000000, -0.000000000000000000 ) ) ;
#1840 = CARTESIAN_POINT ( 'NONE',  ( 0.000000000000000000, 41.81611651403861885, 3.925862922256317056 ) ) ;
#1841 = DIRECTION ( 'NONE',  ( -1.000000000000000000, 0.000000000000000000, -0.000000000000000000 ) ) ;
#1842 = CARTESIAN_POINT ( 'NONE',  ( 0.000000000000000000, 16.23288003029497872, 33.80338159004290333 ) ) ;
#1843 = DIRECTION ( 'NONE',  ( -1.000000000000000000, -0.000000000000000000, -0.000000000000000000 ) ) ;
#1844 = ORIENTED_EDGE ( 'NONE', *, *, #7014, .F. ) ;
#1845 = EDGE_CURVE ( 'NONE', #2760, #839, #4846, .T. ) ;
#1846 = ORIENTED_EDGE ( 'NONE', *, *, #2323, .F. ) ;
#1847 = EDGE_LOOP ( 'NONE', ( #5273, #2421, #477, #5972 ) ) ;
#1848 = AXIS2_PLACEMENT_3D ( 'NONE', #1868, #8137, #2640 ) ;
#1849 = ORIENTED_EDGE ( 'NONE', *, *, #428, .F. ) ;
#1850 = EDGE_CURVE ( 'NONE', #2334, #4320, #4029, .T. ) ;
#1851 = CYLINDRICAL_SURFACE ( 'NONE', #196, 42.00000000000000000 ) ;
#1852 = DIRECTION ( 'NONE',  ( -1.000000000000000000, 0.000000000000000000, 0.000000000000000000 ) ) ;
#1853 = CARTESIAN_POINT ( 'NONE',  ( 15.00000000000000178, 38.55633173627010990, 16.65560815589424948 ) ) ;
#1854 = ADVANCED_FACE ( 'NONE', ( #7624 ), #6273, .T. ) ;
#1855 = CARTESIAN_POINT ( 'NONE',  ( 15.00000000000000178, -10.46102064772325235, -19.35373470438993948 ) ) ;
#1856 = CIRCLE ( 'NONE', #388, 16.00000000000000355 ) ;
#1857 = EDGE_CURVE ( 'NONE', #4900, #8289, #6313, .T. ) ;
#1858 = EDGE_CURVE ( 'NONE', #8071, #8505, #4128, .T. ) ;
#1859 = ORIENTED_EDGE ( 'NONE', *, *, #4636, .F. ) ;
#1860 = VERTEX_POINT ( 'NONE', #1352 ) ;
#1861 = ORIENTED_EDGE ( 'NONE', *, *, #3475, .F. ) ;
#1862 = CIRCLE ( 'NONE', #1713, 16.00000000000000000 ) ;
#1863 = CARTESIAN_POINT ( 'NONE',  ( 15.00000000000000178, 37.58145647212453611, 0.6853352020791819710 ) ) ;
#1864 = DIRECTION ( 'NONE',  ( -1.000000000000000000, 0.000000000000000000, 0.000000000000000000 ) ) ;
#1865 = DIRECTION ( 'NONE',  ( -1.000000000000000000, 0.000000000000000000, -0.000000000000000000 ) ) ;
#1866 = CARTESIAN_POINT ( 'NONE',  ( 15.00000000000000178, 18.62763138773850713, 2.494040418455416575 ) ) ;
#1867 = AXIS2_PLACEMENT_3D ( 'NONE', #7800, #107, #1534 ) ;
#1868 = CARTESIAN_POINT ( 'NONE',  ( 15.00000000000000178, 0.000000000000000000, 0.000000000000000000 ) ) ;
#1869 = EDGE_CURVE ( 'NONE', #1860, #5234, #4159, .T. ) ;
#1870 = ORIENTED_EDGE ( 'NONE', *, *, #2461, .T. ) ;
#1871 = VECTOR ( 'NONE', #2594, 1000.000000000000000 ) ;
#1872 = DIRECTION ( 'NONE',  ( 0.000000000000000000, -0.5877852522924625900, -0.8090169943749551118 ) ) ;
#1873 = DIRECTION ( 'NONE',  ( -1.000000000000000000, 0.000000000000000000, 0.000000000000000000 ) ) ;
#1874 = CARTESIAN_POINT ( 'NONE',  ( 0.000000000000000000, -21.32104025579092976, -30.84782396557241313 ) ) ;
#1875 = ORIENTED_EDGE ( 'NONE', *, *, #3367, .F. ) ;
#1876 = ORIENTED_EDGE ( 'NONE', *, *, #4565, .F. ) ;
#1877 = ORIENTED_EDGE ( 'NONE', *, *, #3826, .F. ) ;
#1878 = ORIENTED_EDGE ( 'NONE', *, *, #5469, .T. ) ;
#1879 = ORIENTED_EDGE ( 'NONE', *, *, #8013, .F. ) ;
#1880 = DIRECTION ( 'NONE',  ( -1.000000000000000000, 0.000000000000000000, 0.000000000000000000 ) ) ;
#1881 = CARTESIAN_POINT ( 'NONE',  ( 15.00000000000000178, 0.000000000000000000, 0.000000000000000000 ) ) ;
#1882 = CARTESIAN_POINT ( 'NONE',  ( 15.00000000000000178, 6.736453364084083795, -36.88895765772626589 ) ) ;
#1883 = DIRECTION ( 'NONE',  ( -1.000000000000000000, 0.000000000000000000, 0.000000000000000000 ) ) ;
#1884 = CARTESIAN_POINT ( 'NONE',  ( 15.00000000000000178, 0.000000000000000000, 0.000000000000000000 ) ) ;
#1885 = DIRECTION ( 'NONE',  ( -1.000000000000000000, 0.000000000000000000, -0.000000000000000000 ) ) ;
#1886 = CARTESIAN_POINT ( 'NONE',  ( 0.000000000000000000, 22.64427369931212652, -30.00120703465181293 ) ) ;
#1887 = AXIS2_PLACEMENT_3D ( 'NONE', #6782, #1187, #5418 ) ;
#1888 = AXIS2_PLACEMENT_3D ( 'NONE', #1582, #2913, #6311 ) ;
#1889 = ORIENTED_EDGE ( 'NONE', *, *, #8671, .T. ) ;
#1890 = EDGE_LOOP ( 'NONE', ( #6016, #4956, #3578, #7621 ) ) ;
#1891 = VERTEX_POINT ( 'NONE', #2089 ) ;
#1892 = EDGE_LOOP ( 'NONE', ( #2463, #5035, #7037, #652 ) ) ;
#1893 = EDGE_CURVE ( 'NONE', #3720, #149, #3838, .T. ) ;
#1894 = DIRECTION ( 'NONE',  ( -1.000000000000000000, 0.000000000000000000, -0.000000000000000000 ) ) ;
#1895 = DIRECTION ( 'NONE',  ( -1.000000000000000000, 0.000000000000000000, -0.000000000000000000 ) ) ;
#1896 = DIRECTION ( 'NONE',  ( 0.000000000000000000, 0.3090169943749482839, -0.9510565162951533091 ) ) ;
#1897 = DIRECTION ( 'NONE',  ( -1.000000000000000000, 0.000000000000000000, 0.000000000000000000 ) ) ;
#1898 = ORIENTED_EDGE ( 'NONE', *, *, #7475, .F. ) ;
#1899 = VECTOR ( 'NONE', #6665, 1000.000000000000000 ) ;
#1900 = ORIENTED_EDGE ( 'NONE', *, *, #5741, .T. ) ;
#1901 = ORIENTED_EDGE ( 'NONE', *, *, #6527, .F. ) ;
#1902 = DIRECTION ( 'NONE',  ( -1.000000000000000000, 0.000000000000000000, 0.000000000000000000 ) ) ;
#1903 = VECTOR ( 'NONE', #169, 1000.000000000000000 ) ;
#1904 = DIRECTION ( 'NONE',  ( 0.000000000000000000, 0.000000000000000000, 1.000000000000000000 ) ) ;
#1905 = DIRECTION ( 'NONE',  ( -1.000000000000000000, 0.000000000000000000, -0.000000000000000000 ) ) ;
#1906 = CARTESIAN_POINT ( 'NONE',  ( 15.00000000000000178, -8.128228055638970773, 16.94522934049207663 ) ) ;
#1907 = DIRECTION ( 'NONE',  ( 0.000000000000000000, 0.1564344650402311743, -0.9876883405951377704 ) ) ;
#1908 = AXIS2_PLACEMENT_3D ( 'NONE', #3555, #4292, #6994 ) ;
#1909 = ADVANCED_FACE ( 'NONE', ( #714 ), #7674, .T. ) ;
#1910 =( GEOMETRIC_REPRESENTATION_CONTEXT ( 3 ) GLOBAL_UNCERTAINTY_ASSIGNED_CONTEXT ( ( #644 ) ) GLOBAL_UNIT_ASSIGNED_CONTEXT ( ( #5379, #6832, #8832 ) ) REPRESENTATION_CONTEXT ( 'NONE', 'WORKASPACE' ) );
#1911 = ORIENTED_EDGE ( 'NONE', *, *, #3643, .T. ) ;
#1912 = EDGE_CURVE ( 'NONE', #6554, #784, #5742, .T. ) ;
#1913 = EDGE_CURVE ( 'NONE', #4681, #7459, #2808, .T. ) ;
#1914 = DIRECTION ( 'NONE',  ( -1.000000000000000000, 0.000000000000000000, 0.000000000000000000 ) ) ;
#1915 = CYLINDRICAL_SURFACE ( 'NONE', #8684, 42.00000000000000000 ) ;
#1916 = DIRECTION ( 'NONE',  ( 0.000000000000000000, 0.000000000000000000, 1.000000000000000000 ) ) ;
#1917 = ADVANCED_FACE ( 'NONE', ( #7087 ), #2871, .T. ) ;
#1918 = CIRCLE ( 'NONE', #6883, 17.49900000000000588 ) ;
#1919 = VERTEX_POINT ( 'NONE', #1495 ) ;
#1920 = VERTEX_POINT ( 'NONE', #4296 ) ;
#1921 = VERTEX_POINT ( 'NONE', #2691 ) ;
#1922 = DIRECTION ( 'NONE',  ( -1.000000000000000000, -0.000000000000000000, 0.000000000000000000 ) ) ;
#1923 = DIRECTION ( 'NONE',  ( 0.000000000000000000, 0.000000000000000000, 1.000000000000000000 ) ) ;
#1924 = DIRECTION ( 'NONE',  ( 0.000000000000000000, 0.000000000000000000, 1.000000000000000000 ) ) ;
#1925 = EDGE_CURVE ( 'NONE', #7410, #2007, #3986, .T. ) ;
#1926 = DIRECTION ( 'NONE',  ( -1.000000000000000000, 0.000000000000000000, 0.000000000000000000 ) ) ;
#1927 = DIRECTION ( 'NONE',  ( -1.000000000000000000, 0.000000000000000000, 0.000000000000000000 ) ) ;
#1928 = DIRECTION ( 'NONE',  ( 0.000000000000000000, 0.9876883405951381034, -0.1564344650402276216 ) ) ;
#1929 = CARTESIAN_POINT ( 'NONE',  ( 0.000000000000000000, 0.6853352020795687727, -37.58145647212452900 ) ) ;
#1930 = DIRECTION ( 'NONE',  ( 0.000000000000000000, 0.000000000000000000, 1.000000000000000000 ) ) ;
#1931 = VERTEX_POINT ( 'NONE', #8674 ) ;
#1932 = ADVANCED_FACE ( 'NONE', ( #1632 ), #7304, .T. ) ;
#1933 = ORIENTED_EDGE ( 'NONE', *, *, #2949, .F. ) ;
#1934 = ORIENTED_EDGE ( 'NONE', *, *, #431, .F. ) ;
#1935 = ORIENTED_EDGE ( 'NONE', *, *, #1869, .T. ) ;
#1936 = EDGE_CURVE ( 'NONE', #753, #2587, #2367, .T. ) ;
#1937 = DIRECTION ( 'NONE',  ( 0.000000000000000000, 0.000000000000000000, 1.000000000000000000 ) ) ;
#1938 = FACE_OUTER_BOUND ( 'NONE', #6991, .T. ) ;
#1939 = DIRECTION ( 'NONE',  ( 0.000000000000000000, -0.4539904997395542430, 0.8910065241883641241 ) ) ;
#1940 = CYLINDRICAL_SURFACE ( 'NONE', #7112, 17.49900000000000233 ) ;
#1941 = ORIENTED_EDGE ( 'NONE', *, *, #8509, .T. ) ;
#1942 = AXIS2_PLACEMENT_3D ( 'NONE', #8020, #6459, #181 ) ;
#1943 = ORIENTED_EDGE ( 'NONE', *, *, #8506, .T. ) ;
#1944 = VERTEX_POINT ( 'NONE', #7128 ) ;
#1945 = LINE ( 'NONE', #568, #8107 ) ;
#1946 = CARTESIAN_POINT ( 'NONE',  ( 0.000000000000000000, 33.79645857604513992, -16.45098606841137467 ) ) ;
#1947 = CIRCLE ( 'NONE', #1354, 16.00000000000000000 ) ;
#1948 = LINE ( 'NONE', #6758, #4509 ) ;
#1949 = CARTESIAN_POINT ( 'NONE',  ( 15.00000000000000178, -0.9861715913088882068, 17.47118961583599273 ) ) ;
#1950 = DIRECTION ( 'NONE',  ( 0.000000000000000000, 1.000000000000000000, 3.491481338843133750E-15 ) ) ;
#1951 = CIRCLE ( 'NONE', #340, 16.00000000000000000 ) ;
#1952 = AXIS2_PLACEMENT_3D ( 'NONE', #1884, #4686, #5326 ) ;
#1953 = CIRCLE ( 'NONE', #3883, 21.99999999999999289 ) ;
#1954 = ORIENTED_EDGE ( 'NONE', *, *, #2584, .F. ) ;
#1955 = CARTESIAN_POINT ( 'NONE',  ( 0.000000000000000000, 35.47612816024523852, 22.48208911017513500 ) ) ;
#1956 = AXIS2_PLACEMENT_3D ( 'NONE', #8303, #7707, #7159 ) ;
#1957 = FACE_OUTER_BOUND ( 'NONE', #3278, .T. ) ;
#1958 = AXIS2_PLACEMENT_3D ( 'NONE', #9046, #4997, #5683 ) ;
#1959 = EDGE_CURVE ( 'NONE', #1806, #6965, #1197, .T. ) ;
#1960 = AXIS2_PLACEMENT_3D ( 'NONE', #3140, #6664, #6524 ) ;
#1961 = LINE ( 'NONE', #3936, #3298 ) ;
#1962 = EDGE_CURVE ( 'NONE', #2064, #6754, #7773, .T. ) ;
#1963 = AXIS2_PLACEMENT_3D ( 'NONE', #2937, #7020, #4329 ) ;
#1964 = AXIS2_PLACEMENT_3D ( 'NONE', #3518, #7822, #6449 ) ;
#1965 = AXIS2_PLACEMENT_3D ( 'NONE', #8988, #7491, #8355 ) ;
#1966 = ORIENTED_EDGE ( 'NONE', *, *, #4, .T. ) ;
#1967 = ORIENTED_EDGE ( 'NONE', *, *, #8509, .F. ) ;
#1968 = VECTOR ( 'NONE', #4965, 1000.000000000000000 ) ;
#1969 = ORIENTED_EDGE ( 'NONE', *, *, #2961, .F. ) ;
#1970 = DIRECTION ( 'NONE',  ( -1.000000000000000000, -0.000000000000000000, -0.000000000000000000 ) ) ;
#1971 = CARTESIAN_POINT ( 'NONE',  ( 15.00000000000000178, 37.22597642581158084, 10.79786254984348304 ) ) ;
#1972 = LINE ( 'NONE', #3307, #6918 ) ;
#1974 = CARTESIAN_POINT ( 'NONE',  ( 15.00000000000000178, 0.000000000000000000, 37.49900000000000944 ) ) ;
#1973 = VECTOR ( 'NONE', #3059, 1000.000000000000000 ) ;
#1975 = CARTESIAN_POINT ( 'NONE',  ( 15.00000000000000178, -8.128228055638727412, -16.94522934049219387 ) ) ;
#1976 = DIRECTION ( 'NONE',  ( 1.000000000000000000, -0.000000000000000000, -0.000000000000000000 ) ) ;
#1977 = CARTESIAN_POINT ( 'NONE',  ( -10.00000000000000000, 0.000000000000000000, 0.000000000000000000 ) ) ;
#1978 = ORIENTED_EDGE ( 'NONE', *, *, #2787, .T. ) ;
#1979 = ORIENTED_EDGE ( 'NONE', *, *, #1718, .T. ) ;
#1980 = ORIENTED_EDGE ( 'NONE', *, *, #3621, .T. ) ;
#1981 = ORIENTED_EDGE ( 'NONE', *, *, #7392, .F. ) ;
#1982 = ORIENTED_EDGE ( 'NONE', *, *, #7480, .F. ) ;
#1983 = DIRECTION ( 'NONE',  ( -1.000000000000000000, 0.000000000000000000, -0.000000000000000000 ) ) ;
#1984 = DIRECTION ( 'NONE',  ( -1.000000000000000000, 0.000000000000000000, 0.000000000000000000 ) ) ;
#1985 = DIRECTION ( 'NONE',  ( -1.000000000000000000, 0.000000000000000000, -0.000000000000000000 ) ) ;
#1986 = DIRECTION ( 'NONE',  ( -1.000000000000000000, 0.000000000000000000, 0.000000000000000000 ) ) ;
#1987 = AXIS2_PLACEMENT_3D ( 'NONE', #3693, #117, #217 ) ;
#1988 = ORIENTED_EDGE ( 'NONE', *, *, #4871, .T. ) ;
#1989 = EDGE_LOOP ( 'NONE', ( #7738, #7423, #8867, #5047 ) ) ;
#1990 = EDGE_LOOP ( 'NONE', ( #320, #2285, #7266, #1137 ) ) ;
#1991 = CARTESIAN_POINT ( 'NONE',  ( 15.00000000000000178, 0.000000000000000000, 0.000000000000000000 ) ) ;
#1992 = CIRCLE ( 'NONE', #6245, 42.00000000000000000 ) ;
#1993 = FACE_OUTER_BOUND ( 'NONE', #7589, .T. ) ;
#1994 = DIRECTION ( 'NONE',  ( 0.000000000000000000, 0.000000000000000000, 1.000000000000000000 ) ) ;
#1995 = CARTESIAN_POINT ( 'NONE',  ( 15.00000000000000178, 30.80686688397041451, -21.53537804866047978 ) ) ;
#1996 = CARTESIAN_POINT ( 'NONE',  ( 0.000000000000000000, 15.17386234660404298, -15.92965478239599619 ) ) ;
#1997 = CIRCLE ( 'NONE', #1705, 15.99999999999999822 ) ;
#1998 = AXIS2_PLACEMENT_3D ( 'NONE', #8255, #1986, #6203 ) ;
#1999 = ORIENTED_EDGE ( 'NONE', *, *, #1959, .F. ) ;
#2000 = CARTESIAN_POINT ( 'NONE',  ( 15.00000000000000178, 0.000000000000000000, 0.000000000000000000 ) ) ;
#2001 = DIRECTION ( 'NONE',  ( -1.000000000000000000, 0.000000000000000000, 0.000000000000000000 ) ) ;
#2002 = ADVANCED_FACE ( 'NONE', ( #4389 ), #6539, .T. ) ;
#2003 = VECTOR ( 'NONE', #5525, 1000.000000000000000 ) ;
#2004 = CARTESIAN_POINT ( 'NONE',  ( 15.00000000000000178, 4.460989585141200031, -16.92083251265320953 ) ) ;
#2005 = EDGE_CURVE ( 'NONE', #4033, #2031, #4570, .T. ) ;
#2006 = EDGE_CURVE ( 'NONE', #4100, #4500, #1544, .T. ) ;
#2007 = VERTEX_POINT ( 'NONE', #2222 ) ;
#2008 = ORIENTED_EDGE ( 'NONE', *, *, #243, .T. ) ;
#2009 = CYLINDRICAL_SURFACE ( 'NONE', #7415, 16.00000000000000000 ) ;
#2010 = CARTESIAN_POINT ( 'NONE',  ( 0.000000000000000000, 0.000000000000000000, 0.000000000000000000 ) ) ;
#2011 = EDGE_CURVE ( 'NONE', #8149, #2333, #6179, .T. ) ;
#2012 = DIRECTION ( 'NONE',  ( -1.000000000000000000, 0.000000000000000000, -0.000000000000000000 ) ) ;
#2013 = FACE_OUTER_BOUND ( 'NONE', #4849, .T. ) ;
#2014 = CARTESIAN_POINT ( 'NONE',  ( 15.00000000000000178, 16.31134495048482691, 6.336799421339865290 ) ) ;
#2015 = CARTESIAN_POINT ( 'NONE',  ( 15.00000000000000178, 22.64427369931169665, 30.00120703465212912 ) ) ;
#2016 = EDGE_CURVE ( 'NONE', #7830, #2620, #3742, .T. ) ;
#2017 = CARTESIAN_POINT ( 'NONE',  ( 7.500000000000002665, -15.17386234660392219, 15.92965478239610810 ) ) ;
#2018 = DIRECTION ( 'NONE',  ( 0.000000000000000000, 0.7071067811865486830, -0.7071067811865462405 ) ) ;
#2019 = ORIENTED_EDGE ( 'NONE', *, *, #4911, .T. ) ;
#2020 = ORIENTED_EDGE ( 'NONE', *, *, #5890, .F. ) ;
#2021 = ORIENTED_EDGE ( 'NONE', *, *, #3539, .F. ) ;
#2022 = ORIENTED_EDGE ( 'NONE', *, *, #56, .T. ) ;
#2023 = VERTEX_POINT ( 'NONE', #8629 ) ;
#2024 = EDGE_CURVE ( 'NONE', #5591, #7445, #5758, .T. ) ;
#2025 = DIRECTION ( 'NONE',  ( 0.000000000000000000, 0.3090169943749482839, -0.9510565162951534202 ) ) ;
#2026 = CARTESIAN_POINT ( 'NONE',  ( 0.000000000000000000, 3.925862922256167842, 41.81611651403863306 ) ) ;
#2027 = CARTESIAN_POINT ( 'NONE',  ( 0.000000000000000000, 33.80338159004307386, -16.23288003029462345 ) ) ;
#2028 = DIRECTION ( 'NONE',  ( -1.000000000000000000, 0.000000000000000000, -0.000000000000000000 ) ) ;
#2029 = EDGE_CURVE ( 'NONE', #2478, #5108, #8074, .T. ) ;
#2030 = CARTESIAN_POINT ( 'NONE',  ( 15.00000000000000178, 35.95386929396241271, 10.96151621346552041 ) ) ;
#2031 = VERTEX_POINT ( 'NONE', #5028 ) ;
#2032 = ORIENTED_EDGE ( 'NONE', *, *, #6116, .T. ) ;
#2033 = CARTESIAN_POINT ( 'NONE',  ( 0.000000000000000000, -16.45098606841149191, 33.79645857604508308 ) ) ;
#2034 = LINE ( 'NONE', #2763, #8239 ) ;
#2035 = DIRECTION ( 'NONE',  ( -1.000000000000000000, 0.000000000000000000, 0.000000000000000000 ) ) ;
#2036 = CARTESIAN_POINT ( 'NONE',  ( 0.000000000000000000, 0.000000000000000000, 0.000000000000000000 ) ) ;
#2037 = CYLINDRICAL_SURFACE ( 'NONE', #1848, 17.49900000000000233 ) ;
#2038 = AXIS2_PLACEMENT_3D ( 'NONE', #7838, #2204, #1563 ) ;
#2039 = AXIS2_PLACEMENT_3D ( 'NONE', #4456, #7238, #2514 ) ;
#2040 = ORIENTED_EDGE ( 'NONE', *, *, #4208, .T. ) ;
#2041 = EDGE_CURVE ( 'NONE', #8836, #4088, #3061, .T. ) ;
#2042 = VERTEX_POINT ( 'NONE', #987 ) ;
#2043 = AXIS2_PLACEMENT_3D ( 'NONE', #1551, #807, #6450 ) ;
#2044 = LINE ( 'NONE', #4844, #6943 ) ;
#2045 = DIRECTION ( 'NONE',  ( -1.000000000000000000, 0.000000000000000000, 0.000000000000000000 ) ) ;
#2046 = EDGE_CURVE ( 'NONE', #1359, #8696, #2957, .T. ) ;
#2047 = CIRCLE ( 'NONE', #2189, 16.00000000000000000 ) ;
#2048 = CARTESIAN_POINT ( 'NONE',  ( 0.000000000000000000, 19.35373470438996790, -10.46102064772318663 ) ) ;
#2049 = EDGE_CURVE ( 'NONE', #5537, #8694, #8585, .T. ) ;
#2050 = DIRECTION ( 'NONE',  ( 0.000000000000000000, 1.000000000000000000, 3.469446951953614189E-15 ) ) ;
#2051 = ADVANCED_FACE ( 'NONE', ( #5078 ), #1680, .T. ) ;
#2052 = ADVANCED_FACE ( 'NONE', ( #6484 ), #6579, .T. ) ;
#2053 = EDGE_LOOP ( 'NONE', ( #2941, #8204, #190, #5687 ) ) ;
#2054 = VERTEX_POINT ( 'NONE', #5121 ) ;
#2055 = CYLINDRICAL_SURFACE ( 'NONE', #5088, 42.00000000000000000 ) ;
#2056 = DIRECTION ( 'NONE',  ( -1.000000000000000000, -0.000000000000000000, -0.000000000000000000 ) ) ;
#2057 = AXIS2_PLACEMENT_3D ( 'NONE', #4444, #2235, #1594 ) ;
#2058 = CARTESIAN_POINT ( 'NONE',  ( 15.00000000000000178, 0.000000000000000000, 0.000000000000000000 ) ) ;
#2059 = DIRECTION ( 'NONE',  ( -1.000000000000000000, -0.000000000000000000, -0.000000000000000000 ) ) ;
#2060 = CARTESIAN_POINT ( 'NONE',  ( 0.000000000000000000, 0.000000000000000000, 0.000000000000000000 ) ) ;
#2061 = LINE ( 'NONE', #6869, #8097 ) ;
#2062 = DIRECTION ( 'NONE',  ( 0.000000000000000000, 0.000000000000000000, 1.000000000000000000 ) ) ;
#2063 = ORIENTED_EDGE ( 'NONE', *, *, #1088, .F. ) ;
#2064 = VERTEX_POINT ( 'NONE', #4751 ) ;
#2065 = VERTEX_POINT ( 'NONE', #4710 ) ;
#2066 = VERTEX_POINT ( 'NONE', #8799 ) ;
#2067 = EDGE_LOOP ( 'NONE', ( #4462, #3249, #5678, #5511 ) ) ;
#2068 = FACE_OUTER_BOUND ( 'NONE', #3725, .T. ) ;
#2069 = LINE ( 'NONE', #4231, #1299 ) ;
#2070 = DIRECTION ( 'NONE',  ( -1.000000000000000000, 0.000000000000000000, -0.000000000000000000 ) ) ;
#2071 = DIRECTION ( 'NONE',  ( -1.000000000000000000, 0.000000000000000000, -0.000000000000000000 ) ) ;
#2072 = DIRECTION ( 'NONE',  ( 0.000000000000000000, 0.1564344650402312020, -0.9876883405951375483 ) ) ;
#2073 = EDGE_CURVE ( 'NONE', #6953, #8836, #1640, .T. ) ;
#2074 = ORIENTED_EDGE ( 'NONE', *, *, #4989, .T. ) ;
#2075 = VERTEX_POINT ( 'NONE', #4622 ) ;
#2076 = EDGE_CURVE ( 'NONE', #1130, #4544, #3331, .T. ) ;
#2077 = AXIS2_PLACEMENT_3D ( 'NONE', #6360, #5623, #8405 ) ;
#2078 = CARTESIAN_POINT ( 'NONE',  ( 15.00000000000000178, 0.000000000000000000, 0.000000000000000000 ) ) ;
#2079 = CARTESIAN_POINT ( 'NONE',  ( 15.00000000000000178, 36.13751322684449718, -21.40280677340332360 ) ) ;
#2080 = LINE ( 'NONE', #609, #5261 ) ;
#2081 = DIRECTION ( 'NONE',  ( -1.000000000000000000, -0.000000000000000000, 0.000000000000000000 ) ) ;
#2082 = CARTESIAN_POINT ( 'NONE',  ( 15.00000000000000178, 0.000000000000000000, 0.000000000000000000 ) ) ;
#2083 = VECTOR ( 'NONE', #7883, 1000.000000000000000 ) ;
#2084 = EDGE_LOOP ( 'NONE', ( #6698, #5763, #1559, #1110 ) ) ;
#2085 = ORIENTED_EDGE ( 'NONE', *, *, #7826, .T. ) ;
#2086 = DIRECTION ( 'NONE',  ( -1.000000000000000000, 0.000000000000000000, 0.000000000000000000 ) ) ;
#2087 = DIRECTION ( 'NONE',  ( 0.000000000000000000, 0.000000000000000000, 1.000000000000000000 ) ) ;
#2088 = VECTOR ( 'NONE', #7460, 1000.000000000000000 ) ;
#2089 = CARTESIAN_POINT ( 'NONE',  ( 15.00000000000000178, -35.38097989696521495, 12.42422080174624810 ) ) ;
#2090 = CIRCLE ( 'NONE', #6630, 37.49900000000001654 ) ;
#2091 = DIRECTION ( 'NONE',  ( 0.000000000000000000, 0.8090169943749445647, 0.5877852522924770229 ) ) ;
#2092 = ADVANCED_FACE ( 'NONE', ( #1814 ), #2638, .T. ) ;
#2093 = ORIENTED_EDGE ( 'NONE', *, *, #2386, .F. ) ;
#2094 = AXIS2_PLACEMENT_3D ( 'NONE', #8284, #3351, #3311 ) ;
#2095 = VERTEX_POINT ( 'NONE', #8758 ) ;
#2096 = CIRCLE ( 'NONE', #7214, 8.000000000000003553 ) ;
#2097 = VERTEX_POINT ( 'NONE', #3973 ) ;
#2098 = LINE ( 'NONE', #8277, #7316 ) ;
#2099 = DIRECTION ( 'NONE',  ( -1.000000000000000000, 0.000000000000000000, 0.000000000000000000 ) ) ;
#2100 = DIRECTION ( 'NONE',  ( 0.000000000000000000, 0.000000000000000000, 1.000000000000000000 ) ) ;
#2101 = VECTOR ( 'NONE', #4506, 1000.000000000000000 ) ;
#2102 = LINE ( 'NONE', #7009, #5183 ) ;
#2103 = DIRECTION ( 'NONE',  ( 0.000000000000000000, 0.000000000000000000, -1.000000000000000000 ) ) ;
#2104 = AXIS2_PLACEMENT_3D ( 'NONE', #4026, #9031, #6224 ) ;
#2105 = EDGE_LOOP ( 'NONE', ( #6564, #8692, #6699, #5053 ) ) ;
#2106 = LINE ( 'NONE', #766, #2600 ) ;
#2107 = VERTEX_POINT ( 'NONE', #5356 ) ;
#2108 = ORIENTED_EDGE ( 'NONE', *, *, #87, .T. ) ;
#2109 = EDGE_CURVE ( 'NONE', #4386, #3166, #3250, .T. ) ;
#2110 = ORIENTED_EDGE ( 'NONE', *, *, #6214, .F. ) ;
#2111 = ORIENTED_EDGE ( 'NONE', *, *, #230, .F. ) ;
#2112 = CIRCLE ( 'NONE', #617, 42.00000000000000000 ) ;
#2113 = DIRECTION ( 'NONE',  ( 0.000000000000000000, 0.9876883405951372152, 0.1564344650402346160 ) ) ;
#2114 = DIRECTION ( 'NONE',  ( 0.000000000000000000, 0.000000000000000000, -1.000000000000000000 ) ) ;
#2115 = AXIS2_PLACEMENT_3D ( 'NONE', #3814, #8651, #1748 ) ;
#2116 = DIRECTION ( 'NONE',  ( -1.000000000000000000, 0.000000000000000000, 0.000000000000000000 ) ) ;
#2117 = CARTESIAN_POINT ( 'NONE',  ( 15.00000000000000178, 15.92965478239638522, -15.17386234660363797 ) ) ;
#2118 = CARTESIAN_POINT ( 'NONE',  ( 15.00000000000000178, 0.000000000000000000, 0.000000000000000000 ) ) ;
#2119 = CARTESIAN_POINT ( 'NONE',  ( 15.00000000000000178, 0.000000000000000000, 0.000000000000000000 ) ) ;
#2120 = EDGE_CURVE ( 'NONE', #4649, #8444, #5441, .T. ) ;
#2121 = CIRCLE ( 'NONE', #1091, 16.00000000000000000 ) ;
#2122 = EDGE_LOOP ( 'NONE', ( #7613, #4406, #4394, #2750 ) ) ;
#2123 = EDGE_CURVE ( 'NONE', #1696, #7113, #3927, .T. ) ;
#2124 = ORIENTED_EDGE ( 'NONE', *, *, #3874, .T. ) ;
#2125 = CARTESIAN_POINT ( 'NONE',  ( 15.00000000000000178, 0.000000000000000000, 0.000000000000000000 ) ) ;
#2126 = EDGE_CURVE ( 'NONE', #3167, #6454, #1948, .T. ) ;
#2127 = CIRCLE ( 'NONE', #3306, 21.99999999999999289 ) ;
#2128 = DIRECTION ( 'NONE',  ( 0.000000000000000000, 0.000000000000000000, -1.000000000000000000 ) ) ;
#2129 = DIRECTION ( 'NONE',  ( 0.000000000000000000, -6.938893903907228378E-15, 1.000000000000000000 ) ) ;
#2130 = DIRECTION ( 'NONE',  ( -1.000000000000000000, 0.000000000000000000, 0.000000000000000000 ) ) ;
#2131 = AXIS2_PLACEMENT_3D ( 'NONE', #4237, #8384, #6253 ) ;
#2132 = ADVANCED_FACE ( 'NONE', ( #5989 ), #528, .T. ) ;
#2133 = ORIENTED_EDGE ( 'NONE', *, *, #4494, .T. ) ;
#2134 = ORIENTED_EDGE ( 'NONE', *, *, #2126, .F. ) ;
#2135 = CARTESIAN_POINT ( 'NONE',  ( 0.000000000000000000, 0.000000000000000000, 0.000000000000000000 ) ) ;
#2136 = DIRECTION ( 'NONE',  ( 0.000000000000000000, 1.000000000000000000, 3.491481338843133750E-15 ) ) ;
#2137 = DIRECTION ( 'NONE',  ( -1.000000000000000000, 0.000000000000000000, -0.000000000000000000 ) ) ;
#2138 = DIRECTION ( 'NONE',  ( -1.000000000000000000, 0.000000000000000000, 0.000000000000000000 ) ) ;
#2139 = VECTOR ( 'NONE', #5515, 1000.000000000000000 ) ;
#2140 = EDGE_CURVE ( 'NONE', #2609, #3247, #8029, .T. ) ;
#2141 = ORIENTED_EDGE ( 'NONE', *, *, #579, .T. ) ;
#2142 = EDGE_LOOP ( 'NONE', ( #8796, #5203, #7976, #1194 ) ) ;
#2143 = FACE_OUTER_BOUND ( 'NONE', #4706, .T. ) ;
#2144 = FACE_OUTER_BOUND ( 'NONE', #5093, .T. ) ;
#2145 = VECTOR ( 'NONE', #7929, 1000.000000000000000 ) ;
#2146 = CARTESIAN_POINT ( 'NONE',  ( 0.000000000000000000, 12.42422080174687871, -35.38097989696499468 ) ) ;
#2147 = CARTESIAN_POINT ( 'NONE',  ( 15.00000000000000178, -21.32104025579092976, -30.84782396557241313 ) ) ;
#2148 = CARTESIAN_POINT ( 'NONE',  ( 15.00000000000000178, 22.64427369931169665, 30.00120703465212912 ) ) ;
#2149 = CARTESIAN_POINT ( 'NONE',  ( 15.00000000000000178, 2.912696353506118552, -21.80633394113444012 ) ) ;
#2150 = AXIS2_PLACEMENT_3D ( 'NONE', #4148, #8983, #2727 ) ;
#2151 = ORIENTED_EDGE ( 'NONE', *, *, #5541, .T. ) ;
#2152 = ORIENTED_EDGE ( 'NONE', *, *, #6718, .T. ) ;
#2153 = EDGE_LOOP ( 'NONE', ( #1875, #4651, #4368, #8188 ) ) ;
#2154 = AXIS2_PLACEMENT_3D ( 'NONE', #6889, #8937, #5524 ) ;
#2155 = ORIENTED_EDGE ( 'NONE', *, *, #3701, .F. ) ;
#2156 = ORIENTED_EDGE ( 'NONE', *, *, #4115, .F. ) ;
#2157 = DIRECTION ( 'NONE',  ( 1.000000000000000000, 0.000000000000000000, 0.000000000000000000 ) ) ;
#2158 = DIRECTION ( 'NONE',  ( -1.000000000000000000, -0.000000000000000000, 0.000000000000000000 ) ) ;
#2159 = DIRECTION ( 'NONE',  ( 1.000000000000000000, 0.000000000000000000, 0.000000000000000000 ) ) ;
#2160 = CYLINDRICAL_SURFACE ( 'NONE', #5874, 42.00000000000000000 ) ;
#2161 = DIRECTION ( 'NONE',  ( 0.000000000000000000, -0.4539904997395541320, 0.8910065241883640130 ) ) ;
#2162 = EDGE_CURVE ( 'NONE', #3205, #5383, #5676, .T. ) ;
#2163 = DIRECTION ( 'NONE',  ( 0.000000000000000000, -0.8090169943749531134, 0.5877852522924653655 ) ) ;
#2164 = EDGE_CURVE ( 'NONE', #5383, #3291, #2540, .T. ) ;
#2165 = VERTEX_POINT ( 'NONE', #8135 ) ;
#2166 = ORIENTED_EDGE ( 'NONE', *, *, #8994, .F. ) ;
#2167 = ORIENTED_EDGE ( 'NONE', *, *, #4633, .T. ) ;
#2168 = VECTOR ( 'NONE', #4469, 1000.000000000000000 ) ;
#2169 = DIRECTION ( 'NONE',  ( -1.000000000000000000, 0.000000000000000000, 0.000000000000000000 ) ) ;
#2170 = SHAPE_DEFINITION_REPRESENTATION ( #7539, #6961 ) ;
#2171 = DIRECTION ( 'NONE',  ( 0.000000000000000000, 0.000000000000000000, -1.000000000000000000 ) ) ;
#2172 = CARTESIAN_POINT ( 'NONE',  ( 0.000000000000000000, 0.000000000000000000, 0.000000000000000000 ) ) ;
#2173 = DIRECTION ( 'NONE',  ( 0.000000000000000000, 0.9510565162951521989, 0.3090169943749515591 ) ) ;
#2174 = CIRCLE ( 'NONE', #3353, 42.00000000000000000 ) ;
#2175 = VERTEX_POINT ( 'NONE', #6622 ) ;
#2176 = VERTEX_POINT ( 'NONE', #1167 ) ;
#2177 = DIRECTION ( 'NONE',  ( 0.000000000000000000, 0.000000000000000000, 1.000000000000000000 ) ) ;
#2178 = DIRECTION ( 'NONE',  ( -1.000000000000000000, 0.000000000000000000, -0.000000000000000000 ) ) ;
#2179 = CARTESIAN_POINT ( 'NONE',  ( 15.00000000000000178, 35.92658777277511462, 10.74501242461296080 ) ) ;
#2180 = DIRECTION ( 'NONE',  ( 0.000000000000000000, -0.5877852522924802425, 0.8090169943749423442 ) ) ;
#2181 = DIRECTION ( 'NONE',  ( -1.000000000000000000, -0.000000000000000000, 0.000000000000000000 ) ) ;
#2182 = AXIS2_PLACEMENT_3D ( 'NONE', #5153, #6525, #8658 ) ;
#2183 = EDGE_CURVE ( 'NONE', #7932, #380, #5944, .T. ) ;
#2184 = AXIS2_PLACEMENT_3D ( 'NONE', #7314, #8768, #7405 ) ;
#2185 = EDGE_LOOP ( 'NONE', ( #8005, #8557, #4555, #5960 ) ) ;
#2186 = ORIENTED_EDGE ( 'NONE', *, *, #8339, .F. ) ;
#2187 = LINE ( 'NONE', #5630, #6651 ) ;
#2188 = CYLINDRICAL_SURFACE ( 'NONE', #3220, 16.00000000000000355 ) ;
#2189 = AXIS2_PLACEMENT_3D ( 'NONE', #6781, #73, #8357 ) ;
#2190 = EDGE_CURVE ( 'NONE', #8924, #6554, #5399, .T. ) ;
#2191 = CARTESIAN_POINT ( 'NONE',  ( 7.500000000000002665, -9.508666619816487753, -19.83898331853694330 ) ) ;
#2192 = CIRCLE ( 'NONE', #4546, 37.49900000000001654 ) ;
#2193 = CARTESIAN_POINT ( 'NONE',  ( 15.00000000000000178, 19.35373470438981869, 10.46102064772346729 ) ) ;
#2194 = DIRECTION ( 'NONE',  ( -1.000000000000000000, -0.000000000000000000, 0.000000000000000000 ) ) ;
#2195 = ORIENTED_EDGE ( 'NONE', *, *, #4898, .F. ) ;
#2196 = DIRECTION ( 'NONE',  ( -1.000000000000000000, 0.000000000000000000, -0.000000000000000000 ) ) ;
#2197 = AXIS2_PLACEMENT_3D ( 'NONE', #6355, #2086, #8487 ) ;
#2198 = ORIENTED_EDGE ( 'NONE', *, *, #100, .F. ) ;
#2199 = VERTEX_POINT ( 'NONE', #398 ) ;
#2200 = VERTEX_POINT ( 'NONE', #8178 ) ;
#2201 = CIRCLE ( 'NONE', #7036, 16.00000000000000000 ) ;
#2202 = VERTEX_POINT ( 'NONE', #2451 ) ;
#2203 = CARTESIAN_POINT ( 'NONE',  ( 15.00000000000000178, 0.000000000000000000, 0.000000000000000000 ) ) ;
#2204 = DIRECTION ( 'NONE',  ( -1.000000000000000000, 0.000000000000000000, 0.000000000000000000 ) ) ;
#2205 = CARTESIAN_POINT ( 'NONE',  ( 0.000000000000000000, 0.000000000000000000, 0.000000000000000000 ) ) ;
#2206 = FACE_OUTER_BOUND ( 'NONE', #8879, .T. ) ;
#2207 = DIRECTION ( 'NONE',  ( 0.000000000000000000, 0.3090169943749410120, 0.9510565162951557516 ) ) ;
#2208 = CARTESIAN_POINT ( 'NONE',  ( 0.000000000000000000, 0.000000000000000000, 0.000000000000000000 ) ) ;
#2209 = EDGE_CURVE ( 'NONE', #2697, #4744, #4567, .T. ) ;
#2210 = AXIS2_PLACEMENT_3D ( 'NONE', #6956, #1970, #9000 ) ;
#2211 = ORIENTED_EDGE ( 'NONE', *, *, #331, .F. ) ;
#2212 = EDGE_CURVE ( 'NONE', #2606, #753, #3335, .T. ) ;
#2213 = ORIENTED_EDGE ( 'NONE', *, *, #4075, .T. ) ;
#2214 = CARTESIAN_POINT ( 'NONE',  ( 15.00000000000000178, -30.00120703465188754, -22.64427369931201994 ) ) ;
#2215 = LINE ( 'NONE', #3005, #6131 ) ;
#2216 = CARTESIAN_POINT ( 'NONE',  ( 15.00000000000000178, 0.000000000000000000, 0.000000000000000000 ) ) ;
#2217 = DIRECTION ( 'NONE',  ( -1.000000000000000000, 0.000000000000000000, 0.000000000000000000 ) ) ;
#2218 = ORIENTED_EDGE ( 'NONE', *, *, #1962, .T. ) ;
#2219 = ORIENTED_EDGE ( 'NONE', *, *, #4708, .T. ) ;
#2220 = CARTESIAN_POINT ( 'NONE',  ( 7.500000000000002665, -19.83898331853691488, 9.508666619816546373 ) ) ;
#2221 = CARTESIAN_POINT ( 'NONE',  ( 0.000000000000000000, 26.79245525562714292, 32.34446384429980981 ) ) ;
#2222 = CARTESIAN_POINT ( 'NONE',  ( 0.000000000000000000, 10.41901085202078647, 40.68715046381932865 ) ) ;
#2223 = DIRECTION ( 'NONE',  ( -1.000000000000000000, 0.000000000000000000, 0.000000000000000000 ) ) ;
#2224 = DIRECTION ( 'NONE',  ( 1.000000000000000000, 0.000000000000000000, 0.000000000000000000 ) ) ;
#2225 = ORIENTED_EDGE ( 'NONE', *, *, #231, .T. ) ;
#2226 = ADVANCED_FACE ( 'NONE', ( #2593 ), #4016, .T. ) ;
#2227 = ORIENTED_EDGE ( 'NONE', *, *, #3962, .T. ) ;
#2228 = CARTESIAN_POINT ( 'NONE',  ( 0.000000000000000000, 40.68715046381943523, -10.41901085202037081 ) ) ;
#2229 = CIRCLE ( 'NONE', #1501, 16.00000000000000000 ) ;
#2230 = CARTESIAN_POINT ( 'NONE',  ( 15.00000000000000178, -25.88420570971383228, -27.13269053701123212 ) ) ;
#2231 = CARTESIAN_POINT ( 'NONE',  ( 0.000000000000000000, 0.000000000000000000, 0.000000000000000000 ) ) ;
#2232 = EDGE_CURVE ( 'NONE', #1118, #2334, #2080, .T. ) ;
#2233 = CIRCLE ( 'NONE', #3999, 37.49900000000001654 ) ;
#2234 = DIRECTION ( 'NONE',  ( 0.000000000000000000, -1.000000000000000000, -1.040834085586084257E-14 ) ) ;
#2235 = DIRECTION ( 'NONE',  ( -1.000000000000000000, -0.000000000000000000, -0.000000000000000000 ) ) ;
#2236 = VERTEX_POINT ( 'NONE', #6304 ) ;
#2237 = AXIS2_PLACEMENT_3D ( 'NONE', #5542, #7728, #2315 ) ;
#2238 = AXIS2_PLACEMENT_3D ( 'NONE', #2248, #6560, #281 ) ;
#2239 = ORIENTED_EDGE ( 'NONE', *, *, #219, .T. ) ;
#2240 = ORIENTED_EDGE ( 'NONE', *, *, #4096, .T. ) ;
#2241 = ORIENTED_EDGE ( 'NONE', *, *, #5254, .T. ) ;
#2242 = EDGE_LOOP ( 'NONE', ( #7425, #1099, #1988, #8162 ) ) ;
#2243 = PRODUCT_DEFINITION_FORMATION_WITH_SPECIFIED_SOURCE ( 'ANY', '', #8345, .NOT_KNOWN. ) ;
#2244 = DIRECTION ( 'NONE',  ( 0.000000000000000000, 0.000000000000000000, -1.000000000000000000 ) ) ;
#2245 = CYLINDRICAL_SURFACE ( 'NONE', #2768, 17.49900000000000233 ) ;
#2246 = AXIS2_PLACEMENT_3D ( 'NONE', #5460, #1885, #8199 ) ;
#2247 = CARTESIAN_POINT ( 'NONE',  ( 15.00000000000000178, 27.75498641678786527, -31.52238457039570463 ) ) ;
#2248 = CARTESIAN_POINT ( 'NONE',  ( 15.00000000000000178, 0.000000000000000000, 0.000000000000000000 ) ) ;
#2249 = DIRECTION ( 'NONE',  ( 1.000000000000000000, -0.000000000000000000, -0.000000000000000000 ) ) ;
#2250 = DIRECTION ( 'NONE',  ( 0.000000000000000000, 0.000000000000000000, 1.000000000000000000 ) ) ;
#2251 = ORIENTED_EDGE ( 'NONE', *, *, #4229, .F. ) ;
#2252 = VECTOR ( 'NONE', #8023, 1000.000000000000000 ) ;
#2253 = ORIENTED_EDGE ( 'NONE', *, *, #3397, .T. ) ;
#2254 = VECTOR ( 'NONE', #5077, 1000.000000000000000 ) ;
#2255 = EDGE_LOOP ( 'NONE', ( #674, #8504, #8026, #3984 ) ) ;
#2256 = VECTOR ( 'NONE', #7982, 1000.000000000000000 ) ;
#2257 = CIRCLE ( 'NONE', #7379, 37.49900000000001654 ) ;
#2258 = DIRECTION ( 'NONE',  ( 0.000000000000000000, 0.000000000000000000, 1.000000000000000000 ) ) ;
#2259 = DIRECTION ( 'NONE',  ( 1.000000000000000000, 0.000000000000000000, 0.000000000000000000 ) ) ;
#2260 = CARTESIAN_POINT ( 'NONE',  ( -10.00000000000000000, 0.000000000000000000, 0.000000000000000000 ) ) ;
#2261 = LINE ( 'NONE', #2352, #1126 ) ;
#2262 = DIRECTION ( 'NONE',  ( 0.000000000000000000, 0.000000000000000000, 1.000000000000000000 ) ) ;
#2263 = VECTOR ( 'NONE', #407, 1000.000000000000000 ) ;
#2264 = CIRCLE ( 'NONE', #5031, 16.00000000000000000 ) ;
#2265 = ORIENTED_EDGE ( 'NONE', *, *, #383, .T. ) ;
#2266 = ORIENTED_EDGE ( 'NONE', *, *, #789, .F. ) ;
#2267 = DIRECTION ( 'NONE',  ( -1.000000000000000000, 0.000000000000000000, 0.000000000000000000 ) ) ;
#2268 = CARTESIAN_POINT ( 'NONE',  ( 0.000000000000000000, 0.000000000000000000, 0.000000000000000000 ) ) ;
#2269 = ADVANCED_FACE ( 'NONE', ( #5611 ), #1296, .T. ) ;
#2270 = CARTESIAN_POINT ( 'NONE',  ( 7.500000000000002665, -40.98264845739744544, -9.188173127307738497 ) ) ;
#2271 = CARTESIAN_POINT ( 'NONE',  ( 15.00000000000000178, -10.96151621346460736, -35.95386929396268272 ) ) ;
#2272 = CARTESIAN_POINT ( 'NONE',  ( 15.00000000000000178, -9.508666619816766641, 19.83898331853681185 ) ) ;
#2273 = AXIS2_PLACEMENT_3D ( 'NONE', #8306, #4108, #1298 ) ;
#2274 = ADVANCED_FACE ( 'NONE', ( #2676 ), #6172, .T. ) ;
#2275 = ORIENTED_EDGE ( 'NONE', *, *, #723, .T. ) ;
#2276 = ORIENTED_EDGE ( 'NONE', *, *, #4826, .T. ) ;
#2277 = CARTESIAN_POINT ( 'NONE',  ( 15.00000000000000178, -35.95386929396264009, 10.96151621346475125 ) ) ;
#2278 = DIRECTION ( 'NONE',  ( -1.000000000000000000, -0.000000000000000000, 0.000000000000000000 ) ) ;
#2279 = CYLINDRICAL_SURFACE ( 'NONE', #8546, 16.00000000000000000 ) ;
#2280 = CIRCLE ( 'NONE', #4781, 21.99999999999999645 ) ;
#2281 = EDGE_CURVE ( 'NONE', #3120, #6508, #1740, .T. ) ;
#2282 = DIRECTION ( 'NONE',  ( 0.000000000000000000, 0.000000000000000000, 1.000000000000000000 ) ) ;
#2283 = LINE ( 'NONE', #7183, #5573 ) ;
#2284 = ORIENTED_EDGE ( 'NONE', *, *, #5116, .T. ) ;
#2285 = ORIENTED_EDGE ( 'NONE', *, *, #4723, .F. ) ;
#2286 = ORIENTED_EDGE ( 'NONE', *, *, #6805, .T. ) ;
#2287 = ORIENTED_EDGE ( 'NONE', *, *, #5579, .T. ) ;
#2288 = EDGE_CURVE ( 'NONE', #45, #8401, #999, .T. ) ;
#2289 = ORIENTED_EDGE ( 'NONE', *, *, #3377, .F. ) ;
#2290 = AXIS2_PLACEMENT_3D ( 'NONE', #2298, #7330, #3719 ) ;
#2291 = ADVANCED_FACE ( 'NONE', ( #7757 ), #18, .T. ) ;
#2292 = CARTESIAN_POINT ( 'NONE',  ( 15.00000000000000178, -17.80606268964563199, 33.00180498840042276 ) ) ;
#2294 = EDGE_CURVE ( 'NONE', #5095, #3120, #6347, .T. ) ;
#2293 = DIRECTION ( 'NONE',  ( -1.000000000000000000, -0.000000000000000000, 0.000000000000000000 ) ) ;
#2295 = DIRECTION ( 'NONE',  ( -1.000000000000000000, -0.000000000000000000, 0.000000000000000000 ) ) ;
#2296 = DIRECTION ( 'NONE',  ( -1.000000000000000000, -0.000000000000000000, 0.000000000000000000 ) ) ;
#2297 = DIRECTION ( 'NONE',  ( 0.000000000000000000, 0.9510565162951544194, -0.3090169943749447312 ) ) ;
#2298 = CARTESIAN_POINT ( 'NONE',  ( 0.000000000000000000, 5.202137450156900655, -37.22597642581151689 ) ) ;
#2299 = ORIENTED_EDGE ( 'NONE', *, *, #4358, .F. ) ;
#2300 = ORIENTED_EDGE ( 'NONE', *, *, #2982, .T. ) ;
#2301 = EDGE_CURVE ( 'NONE', #3865, #413, #2811, .T. ) ;
#2302 = CIRCLE ( 'NONE', #1427, 42.00000000000000000 ) ;
#2303 = ORIENTED_EDGE ( 'NONE', *, *, #2016, .T. ) ;
#2304 = LINE ( 'NONE', #875, #2534 ) ;
#2305 = EDGE_CURVE ( 'NONE', #2557, #247, #6136, .T. ) ;
#2306 = APPLICATION_PROTOCOL_DEFINITION ( 'draft international standard', 'automotive_design', 1998, #7256 ) ;
#2307 = DIRECTION ( 'NONE',  ( 0.000000000000000000, 0.000000000000000000, 1.000000000000000000 ) ) ;
#2308 = DIRECTION ( 'NONE',  ( -1.000000000000000000, 0.000000000000000000, 0.000000000000000000 ) ) ;
#2309 = CARTESIAN_POINT ( 'NONE',  ( 15.00000000000000178, 33.17418723428307459, 17.67226234102837878 ) ) ;
#2310 = ORIENTED_EDGE ( 'NONE', *, *, #6392, .T. ) ;
#2311 = EDGE_LOOP ( 'NONE', ( #7435, #8949, #6967, #6806 ) ) ;
#2312 = CARTESIAN_POINT ( 'NONE',  ( 0.000000000000000000, -16.23288003029522386, 33.80338159004278253 ) ) ;
#2313 = DIRECTION ( 'NONE',  ( 0.000000000000000000, 0.8090169943749487835, -0.5877852522924714718 ) ) ;
#2314 = EDGE_CURVE ( 'NONE', #968, #2165, #2174, .T. ) ;
#2315 = DIRECTION ( 'NONE',  ( 0.000000000000000000, 0.3090169943749480619, -0.9510565162951533091 ) ) ;
#2316 = DIRECTION ( 'NONE',  ( 0.000000000000000000, 0.000000000000000000, 1.000000000000000000 ) ) ;
#2317 = DIRECTION ( 'NONE',  ( -1.000000000000000000, 0.000000000000000000, -0.000000000000000000 ) ) ;
#2318 = FACE_OUTER_BOUND ( 'NONE', #7166, .T. ) ;
#2319 = CIRCLE ( 'NONE', #3783, 37.49900000000002365 ) ;
#2320 = EDGE_CURVE ( 'NONE', #341, #2199, #4529, .T. ) ;
#2321 = ORIENTED_EDGE ( 'NONE', *, *, #6225, .F. ) ;
#2322 = ORIENTED_EDGE ( 'NONE', *, *, #2049, .F. ) ;
#2323 = EDGE_CURVE ( 'NONE', #3501, #2670, #2902, .T. ) ;
#2324 = CARTESIAN_POINT ( 'NONE',  ( 0.000000000000000000, 26.08949754953061984, -27.05870788708204344 ) ) ;
#2325 = CARTESIAN_POINT ( 'NONE',  ( 15.00000000000000178, -33.79645857604525361, 16.45098606841114020 ) ) ;
#2326 = EDGE_CURVE ( 'NONE', #4500, #1499, #6414, .T. ) ;
#2327 = CARTESIAN_POINT ( 'NONE',  ( 15.00000000000000178, -18.48663108841358849, 3.384281271887748854 ) ) ;
#2328 = EDGE_CURVE ( 'NONE', #538, #2942, #705, .T. ) ;
#2329 = CYLINDRICAL_SURFACE ( 'NONE', #493, 16.00000000000000000 ) ;
#2330 = CARTESIAN_POINT ( 'NONE',  ( 0.000000000000000000, 0.000000000000000000, 0.000000000000000000 ) ) ;
#2331 = ORIENTED_EDGE ( 'NONE', *, *, #6993, .F. ) ;
#2332 = ORIENTED_EDGE ( 'NONE', *, *, #5307, .T. ) ;
#2333 = VERTEX_POINT ( 'NONE', #7708 ) ;
#2334 = VERTEX_POINT ( 'NONE', #5569 ) ;
#2335 = EDGE_LOOP ( 'NONE', ( #1755, #4583, #7934, #7637 ) ) ;
#2336 = AXIS2_PLACEMENT_3D ( 'NONE', #3026, #7134, #4263 ) ;
#2337 = FACE_OUTER_BOUND ( 'NONE', #881, .T. ) ;
#2338 = DIRECTION ( 'NONE',  ( -1.000000000000000000, 0.000000000000000000, 0.000000000000000000 ) ) ;
#2339 = CARTESIAN_POINT ( 'NONE',  ( -10.00000000000000000, 0.000000000000000000, 0.000000000000000000 ) ) ;
#2340 = DIRECTION ( 'NONE',  ( -1.000000000000000000, 0.000000000000000000, 0.000000000000000000 ) ) ;
#2341 = CARTESIAN_POINT ( 'NONE',  ( 0.000000000000000000, 16.23288003029544413, -33.80338159004267595 ) ) ;
#2342 = CIRCLE ( 'NONE', #8909, 37.49900000000001654 ) ;
#2343 = LINE ( 'NONE', #327, #7407 ) ;
#2344 = VERTEX_POINT ( 'NONE', #8349 ) ;
#2345 = AXIS2_PLACEMENT_3D ( 'NONE', #5507, #2705, #4595 ) ;
#2346 = ORIENTED_EDGE ( 'NONE', *, *, #3290, .T. ) ;
#2347 = ORIENTED_EDGE ( 'NONE', *, *, #581, .T. ) ;
#2348 = CARTESIAN_POINT ( 'NONE',  ( 15.00000000000000178, -16.23288003029474069, -33.80338159004302412 ) ) ;
#2349 = DIRECTION ( 'NONE',  ( 0.000000000000000000, 0.000000000000000000, 1.000000000000000000 ) ) ;
#2350 = CIRCLE ( 'NONE', #12, 8.000000000000000000 ) ;
#2351 = FACE_OUTER_BOUND ( 'NONE', #6123, .T. ) ;
#2352 = CARTESIAN_POINT ( 'NONE',  ( 7.500000000000002665, 35.47612816024556537, -22.48208911017462341 ) ) ;
#2353 = ADVANCED_FACE ( 'NONE', ( #570 ), #4880, .T. ) ;
#2354 = CARTESIAN_POINT ( 'NONE',  ( 15.00000000000000178, -12.42422080174614329, -35.38097989696525048 ) ) ;
#2355 = ORIENTED_EDGE ( 'NONE', *, *, #7849, .T. ) ;
#2356 = EDGE_CURVE ( 'NONE', #3806, #3080, #4195, .T. ) ;
#2357 = DIRECTION ( 'NONE',  ( 0.000000000000000000, 0.000000000000000000, 1.000000000000000000 ) ) ;
#2358 = DIRECTION ( 'NONE',  ( 0.000000000000000000, 0.1564344650402244297, 0.9876883405951388806 ) ) ;
#2359 = CYLINDRICAL_SURFACE ( 'NONE', #6341, 16.00000000000000000 ) ;
#2360 = DIRECTION ( 'NONE',  ( -1.000000000000000000, -0.000000000000000000, -0.000000000000000000 ) ) ;
#2361 = DIRECTION ( 'NONE',  ( -1.000000000000000000, -0.000000000000000000, -0.000000000000000000 ) ) ;
#2362 = CARTESIAN_POINT ( 'NONE',  ( 15.00000000000000178, 0.000000000000000000, 0.000000000000000000 ) ) ;
#2363 = VERTEX_POINT ( 'NONE', #6849 ) ;
#2364 = ORIENTED_EDGE ( 'NONE', *, *, #8154, .F. ) ;
#2365 = CARTESIAN_POINT ( 'NONE',  ( 15.00000000000000178, 0.000000000000000000, 0.000000000000000000 ) ) ;
#2366 = DIRECTION ( 'NONE',  ( -1.000000000000000000, 0.000000000000000000, 0.000000000000000000 ) ) ;
#2367 = CIRCLE ( 'NONE', #5451, 21.99999999999999289 ) ;
#2368 = DIRECTION ( 'NONE',  ( -1.000000000000000000, 0.000000000000000000, 0.000000000000000000 ) ) ;
#2369 = DIRECTION ( 'NONE',  ( 0.000000000000000000, 0.000000000000000000, 1.000000000000000000 ) ) ;
#2370 = ADVANCED_FACE ( 'NONE', ( #106 ), #6390, .T. ) ;
#2371 = DIRECTION ( 'NONE',  ( 0.000000000000000000, 0.000000000000000000, 1.000000000000000000 ) ) ;
#2372 = ORIENTED_EDGE ( 'NONE', *, *, #3527, .T. ) ;
#2373 = ORIENTED_EDGE ( 'NONE', *, *, #2323, .T. ) ;
#2374 = VERTEX_POINT ( 'NONE', #7073 ) ;
#2375 = EDGE_LOOP ( 'NONE', ( #7922, #131, #1420, #7369 ) ) ;
#2376 = ORIENTED_EDGE ( 'NONE', *, *, #2288, .F. ) ;
#2377 = AXIS2_PLACEMENT_3D ( 'NONE', #8915, #503, #1838 ) ;
#2378 = DIRECTION ( 'NONE',  ( -1.000000000000000000, 0.000000000000000000, -0.000000000000000000 ) ) ;
#2379 = CYLINDRICAL_SURFACE ( 'NONE', #6626, 42.00000000000000000 ) ;
#2380 = DIRECTION ( 'NONE',  ( -1.000000000000000000, -0.000000000000000000, 0.000000000000000000 ) ) ;
#2381 = DIRECTION ( 'NONE',  ( -1.000000000000000000, 0.000000000000000000, 0.000000000000000000 ) ) ;
#2382 = CIRCLE ( 'NONE', #3559, 16.00000000000000000 ) ;
#2383 = VECTOR ( 'NONE', #6740, 1000.000000000000000 ) ;
#2384 = DIRECTION ( 'NONE',  ( -1.000000000000000000, -0.000000000000000000, 0.000000000000000000 ) ) ;
#2385 = CARTESIAN_POINT ( 'NONE',  ( 0.000000000000000000, 0.000000000000000000, 0.000000000000000000 ) ) ;
#2386 = EDGE_CURVE ( 'NONE', #3315, #6574, #2215, .T. ) ;
#2387 = ORIENTED_EDGE ( 'NONE', *, *, #7175, .T. ) ;
#2388 = CIRCLE ( 'NONE', #8236, 21.99999999999999289 ) ;
#2389 = ORIENTED_EDGE ( 'NONE', *, *, #4520, .F. ) ;
#2390 = EDGE_LOOP ( 'NONE', ( #4759, #6246, #3614, #7643 ) ) ;
#2391 = AXIS2_PLACEMENT_3D ( 'NONE', #3610, #8552, #4268 ) ;
#2392 = VECTOR ( 'NONE', #4515, 1000.000000000000000 ) ;
#2393 = FACE_OUTER_BOUND ( 'NONE', #6701, .T. ) ;
#2394 = CARTESIAN_POINT ( 'NONE',  ( 7.500000000000002665, -27.75498641678765210, 31.52238457039588937 ) ) ;
#2395 = FACE_OUTER_BOUND ( 'NONE', #5413, .T. ) ;
#2396 = CARTESIAN_POINT ( 'NONE',  ( 0.000000000000000000, 6.736453364083549111, 36.88895765772635826 ) ) ;
#2397 = EDGE_CURVE ( 'NONE', #9009, #3652, #7895, .T. ) ;
#2398 = CARTESIAN_POINT ( 'NONE',  ( 15.00000000000000178, 22.64427369931212652, -30.00120703465181293 ) ) ;
#2399 = CARTESIAN_POINT ( 'NONE',  ( 7.500000000000002665, 19.35373470438996790, -10.46102064772318663 ) ) ;
#2400 = ADVANCED_FACE ( 'NONE', ( #2351 ), #8526, .F. ) ;
#2401 = CIRCLE ( 'NONE', #2837, 15.99999999999999822 ) ;
#2402 = VECTOR ( 'NONE', #2001, 1000.000000000000000 ) ;
#2403 = ORIENTED_EDGE ( 'NONE', *, *, #1850, .F. ) ;
#2404 = EDGE_CURVE ( 'NONE', #1263, #6190, #5068, .T. ) ;
#2405 = CARTESIAN_POINT ( 'NONE',  ( 15.00000000000000178, -21.53537804866102334, 30.80686688397002371 ) ) ;
#2406 = DIRECTION ( 'NONE',  ( 0.000000000000000000, 0.000000000000000000, 1.000000000000000000 ) ) ;
#2407 = CARTESIAN_POINT ( 'NONE',  ( 15.00000000000000178, 27.13269053701132094, -25.88420570971373635 ) ) ;
#2408 = AXIS2_PLACEMENT_3D ( 'NONE', #7571, #8132, #4062 ) ;
#2409 = EDGE_CURVE ( 'NONE', #1709, #2042, #5015, .T. ) ;
#2410 = CARTESIAN_POINT ( 'NONE',  ( 15.00000000000000178, 2.494040418455351293, 18.62763138773851423 ) ) ;
#2411 = CARTESIAN_POINT ( 'NONE',  ( 7.500000000000002665, -22.48208911017474776, -35.47612816024548010 ) ) ;
#2412 = DIRECTION ( 'NONE',  ( 0.000000000000000000, 0.000000000000000000, 1.000000000000000000 ) ) ;
#2413 = ORIENTED_EDGE ( 'NONE', *, *, #5836, .T. ) ;
#2414 = FILL_AREA_STYLE_COLOUR ( '', #5919 ) ;
#2415 = DIRECTION ( 'NONE',  ( 0.000000000000000000, 0.000000000000000000, 1.000000000000000000 ) ) ;
#2416 = EDGE_CURVE ( 'NONE', #3247, #6110, #1619, .T. ) ;
#2417 = CARTESIAN_POINT ( 'NONE',  ( 15.00000000000000178, -9.471478019455240371, 14.71414642875951273 ) ) ;
#2418 = DIRECTION ( 'NONE',  ( -1.000000000000000000, 0.000000000000000000, -0.000000000000000000 ) ) ;
#2419 = CARTESIAN_POINT ( 'NONE',  ( 15.00000000000000178, -27.13269053701113975, 25.88420570971392465 ) ) ;
#2420 = CIRCLE ( 'NONE', #6959, 10.00000000000000000 ) ;
#2421 = ORIENTED_EDGE ( 'NONE', *, *, #2162, .F. ) ;
#2422 = ORIENTED_EDGE ( 'NONE', *, *, #8397, .F. ) ;
#2423 = ORIENTED_EDGE ( 'NONE', *, *, #2748, .F. ) ;
#2424 = ORIENTED_EDGE ( 'NONE', *, *, #8060, .F. ) ;
#2425 = ORIENTED_EDGE ( 'NONE', *, *, #2961, .T. ) ;
#2426 = AXIS2_PLACEMENT_3D ( 'NONE', #1682, #5946, #8721 ) ;
#2427 = DIRECTION ( 'NONE',  ( -1.000000000000000000, -0.000000000000000000, -0.000000000000000000 ) ) ;
#2428 = DIRECTION ( 'NONE',  ( -1.000000000000000000, 0.000000000000000000, 0.000000000000000000 ) ) ;
#2429 = LINE ( 'NONE', #7373, #2918 ) ;
#2430 = CYLINDRICAL_SURFACE ( 'NONE', #5904, 16.00000000000000000 ) ;
#2431 = CARTESIAN_POINT ( 'NONE',  ( 15.00000000000000178, -18.48663108841354230, 4.615718728111986024 ) ) ;
#2432 = AXIS2_PLACEMENT_3D ( 'NONE', #470, #6159, #8167 ) ;
#2433 = CARTESIAN_POINT ( 'NONE',  ( 15.00000000000000178, 26.08949754953023614, 27.05870788708242003 ) ) ;
#2434 = VERTEX_POINT ( 'NONE', #5154 ) ;
#2435 = AXIS2_PLACEMENT_3D ( 'NONE', #8662, #1715, #7341 ) ;
#2436 = ORIENTED_EDGE ( 'NONE', *, *, #6488, .F. ) ;
#2437 = ORIENTED_EDGE ( 'NONE', *, *, #6527, .T. ) ;
#2438 = ADVANCED_FACE ( 'NONE', ( #6472 ), #6528, .T. ) ;
#2439 = CARTESIAN_POINT ( 'NONE',  ( 0.000000000000000000, 0.000000000000000000, 0.000000000000000000 ) ) ;
#2440 = CARTESIAN_POINT ( 'NONE',  ( 15.00000000000000178, 21.32104025579159767, -30.84782396557194772 ) ) ;
#2441 = EDGE_CURVE ( 'NONE', #3315, #538, #2457, .T. ) ;
#2442 = CYLINDRICAL_SURFACE ( 'NONE', #6119, 21.99999999999999289 ) ;
#2443 = FACE_OUTER_BOUND ( 'NONE', #1180, .T. ) ;
#2444 = DIRECTION ( 'NONE',  ( 0.000000000000000000, 0.000000000000000000, 1.000000000000000000 ) ) ;
#2445 = EDGE_CURVE ( 'NONE', #4033, #7381, #919, .T. ) ;
#2446 = ADVANCED_FACE ( 'NONE', ( #8481 ), #2946, .T. ) ;
#2447 = ORIENTED_EDGE ( 'NONE', *, *, #1240, .F. ) ;
#2448 = DIRECTION ( 'NONE',  ( 1.000000000000000000, -0.000000000000000000, -0.000000000000000000 ) ) ;
#2449 = CARTESIAN_POINT ( 'NONE',  ( 15.00000000000000178, 12.42422080174638488, 35.38097989696517232 ) ) ;
#2450 = LINE ( 'NONE', #5164, #1508 ) ;
#2451 = CARTESIAN_POINT ( 'NONE',  ( 0.000000000000000000, -25.88420570971420531, 27.13269053701087330 ) ) ;
#2452 = CARTESIAN_POINT ( 'NONE',  ( 15.00000000000000178, 8.128228055639098670, -16.94522934049201623 ) ) ;
#2453 = FACE_OUTER_BOUND ( 'NONE', #4498, .T. ) ;
#2454 = ORIENTED_EDGE ( 'NONE', *, *, #4350, .F. ) ;
#2455 = FILL_AREA_STYLE ('',( #2414 ) ) ;
#2456 = DIRECTION ( 'NONE',  ( -1.000000000000000000, -0.000000000000000000, -0.000000000000000000 ) ) ;
#2457 = CIRCLE ( 'NONE', #3935, 37.49900000000000944 ) ;
#2458 = CARTESIAN_POINT ( 'NONE',  ( 15.00000000000000178, 0.000000000000000000, 0.000000000000000000 ) ) ;
#2459 = DIRECTION ( 'NONE',  ( -1.000000000000000000, -0.000000000000000000, 0.000000000000000000 ) ) ;
#2460 = DIRECTION ( 'NONE',  ( 0.000000000000000000, 0.000000000000000000, 1.000000000000000000 ) ) ;
#2461 = EDGE_CURVE ( 'NONE', #6915, #23, #7289, .T. ) ;
#2462 = ORIENTED_EDGE ( 'NONE', *, *, #4882, .F. ) ;
#2463 = ORIENTED_EDGE ( 'NONE', *, *, #2630, .F. ) ;
#2464 = VERTEX_POINT ( 'NONE', #3779 ) ;
#2465 = ORIENTED_EDGE ( 'NONE', *, *, #4918, .F. ) ;
#2466 = EDGE_CURVE ( 'NONE', #86, #1698, #4807, .T. ) ;
#2467 = VERTEX_POINT ( 'NONE', #8660 ) ;
#2468 = CARTESIAN_POINT ( 'NONE',  ( 0.000000000000000000, 16.53603053422206770, 8.931325931664654050 ) ) ;
#2469 = DIRECTION ( 'NONE',  ( 1.000000000000000000, 0.000000000000000000, 0.000000000000000000 ) ) ;
#2470 = LINE ( 'NONE', #6694, #3805 ) ;
#2471 = CARTESIAN_POINT ( 'NONE',  ( 15.00000000000000178, 18.48663108841357072, -3.384281271887880749 ) ) ;
#2472 = CARTESIAN_POINT ( 'NONE',  ( 0.000000000000000000, 9.188173127307887711, -40.98264845739739570 ) ) ;
#2473 = VECTOR ( 'NONE', #4370, 1000.000000000000000 ) ;
#2474 = CARTESIAN_POINT ( 'NONE',  ( 0.000000000000000000, 0.000000000000000000, 0.000000000000000000 ) ) ;
#2475 = AXIS2_PLACEMENT_3D ( 'NONE', #3174, #239, #3812 ) ;
#2476 = ORIENTED_EDGE ( 'NONE', *, *, #5269, .F. ) ;
#2477 = ORIENTED_EDGE ( 'NONE', *, *, #4202, .F. ) ;
#2478 = VERTEX_POINT ( 'NONE', #2396 ) ;
#2479 = CIRCLE ( 'NONE', #3083, 16.00000000000000000 ) ;
#2480 = EDGE_LOOP ( 'NONE', ( #3096, #8352, #3910, #8361 ) ) ;
#2481 = CARTESIAN_POINT ( 'NONE',  ( 0.000000000000000000, 26.79245525562761543, -32.34446384429942611 ) ) ;
#2482 = CIRCLE ( 'NONE', #8046, 17.49900000000000233 ) ;
#2483 = DIRECTION ( 'NONE',  ( 0.000000000000000000, 0.000000000000000000, 1.000000000000000000 ) ) ;
#2484 = FACE_OUTER_BOUND ( 'NONE', #8460, .T. ) ;
#2485 = EDGE_CURVE ( 'NONE', #2620, #5157, #5538, .T. ) ;
#2486 = DIRECTION ( 'NONE',  ( -1.000000000000000000, 0.000000000000000000, 0.000000000000000000 ) ) ;
#2487 = DIRECTION ( 'NONE',  ( 1.000000000000000000, -0.000000000000000000, 0.000000000000000000 ) ) ;
#2488 = CIRCLE ( 'NONE', #3657, 37.49900000000000944 ) ;
#2489 = PRODUCT_RELATED_PRODUCT_CATEGORY ( 'part', '', ( #4704 ) ) ;
#2490 = ORIENTED_EDGE ( 'NONE', *, *, #4358, .T. ) ;
#2491 = AXIS2_PLACEMENT_3D ( 'NONE', #2330, #5134, #7876 ) ;
#2492 = DIRECTION ( 'NONE',  ( 0.000000000000000000, 0.8090169943749445647, 0.5877852522924772449 ) ) ;
#2493 = DIRECTION ( 'NONE',  ( -1.000000000000000000, -0.000000000000000000, -0.000000000000000000 ) ) ;
#2494 = DIRECTION ( 'NONE',  ( 0.000000000000000000, 0.000000000000000000, 1.000000000000000000 ) ) ;
#2495 = DIRECTION ( 'NONE',  ( -1.000000000000000000, 0.000000000000000000, 0.000000000000000000 ) ) ;
#2496 = DIRECTION ( 'NONE',  ( 0.000000000000000000, 0.000000000000000000, 1.000000000000000000 ) ) ;
#2497 = CYLINDRICAL_SURFACE ( 'NONE', #6531, 16.00000000000000000 ) ;
#2498 = ADVANCED_FACE ( 'NONE', ( #5207 ), #155, .T. ) ;
#2499 = VERTEX_POINT ( 'NONE', #7851 ) ;
#2500 =( NAMED_UNIT ( * ) PLANE_ANGLE_UNIT ( ) SI_UNIT ( $, .RADIAN. ) );
#2501 = DIRECTION ( 'NONE',  ( -1.000000000000000000, -0.000000000000000000, -0.000000000000000000 ) ) ;
#2502 = DIRECTION ( 'NONE',  ( 0.000000000000000000, 0.7071067811865487940, -0.7071067811865462405 ) ) ;
#2503 = CARTESIAN_POINT ( 'NONE',  ( 15.00000000000000178, 8.931325931664597206, 16.53603053422209612 ) ) ;
#2504 = EDGE_LOOP ( 'NONE', ( #6731, #746, #2303, #5984 ) ) ;
#2505 = EDGE_CURVE ( 'NONE', #2031, #1455, #4286, .T. ) ;
#2506 = ORIENTED_EDGE ( 'NONE', *, *, #2833, .T. ) ;
#2507 = ORIENTED_EDGE ( 'NONE', *, *, #4190, .F. ) ;
#2508 = ORIENTED_EDGE ( 'NONE', *, *, #3246, .F. ) ;
#2509 = VECTOR ( 'NONE', #4526, 1000.000000000000000 ) ;
#2510 = ORIENTED_EDGE ( 'NONE', *, *, #8263, .F. ) ;
#2511 = ADVANCED_FACE ( 'NONE', ( #4728 ), #589, .T. ) ;
#2512 = CARTESIAN_POINT ( 'NONE',  ( 0.000000000000000000, 35.95386929396241271, 10.96151621346552041 ) ) ;
#2513 = CARTESIAN_POINT ( 'NONE',  ( 15.00000000000000178, 0.000000000000000000, 0.000000000000000000 ) ) ;
#2514 = DIRECTION ( 'NONE',  ( 0.000000000000000000, 0.000000000000000000, 1.000000000000000000 ) ) ;
#2515 = FACE_OUTER_BOUND ( 'NONE', #4678, .T. ) ;
#2516 = ADVANCED_FACE ( 'NONE', ( #6105 ), #7594, .T. ) ;
#2517 = DIRECTION ( 'NONE',  ( 0.000000000000000000, 0.000000000000000000, 1.000000000000000000 ) ) ;
#2518 = DIRECTION ( 'NONE',  ( -1.000000000000000000, -0.000000000000000000, -0.000000000000000000 ) ) ;
#2519 = AXIS2_PLACEMENT_3D ( 'NONE', #5098, #7837, #7978 ) ;
#2520 = EDGE_LOOP ( 'NONE', ( #4917, #3180, #4497, #2535 ) ) ;
#2521 = ORIENTED_EDGE ( 'NONE', *, *, #8801, .T. ) ;
#2522 = ORIENTED_EDGE ( 'NONE', *, *, #6671, .F. ) ;
#2523 = VERTEX_POINT ( 'NONE', #8829 ) ;
#2524 = AXIS2_PLACEMENT_3D ( 'NONE', #2512, #4081, #8870 ) ;
#2525 = DIRECTION ( 'NONE',  ( 0.000000000000000000, 0.7071067811865437980, 0.7071067811865513475 ) ) ;
#2526 = DIRECTION ( 'NONE',  ( -1.000000000000000000, 0.000000000000000000, 0.000000000000000000 ) ) ;
#2527 = AXIS2_PLACEMENT_3D ( 'NONE', #1275, #1105, #8238 ) ;
#2528 = ADVANCED_FACE ( 'NONE', ( #1316 ), #2744, .T. ) ;
#2529 = CARTESIAN_POINT ( 'NONE',  ( 15.00000000000000178, 30.80686688397010542, 21.53537804866091676 ) ) ;
#2530 = DIRECTION ( 'NONE',  ( -1.000000000000000000, 0.000000000000000000, 0.000000000000000000 ) ) ;
#2531 = AXIS2_PLACEMENT_3D ( 'NONE', #6171, #3972, #6127 ) ;
#2532 = ORIENTED_EDGE ( 'NONE', *, *, #6073, .F. ) ;
#2533 = AXIS2_PLACEMENT_3D ( 'NONE', #1790, #2569, #8159 ) ;
#2534 = VECTOR ( 'NONE', #8572, 1000.000000000000000 ) ;
#2535 = ORIENTED_EDGE ( 'NONE', *, *, #1738, .T. ) ;
#2536 = VERTEX_POINT ( 'NONE', #6739 ) ;
#2537 = CARTESIAN_POINT ( 'NONE',  ( 15.00000000000000178, 0.9861715913087683028, 17.47118961583599983 ) ) ;
#2538 = AXIS2_PLACEMENT_3D ( 'NONE', #8551, #5815, #7225 ) ;
#2539 = FACE_OUTER_BOUND ( 'NONE', #2504, .T. ) ;
#2540 = LINE ( 'NONE', #6128, #6841 ) ;
#2541 = AXIS2_PLACEMENT_3D ( 'NONE', #4910, #5728, #3658 ) ;
#2542 = CARTESIAN_POINT ( 'NONE',  ( 7.500000000000002665, -21.40280677340397730, 36.13751322684411349 ) ) ;
#2543 = CARTESIAN_POINT ( 'NONE',  ( 15.00000000000000178, -4.460989585141082792, 16.92083251265324151 ) ) ;
#2544 = VECTOR ( 'NONE', #2774, 1000.000000000000000 ) ;
#2545 = AXIS2_PLACEMENT_3D ( 'NONE', #7150, #4413, #2207 ) ;
#2546 = ORIENTED_EDGE ( 'NONE', *, *, #8122, .T. ) ;
#2547 = AXIS2_PLACEMENT_3D ( 'NONE', #7227, #3029, #1691 ) ;
#2548 = EDGE_CURVE ( 'NONE', #2671, #5108, #461, .T. ) ;
#2549 = VECTOR ( 'NONE', #8895, 1000.000000000000000 ) ;
#2550 = DIRECTION ( 'NONE',  ( 0.000000000000000000, -0.9510565162951565288, 0.3090169943749382364 ) ) ;
#2551 = FACE_OUTER_BOUND ( 'NONE', #3839, .T. ) ;
#2552 = CIRCLE ( 'NONE', #8112, 21.99999999999999645 ) ;
#2553 = AXIS2_PLACEMENT_3D ( 'NONE', #4155, #4761, #4111 ) ;
#2554 = CARTESIAN_POINT ( 'NONE',  ( 15.00000000000000178, -5.202137450156648413, 37.22597642581155952 ) ) ;
#2555 = DIRECTION ( 'NONE',  ( 0.000000000000000000, -0.5877852522924802425, 0.8090169943749422332 ) ) ;
#2556 = VECTOR ( 'NONE', #668, 1000.000000000000000 ) ;
#2557 = VERTEX_POINT ( 'NONE', #6186 ) ;
#2558 = EDGE_CURVE ( 'NONE', #4597, #5452, #3309, .T. ) ;
#2559 = EDGE_LOOP ( 'NONE', ( #5948, #1012, #5915, #1221 ) ) ;
#2560 = ORIENTED_EDGE ( 'NONE', *, *, #1836, .T. ) ;
#2561 = VERTEX_POINT ( 'NONE', #1840 ) ;
#2562 = ORIENTED_EDGE ( 'NONE', *, *, #3445, .F. ) ;
#2563 = DIRECTION ( 'NONE',  ( -1.000000000000000000, 0.000000000000000000, 0.000000000000000000 ) ) ;
#2564 = AXIS2_PLACEMENT_3D ( 'NONE', #6546, #8767, #4486 ) ;
#2565 = DIRECTION ( 'NONE',  ( -1.000000000000000000, 0.000000000000000000, -0.000000000000000000 ) ) ;
#2566 = AXIS2_PLACEMENT_3D ( 'NONE', #96, #648, #738 ) ;
#2567 = DIRECTION ( 'NONE',  ( 0.000000000000000000, 0.000000000000000000, 1.000000000000000000 ) ) ;
#2568 = DIRECTION ( 'NONE',  ( -1.000000000000000000, 0.000000000000000000, 0.000000000000000000 ) ) ;
#2569 = DIRECTION ( 'NONE',  ( 1.000000000000000000, 0.000000000000000000, 0.000000000000000000 ) ) ;
#2570 = CARTESIAN_POINT ( 'NONE',  ( 15.00000000000000178, 6.736453364083550888, 36.88895765772636537 ) ) ;
#2571 = DIRECTION ( 'NONE',  ( -1.000000000000000000, -0.000000000000000000, -0.000000000000000000 ) ) ;
#2572 = ORIENTED_EDGE ( 'NONE', *, *, #2445, .T. ) ;
#2573 = ORIENTED_EDGE ( 'NONE', *, *, #6392, .F. ) ;
#2574 = ORIENTED_EDGE ( 'NONE', *, *, #2766, .F. ) ;
#2575 = CIRCLE ( 'NONE', #5797, 42.00000000000000000 ) ;
#2576 = ORIENTED_EDGE ( 'NONE', *, *, #8506, .F. ) ;
#2577 = EDGE_CURVE ( 'NONE', #1538, #1376, #3947, .T. ) ;
#2578 = CARTESIAN_POINT ( 'NONE',  ( -10.00000000000000000, 0.000000000000000000, 0.000000000000000000 ) ) ;
#2579 = CARTESIAN_POINT ( 'NONE',  ( 15.00000000000000178, 33.80338159004307386, -16.23288003029462345 ) ) ;
#2580 = EDGE_CURVE ( 'NONE', #7984, #2587, #119, .T. ) ;
#2581 = CARTESIAN_POINT ( 'NONE',  ( 15.00000000000000178, -18.48663108841354230, -3.384281271888015752 ) ) ;
#2582 = DIRECTION ( 'NONE',  ( 0.000000000000000000, 0.3090169943749482839, -0.9510565162951533091 ) ) ;
#2583 = AXIS2_PLACEMENT_3D ( 'NONE', #3684, #5613, #202 ) ;
#2584 = EDGE_CURVE ( 'NONE', #7832, #4632, #8740, .T. ) ;
#2585 = EDGE_CURVE ( 'NONE', #8951, #4100, #6566, .T. ) ;
#2586 = ORIENTED_EDGE ( 'NONE', *, *, #7940, .F. ) ;
#2587 = VERTEX_POINT ( 'NONE', #3391 ) ;
#2588 = EDGE_CURVE ( 'NONE', #4102, #5652, #1274, .T. ) ;
#2589 = EDGE_LOOP ( 'NONE', ( #439, #7481, #953, #7808 ) ) ;
#2590 = CIRCLE ( 'NONE', #6090, 17.49900000000000233 ) ;
#2591 = CARTESIAN_POINT ( 'NONE',  ( 0.000000000000000000, 13.55483219355728863, 11.06713717293244414 ) ) ;
#2592 = DIRECTION ( 'NONE',  ( 0.000000000000000000, -0.8090169943749530024, 0.5877852522924652545 ) ) ;
#2593 = FACE_OUTER_BOUND ( 'NONE', #3444, .T. ) ;
#2594 = DIRECTION ( 'NONE',  ( -1.000000000000000000, 0.000000000000000000, -0.000000000000000000 ) ) ;
#2595 = CIRCLE ( 'NONE', #5521, 16.00000000000000000 ) ;
#2596 = CARTESIAN_POINT ( 'NONE',  ( 7.500000000000002665, -40.68715046381921496, -10.41901085202122168 ) ) ;
#2597 = EDGE_CURVE ( 'NONE', #6458, #3478, #8958, .T. ) ;
#2598 = AXIS2_PLACEMENT_3D ( 'NONE', #6495, #4216, #78 ) ;
#2599 = ORIENTED_EDGE ( 'NONE', *, *, #4101, .F. ) ;
#2600 = VECTOR ( 'NONE', #7689, 1000.000000000000000 ) ;
#2601 = AXIS2_PLACEMENT_3D ( 'NONE', #6716, #6086, #7399 ) ;
#2602 = DIRECTION ( 'NONE',  ( 1.000000000000000000, -0.000000000000000000, -0.000000000000000000 ) ) ;
#2603 = DIRECTION ( 'NONE',  ( -1.000000000000000000, 0.000000000000000000, 0.000000000000000000 ) ) ;
#2604 = FACE_OUTER_BOUND ( 'NONE', #4239, .T. ) ;
#2605 = ADVANCED_FACE ( 'NONE', ( #1143 ), #6148, .T. ) ;
#2606 = VERTEX_POINT ( 'NONE', #7551 ) ;
#2607 = ADVANCED_FACE ( 'NONE', ( #6828 ), #8916, .T. ) ;
#2608 = VERTEX_POINT ( 'NONE', #8282 ) ;
#2609 = VERTEX_POINT ( 'NONE', #2014 ) ;
#2610 = ORIENTED_EDGE ( 'NONE', *, *, #6830, .F. ) ;
#2611 = ORIENTED_EDGE ( 'NONE', *, *, #3473, .F. ) ;
#2612 = DIRECTION ( 'NONE',  ( -1.000000000000000000, 0.000000000000000000, 0.000000000000000000 ) ) ;
#2613 = LINE ( 'NONE', #6008, #2088 ) ;
#2614 = DIRECTION ( 'NONE',  ( -1.000000000000000000, 0.000000000000000000, 0.000000000000000000 ) ) ;
#2615 = ADVANCED_FACE ( 'NONE', ( #628 ), #4812, .T. ) ;
#2616 = DIRECTION ( 'NONE',  ( -1.000000000000000000, 0.000000000000000000, 0.000000000000000000 ) ) ;
#2617 = CARTESIAN_POINT ( 'NONE',  ( 0.000000000000000000, 33.00180498840073540, -17.80606268964504579 ) ) ;
#2618 = FACE_OUTER_BOUND ( 'NONE', #3095, .T. ) ;
#2619 = DIRECTION ( 'NONE',  ( 0.000000000000000000, 0.000000000000000000, 1.000000000000000000 ) ) ;
#2620 = VERTEX_POINT ( 'NONE', #8108 ) ;
#2621 = ORIENTED_EDGE ( 'NONE', *, *, #8610, .F. ) ;
#2622 = ORIENTED_EDGE ( 'NONE', *, *, #6689, .F. ) ;
#2623 = VERTEX_POINT ( 'NONE', #4645 ) ;
#2624 = DIRECTION ( 'NONE',  ( 0.000000000000000000, 0.000000000000000000, 1.000000000000000000 ) ) ;
#2625 = CARTESIAN_POINT ( 'NONE',  ( 0.000000000000000000, 10.46102064772367868, -19.35373470438970500 ) ) ;
#2626 = CARTESIAN_POINT ( 'NONE',  ( 15.00000000000000178, 12.96676809804166552, -13.60411018104304048 ) ) ;
#2627 = DIRECTION ( 'NONE',  ( 0.000000000000000000, 0.000000000000000000, 1.000000000000000000 ) ) ;
#2628 = AXIS2_PLACEMENT_3D ( 'NONE', #3388, #3345, #624 ) ;
#2629 = VERTEX_POINT ( 'NONE', #6283 ) ;
#2630 = EDGE_CURVE ( 'NONE', #7890, #2042, #2319, .T. ) ;
#2631 = CIRCLE ( 'NONE', #1010, 8.000000000000001776 ) ;
#2632 = EDGE_LOOP ( 'NONE', ( #1982, #2166, #4851, #8150 ) ) ;
#2633 = ORIENTED_EDGE ( 'NONE', *, *, #4958, .T. ) ;
#2634 = FACE_OUTER_BOUND ( 'NONE', #7099, .T. ) ;
#2635 = EDGE_CURVE ( 'NONE', #7778, #3318, #845, .T. ) ;
#2636 = AXIS2_PLACEMENT_3D ( 'NONE', #7597, #9006, #7636 ) ;
#2637 = CYLINDRICAL_SURFACE ( 'NONE', #4156, 16.00000000000000000 ) ;
#2638 = CYLINDRICAL_SURFACE ( 'NONE', #8358, 37.49900000000000944 ) ;
#2639 = DIRECTION ( 'NONE',  ( 0.000000000000000000, -0.9876883405951394357, 0.1564344650402205439 ) ) ;
#2640 = DIRECTION ( 'NONE',  ( 0.000000000000000000, 0.000000000000000000, 1.000000000000000000 ) ) ;
#2641 = CIRCLE ( 'NONE', #8623, 8.000000000000001776 ) ;
#2642 = VECTOR ( 'NONE', #2070, 1000.000000000000000 ) ;
#2643 = ORIENTED_EDGE ( 'NONE', *, *, #3359, .F. ) ;
#2644 = DIRECTION ( 'NONE',  ( 1.000000000000000000, 0.000000000000000000, 0.000000000000000000 ) ) ;
#2645 = CYLINDRICAL_SURFACE ( 'NONE', #3145, 8.000000000000001776 ) ;
#2646 = CARTESIAN_POINT ( 'NONE',  ( 15.00000000000000178, 33.17418723428333038, -17.67226234102790627 ) ) ;
#2647 = VECTOR ( 'NONE', #7503, 1000.000000000000000 ) ;
#2648 = VERTEX_POINT ( 'NONE', #4855 ) ;
#2649 = EDGE_LOOP ( 'NONE', ( #1464, #5478, #3396, #5150 ) ) ;
#2650 = CARTESIAN_POINT ( 'NONE',  ( 15.00000000000000178, 16.45098606841125743, 33.79645857604518966 ) ) ;
#2651 = DIRECTION ( 'NONE',  ( -1.000000000000000000, 0.000000000000000000, -0.000000000000000000 ) ) ;
#2652 = LINE ( 'NONE', #1971, #6337 ) ;
#2653 = CARTESIAN_POINT ( 'NONE',  ( 15.00000000000000178, 17.67226234102826865, 33.17418723428314564 ) ) ;
#2654 = CARTESIAN_POINT ( 'NONE',  ( 15.00000000000000178, -2.494040418455481412, 18.62763138773849647 ) ) ;
#2655 = LINE ( 'NONE', #1144, #2383 ) ;
#2656 = DIRECTION ( 'NONE',  ( 0.000000000000000000, 0.000000000000000000, -1.000000000000000000 ) ) ;
#2657 = CARTESIAN_POINT ( 'NONE',  ( 15.00000000000000178, -37.01155633439063308, 6.555932627142294855 ) ) ;
#2658 = ORIENTED_EDGE ( 'NONE', *, *, #8900, .T. ) ;
#2659 = AXIS2_PLACEMENT_3D ( 'NONE', #7907, #4347, #7172 ) ;
#2660 = ORIENTED_EDGE ( 'NONE', *, *, #3922, .T. ) ;
#2661 = VERTEX_POINT ( 'NONE', #8323 ) ;
#2662 = ORIENTED_EDGE ( 'NONE', *, *, #4260, .T. ) ;
#2663 = CYLINDRICAL_SURFACE ( 'NONE', #4151, 42.00000000000000000 ) ;
#2664 = DIRECTION ( 'NONE',  ( -1.000000000000000000, 0.000000000000000000, 0.000000000000000000 ) ) ;
#2665 = ADVANCED_FACE ( 'NONE', ( #1364 ), #3484, .T. ) ;
#2666 = CARTESIAN_POINT ( 'NONE',  ( 15.00000000000000178, 0.000000000000000000, 0.000000000000000000 ) ) ;
#2667 = DIRECTION ( 'NONE',  ( -1.000000000000000000, 0.000000000000000000, -0.000000000000000000 ) ) ;
#2668 = ORIENTED_EDGE ( 'NONE', *, *, #226, .F. ) ;
#2669 = CIRCLE ( 'NONE', #6625, 8.000000000000001776 ) ;
#2670 = VERTEX_POINT ( 'NONE', #3185 ) ;
#2671 = VERTEX_POINT ( 'NONE', #8748 ) ;
#2672 = DIRECTION ( 'NONE',  ( 0.000000000000000000, 0.000000000000000000, 1.000000000000000000 ) ) ;
#2673 = CARTESIAN_POINT ( 'NONE',  ( 0.000000000000000000, 16.31134495048482691, 6.336799421339865290 ) ) ;
#2674 = AXIS2_PLACEMENT_3D ( 'NONE', #8562, #1006, #3811 ) ;
#2675 = EDGE_CURVE ( 'NONE', #1162, #411, #7248, .T. ) ;
#2676 = FACE_OUTER_BOUND ( 'NONE', #8497, .T. ) ;
#2677 = ADVANCED_FACE ( 'NONE', ( #7990 ), #1712, .T. ) ;
#2678 = DIRECTION ( 'NONE',  ( 0.000000000000000000, 0.000000000000000000, 1.000000000000000000 ) ) ;
#2679 = LINE ( 'NONE', #2596, #5222 ) ;
#2680 = AXIS2_PLACEMENT_3D ( 'NONE', #629, #801, #5032 ) ;
#2681 = AXIS2_PLACEMENT_3D ( 'NONE', #742, #703, #6428 ) ;
#2682 = EDGE_CURVE ( 'NONE', #8163, #1728, #2631, .T. ) ;
#2683 = VECTOR ( 'NONE', #7008, 1000.000000000000000 ) ;
#2684 = ORIENTED_EDGE ( 'NONE', *, *, #7197, .T. ) ;
#2685 = CARTESIAN_POINT ( 'NONE',  ( 15.00000000000000178, -2.663952781845844164, -41.91543099594819921 ) ) ;
#2686 = EDGE_CURVE ( 'NONE', #2107, #3888, #7893, .T. ) ;
#2687 = VERTEX_POINT ( 'NONE', #2079 ) ;
#2688 = DIRECTION ( 'NONE',  ( -1.000000000000000000, -0.000000000000000000, -0.000000000000000000 ) ) ;
#2689 = CIRCLE ( 'NONE', #8379, 42.00000000000000000 ) ;
#2690 = CIRCLE ( 'NONE', #3277, 17.49900000000000233 ) ;
#2691 = CARTESIAN_POINT ( 'NONE',  ( 0.000000000000000000, -16.65560815589384092, -38.55633173627028043 ) ) ;
#2692 = AXIS2_PLACEMENT_3D ( 'NONE', #2939, #2850, #4236 ) ;
#2693 = VECTOR ( 'NONE', #6480, 1000.000000000000000 ) ;
#2694 = VERTEX_POINT ( 'NONE', #4468 ) ;
#2695 = ORIENTED_EDGE ( 'NONE', *, *, #8013, .T. ) ;
#2696 = EDGE_CURVE ( 'NONE', #7331, #4000, #1300, .T. ) ;
#2697 = VERTEX_POINT ( 'NONE', #2440 ) ;
#2698 = DIRECTION ( 'NONE',  ( -1.000000000000000000, -0.000000000000000000, 0.000000000000000000 ) ) ;
#2699 = EDGE_CURVE ( 'NONE', #2930, #7753, #7450, .T. ) ;
#2700 = CARTESIAN_POINT ( 'NONE',  ( 15.00000000000000178, 3.925862922256778464, -41.81611651403857621 ) ) ;
#2701 = CARTESIAN_POINT ( 'NONE',  ( 15.00000000000000000, 7.347880794884120722E-16, -6.000000000000000888 ) ) ;
#2702 = DIRECTION ( 'NONE',  ( -1.000000000000000000, 0.000000000000000000, 0.000000000000000000 ) ) ;
#2703 = LINE ( 'NONE', #7130, #43 ) ;
#2704 = CARTESIAN_POINT ( 'NONE',  ( 15.00000000000000178, 0.000000000000000000, 0.000000000000000000 ) ) ;
#2705 = DIRECTION ( 'NONE',  ( 1.000000000000000000, 0.000000000000000000, 0.000000000000000000 ) ) ;
#2706 = ORIENTED_EDGE ( 'NONE', *, *, #8154, .T. ) ;
#2707 = VERTEX_POINT ( 'NONE', #5841 ) ;
#2708 = ORIENTED_EDGE ( 'NONE', *, *, #4488, .T. ) ;
#2709 = VERTEX_POINT ( 'NONE', #4516 ) ;
#2710 = ORIENTED_EDGE ( 'NONE', *, *, #8614, .F. ) ;
#2711 = FACE_OUTER_BOUND ( 'NONE', #1556, .T. ) ;
#2712 = CARTESIAN_POINT ( 'NONE',  ( 15.00000000000000178, -35.38097989696503731, -12.42422080174675436 ) ) ;
#2713 = DIRECTION ( 'NONE',  ( -1.000000000000000000, 0.000000000000000000, 0.000000000000000000 ) ) ;
#2714 = EDGE_CURVE ( 'NONE', #8923, #7900, #5267, .T. ) ;
#2715 = DIRECTION ( 'NONE',  ( -1.000000000000000000, 0.000000000000000000, -0.000000000000000000 ) ) ;
#2716 = DIRECTION ( 'NONE',  ( 0.000000000000000000, -0.3090169943749349057, -0.9510565162951576390 ) ) ;
#2717 = AXIS2_PLACEMENT_3D ( 'NONE', #6941, #3287, #4669 ) ;
#2718 = EDGE_CURVE ( 'NONE', #4100, #3806, #4533, .T. ) ;
#2719 = ORIENTED_EDGE ( 'NONE', *, *, #2718, .T. ) ;
#2720 = ADVANCED_FACE ( 'NONE', ( #5887 ), #6020, .T. ) ;
#2721 = CARTESIAN_POINT ( 'NONE',  ( 15.00000000000000178, -25.88420570971383228, -27.13269053701123212 ) ) ;
#2722 = CIRCLE ( 'NONE', #2435, 8.000000000000003553 ) ;
#2723 = CARTESIAN_POINT ( 'NONE',  ( 15.00000000000000178, -37.16516213103274424, -4.992566952385386614 ) ) ;
#2724 = ADVANCED_FACE ( 'NONE', ( #5111, #4606 ), #7388, .F. ) ;
#2725 = DIRECTION ( 'NONE',  ( 1.000000000000000000, 0.000000000000000000, 0.000000000000000000 ) ) ;
#2726 = EDGE_CURVE ( 'NONE', #582, #2075, #7299, .T. ) ;
#2727 = DIRECTION ( 'NONE',  ( 0.000000000000000000, -1.000000000000000000, -1.040834085586084099E-14 ) ) ;
#2728 = CARTESIAN_POINT ( 'NONE',  ( 15.00000000000000178, -25.88420570971420531, 27.13269053701087330 ) ) ;
#2729 = ORIENTED_EDGE ( 'NONE', *, *, #3532, .F. ) ;
#2730 = CARTESIAN_POINT ( 'NONE',  ( 15.00000000000000178, -6.736453364083812012, 36.88895765772630853 ) ) ;
#2731 = LINE ( 'NONE', #4762, #4316 ) ;
#2732 = AXIS2_PLACEMENT_3D ( 'NONE', #8218, #610, #2812 ) ;
#2733 = DIRECTION ( 'NONE',  ( -1.000000000000000000, 0.000000000000000000, -0.000000000000000000 ) ) ;
#2734 = CYLINDRICAL_SURFACE ( 'NONE', #7308, 16.00000000000000000 ) ;
#2735 = AXIS2_PLACEMENT_3D ( 'NONE', #4034, #4904, #1311 ) ;
#2736 = AXIS2_PLACEMENT_3D ( 'NONE', #444, #1770, #4568 ) ;
#2737 = ORIENTED_EDGE ( 'NONE', *, *, #3928, .F. ) ;
#2738 = ORIENTED_EDGE ( 'NONE', *, *, #7836, .F. ) ;
#2739 = ORIENTED_EDGE ( 'NONE', *, *, #4856, .T. ) ;
#2740 = DIRECTION ( 'NONE',  ( -1.000000000000000000, 0.000000000000000000, -0.000000000000000000 ) ) ;
#2741 = DIRECTION ( 'NONE',  ( -1.000000000000000000, 0.000000000000000000, 0.000000000000000000 ) ) ;
#2742 = DIRECTION ( 'NONE',  ( 0.000000000000000000, 0.000000000000000000, 1.000000000000000000 ) ) ;
#2743 = EDGE_CURVE ( 'NONE', #5498, #604, #3871, .T. ) ;
#2744 = CYLINDRICAL_SURFACE ( 'NONE', #5406, 8.000000000000003553 ) ;
#2745 = DIRECTION ( 'NONE',  ( -1.000000000000000000, 0.000000000000000000, 0.000000000000000000 ) ) ;
#2746 = CARTESIAN_POINT ( 'NONE',  ( 15.00000000000000178, -6.555932627142682101, 37.01155633439055492 ) ) ;
#2747 = ORIENTED_EDGE ( 'NONE', *, *, #2212, .T. ) ;
#2748 = EDGE_CURVE ( 'NONE', #1626, #602, #5559, .T. ) ;
#2749 = EDGE_LOOP ( 'NONE', ( #427, #369, #856, #3048 ) ) ;
#2750 = ORIENTED_EDGE ( 'NONE', *, *, #8566, .T. ) ;
#2751 = EDGE_LOOP ( 'NONE', ( #6122, #7335, #3232, #3300 ) ) ;
#2752 = ORIENTED_EDGE ( 'NONE', *, *, #4717, .T. ) ;
#2753 = DIRECTION ( 'NONE',  ( 0.000000000000000000, 0.7071067811865439090, 0.7071067811865512365 ) ) ;
#2754 = UNCERTAINTY_MEASURE_WITH_UNIT (LENGTH_MEASURE( 1.000000000000000082E-05 ), #7850, 'distance_accuracy_value', 'NONE');
#2755 = FACE_OUTER_BOUND ( 'NONE', #4366, .T. ) ;
#2756 = VECTOR ( 'NONE', #8873, 1000.000000000000000 ) ;
#2757 = CARTESIAN_POINT ( 'NONE',  ( 0.000000000000000000, -36.88895765772638669, 6.736453364083429207 ) ) ;
#2758 = FACE_OUTER_BOUND ( 'NONE', #148, .T. ) ;
#2759 = DIRECTION ( 'NONE',  ( -1.000000000000000000, 0.000000000000000000, 0.000000000000000000 ) ) ;
#2760 = VERTEX_POINT ( 'NONE', #7894 ) ;
#2761 = ORIENTED_EDGE ( 'NONE', *, *, #2943, .T. ) ;
#2762 = DIRECTION ( 'NONE',  ( -1.000000000000000000, -0.000000000000000000, 0.000000000000000000 ) ) ;
#2763 = CARTESIAN_POINT ( 'NONE',  ( 7.500000000000002665, -10.46102064772325235, -19.35373470438993593 ) ) ;
#2764 = DIRECTION ( 'NONE',  ( -1.000000000000000000, 0.000000000000000000, 0.000000000000000000 ) ) ;
#2765 = DIRECTION ( 'NONE',  ( 0.000000000000000000, 0.000000000000000000, -1.000000000000000000 ) ) ;
#2766 = EDGE_CURVE ( 'NONE', #5508, #3865, #3952, .T. ) ;
#2767 = DIRECTION ( 'NONE',  ( 1.000000000000000000, -0.000000000000000000, -0.000000000000000000 ) ) ;
#2768 = AXIS2_PLACEMENT_3D ( 'NONE', #4276, #3494, #8512 ) ;
#2769 = AXIS2_PLACEMENT_3D ( 'NONE', #4644, #6053, #460 ) ;
#2770 = ORIENTED_EDGE ( 'NONE', *, *, #7581, .F. ) ;
#2771 = EDGE_LOOP ( 'NONE', ( #3119, #3209, #6099, #5798 ) ) ;
#2772 = AXIS2_PLACEMENT_3D ( 'NONE', #4080, #2612, #5414 ) ;
#2773 = CARTESIAN_POINT ( 'NONE',  ( 7.500000000000002665, 26.79245525562761543, -32.34446384429942611 ) ) ;
#2774 = DIRECTION ( 'NONE',  ( -1.000000000000000000, 0.000000000000000000, 0.000000000000000000 ) ) ;
#2775 = DIRECTION ( 'NONE',  ( -1.000000000000000000, 0.000000000000000000, 0.000000000000000000 ) ) ;
#2776 = CARTESIAN_POINT ( 'NONE',  ( 15.00000000000000178, -11.06713717293248855, 13.55483219355724600 ) ) ;
#2777 = EDGE_CURVE ( 'NONE', #2587, #7409, #1616, .T. ) ;
#2778 = AXIS2_PLACEMENT_3D ( 'NONE', #4816, #7777, #6411 ) ;
#2779 = VERTEX_POINT ( 'NONE', #5977 ) ;
#2780 = ORIENTED_EDGE ( 'NONE', *, *, #2548, .T. ) ;
#2781 = CARTESIAN_POINT ( 'NONE',  ( -10.00000000000000000, 0.000000000000000000, 0.000000000000000000 ) ) ;
#2782 = FACE_OUTER_BOUND ( 'NONE', #2311, .T. ) ;
#2783 = AXIS2_PLACEMENT_3D ( 'NONE', #7228, #899, #6501 ) ;
#2784 = DIRECTION ( 'NONE',  ( 0.000000000000000000, 0.3090169943749412340, 0.9510565162951556406 ) ) ;
#2785 = LINE ( 'NONE', #8321, #5762 ) ;
#2786 = ADVANCED_FACE ( 'NONE', ( #8617 ), #1114, .T. ) ;
#2787 = EDGE_CURVE ( 'NONE', #6454, #3205, #4249, .T. ) ;
#2788 = DIRECTION ( 'NONE',  ( -1.000000000000000000, -0.000000000000000000, 0.000000000000000000 ) ) ;
#2789 = CARTESIAN_POINT ( 'NONE',  ( 0.000000000000000000, 0.000000000000000000, 0.000000000000000000 ) ) ;
#2790 = ORIENTED_EDGE ( 'NONE', *, *, #5938, .F. ) ;
#2791 = PRODUCT_DEFINITION_SHAPE ( 'NONE', 'NONE',  #9052 ) ;
#2792 = ORIENTED_EDGE ( 'NONE', *, *, #3012, .T. ) ;
#2793 = ORIENTED_EDGE ( 'NONE', *, *, #4144, .F. ) ;
#2794 = VERTEX_POINT ( 'NONE', #6602 ) ;
#2795 = EDGE_CURVE ( 'NONE', #7832, #3124, #2470, .T. ) ;
#2796 = EDGE_LOOP ( 'NONE', ( #6770, #1269, #2978, #8778 ) ) ;
#2797 = ADVANCED_FACE ( 'NONE', ( #3715 ), #324, .T. ) ;
#2798 = CARTESIAN_POINT ( 'NONE',  ( 15.00000000000000178, 0.000000000000000000, 0.000000000000000000 ) ) ;
#2799 = FACE_OUTER_BOUND ( 'NONE', #7628, .T. ) ;
#2800 = EDGE_CURVE ( 'NONE', #32, #4116, #8038, .T. ) ;
#2801 = CARTESIAN_POINT ( 'NONE',  ( 0.000000000000000000, 0.000000000000000000, 0.000000000000000000 ) ) ;
#2802 = DIRECTION ( 'NONE',  ( -1.000000000000000000, -0.000000000000000000, 0.000000000000000000 ) ) ;
#2803 = CARTESIAN_POINT ( 'NONE',  ( 7.500000000000002665, 36.13751322684449718, -21.40280677340332716 ) ) ;
#2804 = CARTESIAN_POINT ( 'NONE',  ( 15.00000000000000178, 0.000000000000000000, 0.000000000000000000 ) ) ;
#2805 = ORIENTED_EDGE ( 'NONE', *, *, #7614, .F. ) ;
#2806 = ORIENTED_EDGE ( 'NONE', *, *, #4441, .T. ) ;
#2807 = EDGE_CURVE ( 'NONE', #1931, #7144, #8319, .T. ) ;
#2808 = CIRCLE ( 'NONE', #7930, 15.99999999999999822 ) ;
#2809 = CARTESIAN_POINT ( 'NONE',  ( 15.00000000000000178, 35.95386929396256193, -10.96151621346500526 ) ) ;
#2810 = DIRECTION ( 'NONE',  ( 0.000000000000000000, 0.000000000000000000, 1.000000000000000000 ) ) ;
#2811 = LINE ( 'NONE', #5485, #6856 ) ;
#2812 = DIRECTION ( 'NONE',  ( 0.000000000000000000, 0.8090169943749486725, -0.5877852522924713607 ) ) ;
#2813 = CYLINDRICAL_SURFACE ( 'NONE', #8138, 37.49900000000000944 ) ;
#2814 = CIRCLE ( 'NONE', #6766, 16.00000000000000000 ) ;
#2815 = EDGE_LOOP ( 'NONE', ( #6838, #622, #2108, #4376 ) ) ;
#2816 = ORIENTED_EDGE ( 'NONE', *, *, #5809, .F. ) ;
#2817 = DIRECTION ( 'NONE',  ( -1.000000000000000000, 0.000000000000000000, 0.000000000000000000 ) ) ;
#2818 = VECTOR ( 'NONE', #182, 1000.000000000000000 ) ;
#2819 = CARTESIAN_POINT ( 'NONE',  ( 0.000000000000000000, -15.48615015657555460, -39.04073710021360455 ) ) ;
#2820 = CIRCLE ( 'NONE', #8089, 37.49900000000001654 ) ;
#2821 = DIRECTION ( 'NONE',  ( 0.000000000000000000, 0.000000000000000000, 1.000000000000000000 ) ) ;
#2822 = AXIS2_PLACEMENT_3D ( 'NONE', #9004, #7090, #5674 ) ;
#2823 = CARTESIAN_POINT ( 'NONE',  ( 15.00000000000000178, -16.65560815589384092, -38.55633173627028043 ) ) ;
#2824 = AXIS2_PLACEMENT_3D ( 'NONE', #8798, #5354, #5852 ) ;
#2825 = ORIENTED_EDGE ( 'NONE', *, *, #8605, .F. ) ;
#2826 = VECTOR ( 'NONE', #6409, 1000.000000000000000 ) ;
#2827 = ORIENTED_EDGE ( 'NONE', *, *, #2956, .F. ) ;
#2828 = VECTOR ( 'NONE', #1983, 1000.000000000000000 ) ;
#2829 = CARTESIAN_POINT ( 'NONE',  ( 0.000000000000000000, 4.992566952385531387, -37.16516213103272293 ) ) ;
#2830 = CARTESIAN_POINT ( 'NONE',  ( 0.000000000000000000, 0.000000000000000000, 0.000000000000000000 ) ) ;
#2831 = FACE_OUTER_BOUND ( 'NONE', #4142, .T. ) ;
#2832 = DIRECTION ( 'NONE',  ( 0.000000000000000000, 0.000000000000000000, 1.000000000000000000 ) ) ;
#2833 = EDGE_CURVE ( 'NONE', #14, #1920, #6862, .T. ) ;
#2834 = AXIS2_PLACEMENT_3D ( 'NONE', #5694, #2295, #7 ) ;
#2835 = CARTESIAN_POINT ( 'NONE',  ( 15.00000000000000178, 0.000000000000000000, 0.000000000000000000 ) ) ;
#2836 = DIRECTION ( 'NONE',  ( -1.000000000000000000, 0.000000000000000000, -0.000000000000000000 ) ) ;
#2837 = AXIS2_PLACEMENT_3D ( 'NONE', #4356, #7681, #718 ) ;
#2838 = AXIS2_PLACEMENT_3D ( 'NONE', #8183, #6092, #3469 ) ;
#2839 = ORIENTED_EDGE ( 'NONE', *, *, #8801, .F. ) ;
#2840 = EDGE_LOOP ( 'NONE', ( #2287, #3050, #391, #711 ) ) ;
#2841 = CIRCLE ( 'NONE', #4022, 17.49900000000000233 ) ;
#2842 = VERTEX_POINT ( 'NONE', #3041 ) ;
#2843 = VERTEX_POINT ( 'NONE', #3130 ) ;
#2844 = VERTEX_POINT ( 'NONE', #5878 ) ;
#2845 = CIRCLE ( 'NONE', #8690, 8.000000000000000000 ) ;
#2846 = CARTESIAN_POINT ( 'NONE',  ( 15.00000000000000178, -21.80633394113444368, -2.912696353506039948 ) ) ;
#2847 = FACE_OUTER_BOUND ( 'NONE', #1786, .T. ) ;
#2848 = DIRECTION ( 'NONE',  ( 0.000000000000000000, 0.5877852522924743583, -0.8090169943749465631 ) ) ;
#2849 = CARTESIAN_POINT ( 'NONE',  ( 7.500000000000002665, -2.912696353505660696, -21.80633394113450052 ) ) ;
#2850 = DIRECTION ( 'NONE',  ( -1.000000000000000000, -0.000000000000000000, 0.000000000000000000 ) ) ;
#2851 = CARTESIAN_POINT ( 'NONE',  ( 15.00000000000000178, 13.60411018104335845, -12.96676809804133157 ) ) ;
#2852 = CIRCLE ( 'NONE', #4620, 8.000000000000001776 ) ;
#2853 = ORIENTED_EDGE ( 'NONE', *, *, #6811, .T. ) ;
#2854 = VERTEX_POINT ( 'NONE', #6559 ) ;
#2855 = ORIENTED_EDGE ( 'NONE', *, *, #1283, .T. ) ;
#2856 = ADVANCED_FACE ( 'NONE', ( #8736 ), #5920, .T. ) ;
#2857 = DIRECTION ( 'NONE',  ( 0.000000000000000000, 0.000000000000000000, -1.000000000000000000 ) ) ;
#2858 = CIRCLE ( 'NONE', #74, 42.00000000000000000 ) ;
#2859 = DIRECTION ( 'NONE',  ( 0.000000000000000000, 0.000000000000000000, 1.000000000000000000 ) ) ;
#2860 = DIRECTION ( 'NONE',  ( -1.000000000000000000, 0.000000000000000000, 0.000000000000000000 ) ) ;
#2861 = EDGE_CURVE ( 'NONE', #8881, #7342, #7735, .T. ) ;
#2862 = LINE ( 'NONE', #7076, #3028 ) ;
#2863 = CIRCLE ( 'NONE', #7246, 37.49900000000000944 ) ;
#2864 = EDGE_CURVE ( 'NONE', #1832, #6299, #2429, .T. ) ;
#2865 = VERTEX_POINT ( 'NONE', #7192 ) ;
#2866 = ADVANCED_FACE ( 'NONE', ( #5240 ), #7926, .T. ) ;
#2867 = ORIENTED_EDGE ( 'NONE', *, *, #4798, .F. ) ;
#2868 = AXIS2_PLACEMENT_3D ( 'NONE', #1586, #4349, #5760 ) ;
#2869 = CARTESIAN_POINT ( 'NONE',  ( 15.00000000000000178, -36.88895765772638669, 6.736453364083429207 ) ) ;
#2870 = DIRECTION ( 'NONE',  ( -1.000000000000000000, 0.000000000000000000, 0.000000000000000000 ) ) ;
#2871 = CYLINDRICAL_SURFACE ( 'NONE', #471, 17.49900000000000233 ) ;
#2872 = DIRECTION ( 'NONE',  ( -1.000000000000000000, -0.000000000000000000, -0.000000000000000000 ) ) ;
#2873 = CIRCLE ( 'NONE', #815, 8.000000000000001776 ) ;
#2874 = DIRECTION ( 'NONE',  ( 0.000000000000000000, 0.000000000000000000, 1.000000000000000000 ) ) ;
#2875 = AXIS2_PLACEMENT_3D ( 'NONE', #7121, #3781, #1116 ) ;
#2876 = EDGE_LOOP ( 'NONE', ( #467, #4957, #3299, #4012 ) ) ;
#2877 = ORIENTED_EDGE ( 'NONE', *, *, #8807, .T. ) ;
#2878 = CARTESIAN_POINT ( 'NONE',  ( 0.000000000000000000, -15.92965478239626798, 15.17386234660375521 ) ) ;
#2879 = DIRECTION ( 'NONE',  ( -1.000000000000000000, 0.000000000000000000, 0.000000000000000000 ) ) ;
#2880 = EDGE_CURVE ( 'NONE', #732, #4395, #6429, .T. ) ;
#2881 = CARTESIAN_POINT ( 'NONE',  ( 7.500000000000002665, 22.48208911017501066, 35.47612816024530957 ) ) ;
#2882 = CARTESIAN_POINT ( 'NONE',  ( 15.00000000000000178, 37.58145647212453611, 0.6853352020791819710 ) ) ;
#2883 = ADVANCED_FACE ( 'NONE', ( #1656 ), #1702, .T. ) ;
#2884 = CYLINDRICAL_SURFACE ( 'NONE', #1461, 16.00000000000000000 ) ;
#2885 = AXIS2_PLACEMENT_3D ( 'NONE', #7574, #6173, #3504 ) ;
#2886 = ORIENTED_EDGE ( 'NONE', *, *, #8781, .F. ) ;
#2887 = ORIENTED_EDGE ( 'NONE', *, *, #2880, .T. ) ;
#2888 = ORIENTED_EDGE ( 'NONE', *, *, #3483, .F. ) ;
#2889 = VECTOR ( 'NONE', #1865, 1000.000000000000000 ) ;
#2890 = ORIENTED_EDGE ( 'NONE', *, *, #120, .F. ) ;
#2891 = ORIENTED_EDGE ( 'NONE', *, *, #7614, .T. ) ;
#2892 = AXIS2_PLACEMENT_3D ( 'NONE', #1018, #6613, #5249 ) ;
#2893 = CARTESIAN_POINT ( 'NONE',  ( 15.00000000000000178, 16.65560815589464738, -38.55633173626993226 ) ) ;
#2894 = FACE_OUTER_BOUND ( 'NONE', #8693, .T. ) ;
#2895 = DIRECTION ( 'NONE',  ( 0.000000000000000000, 0.000000000000000000, 1.000000000000000000 ) ) ;
#2896 = LINE ( 'NONE', #4828, #3665 ) ;
#2897 = DIRECTION ( 'NONE',  ( -1.000000000000000000, 0.000000000000000000, 0.000000000000000000 ) ) ;
#2898 = CARTESIAN_POINT ( 'NONE',  ( 15.00000000000000178, 0.000000000000000000, 0.000000000000000000 ) ) ;
#2899 = ORIENTED_EDGE ( 'NONE', *, *, #5221, .F. ) ;
#2900 = ORIENTED_EDGE ( 'NONE', *, *, #1171, .T. ) ;
#2901 = ORIENTED_EDGE ( 'NONE', *, *, #4335, .T. ) ;
#2902 = CIRCLE ( 'NONE', #1147, 42.00000000000000000 ) ;
#2903 = DIRECTION ( 'NONE',  ( -1.000000000000000000, 0.000000000000000000, -0.000000000000000000 ) ) ;
#2904 = CARTESIAN_POINT ( 'NONE',  ( 59.99999999999999289, 0.000000000000000000, 14.99999999999999645 ) ) ;
#2905 = CARTESIAN_POINT ( 'NONE',  ( 50.00005079999999680, 0.000000000000000000, 0.000000000000000000 ) ) ;
#2906 = CARTESIAN_POINT ( 'NONE',  ( 15.00000000000000178, 0.000000000000000000, 0.000000000000000000 ) ) ;
#2907 = DIRECTION ( 'NONE',  ( 0.000000000000000000, 0.4539904997395476927, -0.8910065241883672327 ) ) ;
#2908 = ADVANCED_FACE ( 'NONE', ( #7327 ), #906, .T. ) ;
#2909 = VECTOR ( 'NONE', #3153, 1000.000000000000000 ) ;
#2910 = ORIENTED_EDGE ( 'NONE', *, *, #3421, .F. ) ;
#2911 = ORIENTED_EDGE ( 'NONE', *, *, #5450, .T. ) ;
#2912 = EDGE_CURVE ( 'NONE', #3574, #2794, #1048, .T. ) ;
#2913 = DIRECTION ( 'NONE',  ( -1.000000000000000000, -0.000000000000000000, -0.000000000000000000 ) ) ;
#2914 = DIRECTION ( 'NONE',  ( -1.000000000000000000, 0.000000000000000000, 0.000000000000000000 ) ) ;
#2915 = DIRECTION ( 'NONE',  ( -1.000000000000000000, 0.000000000000000000, 0.000000000000000000 ) ) ;
#2916 = CARTESIAN_POINT ( 'NONE',  ( 0.000000000000000000, -18.62763138773848581, -2.494040418455554242 ) ) ;
#2917 = DIRECTION ( 'NONE',  ( -1.000000000000000000, -0.000000000000000000, -0.000000000000000000 ) ) ;
#2918 = VECTOR ( 'NONE', #7980, 1000.000000000000000 ) ;
#2919 = AXIS2_PLACEMENT_3D ( 'NONE', #6861, #6101, #1271 ) ;
#2920 = VERTEX_POINT ( 'NONE', #3767 ) ;
#2921 = ORIENTED_EDGE ( 'NONE', *, *, #7948, .T. ) ;
#2922 = DIRECTION ( 'NONE',  ( -1.000000000000000000, -0.000000000000000000, 0.000000000000000000 ) ) ;
#2923 = CARTESIAN_POINT ( 'NONE',  ( 15.00000000000000178, 16.65560815589411803, 38.55633173627015964 ) ) ;
#2924 = CIRCLE ( 'NONE', #4398, 8.000000000000000000 ) ;
#2925 = CARTESIAN_POINT ( 'NONE',  ( 0.000000000000000000, -26.79245525562690844, -32.34446384430000876 ) ) ;
#2926 = AXIS2_PLACEMENT_3D ( 'NONE', #4314, #7050, #7098 ) ;
#2927 = CARTESIAN_POINT ( 'NONE',  ( 0.000000000000000000, -35.53030884539093393, 12.26510123303247468 ) ) ;
#2928 = DIRECTION ( 'NONE',  ( 0.000000000000000000, 0.000000000000000000, 1.000000000000000000 ) ) ;
#2929 = EDGE_LOOP ( 'NONE', ( #2586, #4377 ) ) ;
#2930 = VERTEX_POINT ( 'NONE', #7885 ) ;
#2931 = VERTEX_POINT ( 'NONE', #4411 ) ;
#2932 = ORIENTED_EDGE ( 'NONE', *, *, #1489, .F. ) ;
#2933 = CIRCLE ( 'NONE', #1313, 42.00000000000000000 ) ;
#2934 = ORIENTED_EDGE ( 'NONE', *, *, #5423, .T. ) ;
#2935 = CARTESIAN_POINT ( 'NONE',  ( 0.000000000000000000, 35.53030884539101919, -12.26510123303223132 ) ) ;
#2936 = DIRECTION ( 'NONE',  ( -1.000000000000000000, -0.000000000000000000, -0.000000000000000000 ) ) ;
#2937 = CARTESIAN_POINT ( 'NONE',  ( 0.000000000000000000, -30.00120703465188754, -22.64427369931201994 ) ) ;
#2938 = CARTESIAN_POINT ( 'NONE',  ( 15.00000000000000178, -30.80686688397025463, 21.53537804866070005 ) ) ;
#2939 = CARTESIAN_POINT ( 'NONE',  ( 0.000000000000000000, 0.000000000000000000, 0.000000000000000000 ) ) ;
#2940 = DIRECTION ( 'NONE',  ( -1.000000000000000000, -0.000000000000000000, 0.000000000000000000 ) ) ;
#2941 = ORIENTED_EDGE ( 'NONE', *, *, #4218, .T. ) ;
#2942 = VERTEX_POINT ( 'NONE', #3562 ) ;
#2943 = EDGE_CURVE ( 'NONE', #7472, #7556, #5996, .T. ) ;
#2944 = ORIENTED_EDGE ( 'NONE', *, *, #6206, .T. ) ;
#2945 = DIRECTION ( 'NONE',  ( 0.000000000000000000, 0.000000000000000000, 1.000000000000000000 ) ) ;
#2946 = CYLINDRICAL_SURFACE ( 'NONE', #3202, 21.99999999999999289 ) ;
#2947 = CYLINDRICAL_SURFACE ( 'NONE', #5812, 42.00000000000000000 ) ;
#2948 = FACE_OUTER_BOUND ( 'NONE', #5278, .T. ) ;
#2949 = EDGE_CURVE ( 'NONE', #563, #5482, #7042, .T. ) ;
#2950 = ORIENTED_EDGE ( 'NONE', *, *, #9032, .F. ) ;
#2951 = VECTOR ( 'NONE', #8001, 1000.000000000000000 ) ;
#2952 = ORIENTED_EDGE ( 'NONE', *, *, #120, .T. ) ;
#2953 = CARTESIAN_POINT ( 'NONE',  ( 15.00000000000000178, -37.16516213103280819, 4.992566952384871470 ) ) ;
#2954 = EDGE_CURVE ( 'NONE', #2844, #2097, #292, .T. ) ;
#2955 = CARTESIAN_POINT ( 'NONE',  ( 15.00000000000000178, 16.92083251265331612, -4.460989585140788805 ) ) ;
#2956 = EDGE_CURVE ( 'NONE', #6427, #3830, #5422, .T. ) ;
#2957 = LINE ( 'NONE', #162, #2509 ) ;
#2958 = CYLINDRICAL_SURFACE ( 'NONE', #5526, 16.00000000000000000 ) ;
#2959 = FACE_OUTER_BOUND ( 'NONE', #7762, .T. ) ;
#2960 = AXIS2_PLACEMENT_3D ( 'NONE', #3764, #278, #2244 ) ;
#2961 = EDGE_CURVE ( 'NONE', #4703, #2623, #6724, .T. ) ;
#2962 = ADVANCED_FACE ( 'NONE', ( #3256 ), #8157, .T. ) ;
#2963 = EDGE_CURVE ( 'NONE', #6230, #32, #504, .T. ) ;
#2964 = VERTEX_POINT ( 'NONE', #6274 ) ;
#2965 = ORIENTED_EDGE ( 'NONE', *, *, #5658, .F. ) ;
#2966 = DIRECTION ( 'NONE',  ( -1.000000000000000000, 0.000000000000000000, -0.000000000000000000 ) ) ;
#2967 = CIRCLE ( 'NONE', #756, 21.99999999999999645 ) ;
#2968 = CARTESIAN_POINT ( 'NONE',  ( 0.000000000000000000, 0.000000000000000000, 0.000000000000000000 ) ) ;
#2969 = AXIS2_PLACEMENT_3D ( 'NONE', #2938, #2340, #4372 ) ;
#2970 = DIRECTION ( 'NONE',  ( -1.000000000000000000, -0.000000000000000000, 0.000000000000000000 ) ) ;
#2971 = CIRCLE ( 'NONE', #5467, 16.00000000000000355 ) ;
#2972 = CARTESIAN_POINT ( 'NONE',  ( 15.00000000000000178, -33.00180498840060750, 17.80606268964527672 ) ) ;
#2973 = CARTESIAN_POINT ( 'NONE',  ( -10.00000000000000000, 0.000000000000000000, 0.000000000000000000 ) ) ;
#2974 = EDGE_CURVE ( 'NONE', #5108, #2007, #1160, .T. ) ;
#2975 = EDGE_LOOP ( 'NONE', ( #2805, #3795, #1743, #3125 ) ) ;
#2976 = AXIS2_PLACEMENT_3D ( 'NONE', #7632, #4171, #3481 ) ;
#2977 = VECTOR ( 'NONE', #8198, 1000.000000000000000 ) ;
#2978 = ORIENTED_EDGE ( 'NONE', *, *, #6410, .F. ) ;
#2979 = AXIS2_PLACEMENT_3D ( 'NONE', #8789, #8927, #5340 ) ;
#2980 = ORIENTED_EDGE ( 'NONE', *, *, #303, .F. ) ;
#2981 = ORIENTED_EDGE ( 'NONE', *, *, #1845, .T. ) ;
#2982 = EDGE_CURVE ( 'NONE', #7680, #4192, #6152, .T. ) ;
#2983 = ORIENTED_EDGE ( 'NONE', *, *, #6121, .T. ) ;
#2984 = AXIS2_PLACEMENT_3D ( 'NONE', #1315, #4121, #4399 ) ;
#2985 = CIRCLE ( 'NONE', #7953, 16.00000000000000000 ) ;
#2986 = CARTESIAN_POINT ( 'NONE',  ( 0.000000000000000000, 27.75498641678786527, -31.52238457039570463 ) ) ;
#2987 = CARTESIAN_POINT ( 'NONE',  ( 15.00000000000000178, 0.000000000000000000, 0.000000000000000000 ) ) ;
#2988 = CIRCLE ( 'NONE', #3276, 16.00000000000000000 ) ;
#2989 = DIRECTION ( 'NONE',  ( 1.000000000000000000, 0.000000000000000000, 0.000000000000000000 ) ) ;
#2990 = AXIS2_PLACEMENT_3D ( 'NONE', #4254, #4983, #8536 ) ;
#2991 = DIRECTION ( 'NONE',  ( 0.000000000000000000, 0.7071067811865436870, 0.7071067811865511255 ) ) ;
#2992 = DIRECTION ( 'NONE',  ( -1.000000000000000000, -0.000000000000000000, -0.000000000000000000 ) ) ;
#2993 = LINE ( 'NONE', #7287, #6542 ) ;
#2994 = AXIS2_PLACEMENT_3D ( 'NONE', #2626, #2028, #4055 ) ;
#2995 = ORIENTED_EDGE ( 'NONE', *, *, #7720, .T. ) ;
#2996 = AXIS2_PLACEMENT_3D ( 'NONE', #1049, #3088, #5102 ) ;
#2997 = ORIENTED_EDGE ( 'NONE', *, *, #1729, .F. ) ;
#2998 = AXIS2_PLACEMENT_3D ( 'NONE', #1163, #8214, #6847 ) ;
#2999 = ORIENTED_EDGE ( 'NONE', *, *, #2126, .T. ) ;
#3000 = AXIS2_PLACEMENT_3D ( 'NONE', #1929, #7511, #509 ) ;
#3001 = CIRCLE ( 'NONE', #5350, 16.00000000000000000 ) ;
#3002 = CARTESIAN_POINT ( 'NONE',  ( 15.00000000000000178, 41.81611651403861885, 3.925862922256318832 ) ) ;
#3003 = EDGE_CURVE ( 'NONE', #6719, #2175, #1016, .T. ) ;
#3004 = SHAPE_REPRESENTATION_RELATIONSHIP ( 'NONE' , 'NONE' ,  #110, #3788 ) ;
#3005 = CARTESIAN_POINT ( 'NONE',  ( 15.00000000000000178, 21.32104025579115714, 30.84782396557225326 ) ) ;
#3006 = DIRECTION ( 'NONE',  ( -0.000000000000000000, 0.000000000000000000, 1.000000000000000000 ) ) ;
#3007 = DIRECTION ( 'NONE',  ( -1.000000000000000000, -0.000000000000000000, 0.000000000000000000 ) ) ;
#3008 = CIRCLE ( 'NONE', #1684, 16.00000000000000000 ) ;
#3009 = VECTOR ( 'NONE', #345, 1000.000000000000000 ) ;
#3010 = EDGE_CURVE ( 'NONE', #7961, #3398, #5711, .T. ) ;
#3011 = VERTEX_POINT ( 'NONE', #9034 ) ;
#3012 = EDGE_CURVE ( 'NONE', #3113, #5627, #2047, .T. ) ;
#3013 = ORIENTED_EDGE ( 'NONE', *, *, #8667, .T. ) ;
#3014 = CYLINDRICAL_SURFACE ( 'NONE', #3774, 17.49900000000000233 ) ;
#3015 = DIRECTION ( 'NONE',  ( 0.000000000000000000, 0.000000000000000000, 1.000000000000000000 ) ) ;
#3016 = EDGE_CURVE ( 'NONE', #7830, #287, #577, .T. ) ;
#3017 = ADVANCED_FACE ( 'NONE', ( #6951 ), #2734, .T. ) ;
#3018 = DIRECTION ( 'NONE',  ( 0.000000000000000000, 0.000000000000000000, 1.000000000000000000 ) ) ;
#3019 = DIRECTION ( 'NONE',  ( 0.000000000000000000, 0.000000000000000000, 1.000000000000000000 ) ) ;
#3020 = DIRECTION ( 'NONE',  ( 0.000000000000000000, 0.000000000000000000, 1.000000000000000000 ) ) ;
#3021 = CARTESIAN_POINT ( 'NONE',  ( 15.00000000000000178, 0.000000000000000000, 0.000000000000000000 ) ) ;
#3022 = VECTOR ( 'NONE', #2767, 1000.000000000000000 ) ;
#3023 = VERTEX_POINT ( 'NONE', #6314 ) ;
#3024 = EDGE_LOOP ( 'NONE', ( #8645, #1870, #1204, #8257, #8634, #6747, #5048, #7601, #4152, #4806, #2621, #6112, #5127, #2560, #1835, #6814, #3385, #2706, #8372, #4875, #4556, #6025, #2747, #4715, #8894, #5536, #7367, #7734, #6018, #4180, #1978, #8850, #3355, #6533, #1310, #5172, #2574, #1697, #8314, #593, #6244, #4913, #8343, #4191, #990, #6887, #7426, #5510, #8102, #7198, #5428, #5550, #5811, #2265, #6709, #4032, #8028, #5438, #4579, #5636, #6607, #4181, #5499, #6447, #8276, #5189, #4821, #5137, #3456, #7644, #741, #638, #8068, #6385, #166, #475, #6845, #5051, #6886, #1878, #2739, #8292, #2331, #8362, #3508 ) ) ;
#3025 = CARTESIAN_POINT ( 'NONE',  ( 15.00000000000000178, -10.74501242461259309, -35.92658777277522120 ) ) ;
#3026 = CARTESIAN_POINT ( 'NONE',  ( 15.00000000000000178, 21.53537804866125427, -30.80686688396986384 ) ) ;
#3027 = DIRECTION ( 'NONE',  ( 0.000000000000000000, -0.9876883405951393247, 0.1564344650402207104 ) ) ;
#3028 = VECTOR ( 'NONE', #6393, 1000.000000000000000 ) ;
#3029 = DIRECTION ( 'NONE',  ( -1.000000000000000000, 0.000000000000000000, 0.000000000000000000 ) ) ;
#3030 = CARTESIAN_POINT ( 'NONE',  ( 0.000000000000000000, 21.32104025579115714, 30.84782396557225326 ) ) ;
#3031 = ORIENTED_EDGE ( 'NONE', *, *, #8495, .T. ) ;
#3032 = VERTEX_POINT ( 'NONE', #5534 ) ;
#3033 = ORIENTED_EDGE ( 'NONE', *, *, #4629, .T. ) ;
#3034 = VERTEX_POINT ( 'NONE', #8312 ) ;
#3035 = VERTEX_POINT ( 'NONE', #7675 ) ;
#3036 = COLOUR_RGB ( '',0.7921568627450980005, 0.8196078431372548767, 0.9333333333333333481 ) ;
#3037 = EDGE_CURVE ( 'NONE', #5872, #6915, #866, .T. ) ;
#3038 = CYLINDRICAL_SURFACE ( 'NONE', #6037, 37.49900000000000944 ) ;
#3039 = DIRECTION ( 'NONE',  ( -1.000000000000000000, 0.000000000000000000, 0.000000000000000000 ) ) ;
#3040 = AXIS2_PLACEMENT_3D ( 'NONE', #2398, #3186, #8792 ) ;
#3041 = CARTESIAN_POINT ( 'NONE',  ( 0.000000000000000000, -11.06713717293229315, -13.55483219355740232 ) ) ;
#3042 = DIRECTION ( 'NONE',  ( 0.000000000000000000, -0.8090169943749402348, -0.5877852522924831291 ) ) ;
#3043 = CYLINDRICAL_SURFACE ( 'NONE', #7378, 37.49900000000000944 ) ;
#3044 = EDGE_CURVE ( 'NONE', #5425, #8424, #2924, .T. ) ;
#3045 = CARTESIAN_POINT ( 'NONE',  ( 0.000000000000000000, 30.80686688397010542, 21.53537804866091676 ) ) ;
#3046 = EDGE_LOOP ( 'NONE', ( #3627, #1244, #7569, #3239 ) ) ;
#3047 = CIRCLE ( 'NONE', #2598, 15.99999999999999822 ) ;
#3048 = ORIENTED_EDGE ( 'NONE', *, *, #3156, .T. ) ;
#3049 = AXIS2_PLACEMENT_3D ( 'NONE', #4224, #7012, #3526 ) ;
#3050 = ORIENTED_EDGE ( 'NONE', *, *, #3037, .F. ) ;
#3051 = DIRECTION ( 'NONE',  ( 0.000000000000000000, 0.000000000000000000, -1.000000000000000000 ) ) ;
#3052 = DIRECTION ( 'NONE',  ( -1.000000000000000000, -0.000000000000000000, -0.000000000000000000 ) ) ;
#3053 = DIRECTION ( 'NONE',  ( -1.000000000000000000, 0.000000000000000000, 0.000000000000000000 ) ) ;
#3054 = CARTESIAN_POINT ( 'NONE',  ( -10.00000000000000000, 0.000000000000000000, 0.000000000000000000 ) ) ;
#3055 = DIRECTION ( 'NONE',  ( 0.000000000000000000, -0.5877852522924802425, 0.8090169943749421222 ) ) ;
#3056 = DIRECTION ( 'NONE',  ( -1.000000000000000000, 0.000000000000000000, 0.000000000000000000 ) ) ;
#3057 = ORIENTED_EDGE ( 'NONE', *, *, #939, .T. ) ;
#3058 = CARTESIAN_POINT ( 'NONE',  ( 15.00000000000000178, 35.47612816024523141, 22.48208911017513500 ) ) ;
#3059 = DIRECTION ( 'NONE',  ( -1.000000000000000000, 0.000000000000000000, 0.000000000000000000 ) ) ;
#3060 = DIRECTION ( 'NONE',  ( 0.000000000000000000, -0.4539904997395351471, -0.8910065241883737830 ) ) ;
#3061 = LINE ( 'NONE', #3691, #5308 ) ;
#3062 = CARTESIAN_POINT ( 'NONE',  ( 15.00000000000000178, 36.88895765772644353, -6.736453364083156536 ) ) ;
#3063 = CARTESIAN_POINT ( 'NONE',  ( 15.00000000000000178, -21.63912866391134315, -3.968388925835036218 ) ) ;
#3064 = AXIS2_PLACEMENT_3D ( 'NONE', #2260, #4380, #1485 ) ;
#3065 = VECTOR ( 'NONE', #2448, 1000.000000000000000 ) ;
#3066 = ORIENTED_EDGE ( 'NONE', *, *, #5025, .T. ) ;
#3067 = ORIENTED_EDGE ( 'NONE', *, *, #3082, .F. ) ;
#3068 = CARTESIAN_POINT ( 'NONE',  ( 15.00000000000000178, 10.41901085202136379, -40.68715046381917944 ) ) ;
#3069 = DIRECTION ( 'NONE',  ( -1.000000000000000000, 0.000000000000000000, 0.000000000000000000 ) ) ;
#3070 = DIRECTION ( 'NONE',  ( 0.000000000000000000, 0.000000000000000000, 1.000000000000000000 ) ) ;
#3071 = EDGE_CURVE ( 'NONE', #8848, #1434, #4160, .T. ) ;
#3072 = DIRECTION ( 'NONE',  ( 0.000000000000000000, 0.000000000000000000, 1.000000000000000000 ) ) ;
#3073 = FACE_OUTER_BOUND ( 'NONE', #3024, .T. ) ;
#3074 = AXIS2_PLACEMENT_3D ( 'NONE', #1360, #6825, #4170 ) ;
#3075 = ORIENTED_EDGE ( 'NONE', *, *, #895, .F. ) ;
#3076 = CARTESIAN_POINT ( 'NONE',  ( 7.500000000000002665, -31.52238457039579345, -27.75498641678776224 ) ) ;
#3077 = EDGE_LOOP ( 'NONE', ( #8644, #7627, #8299, #7233 ) ) ;
#3078 = AXIS2_PLACEMENT_3D ( 'NONE', #8649, #2380, #7284 ) ;
#3079 = VERTEX_POINT ( 'NONE', #2823 ) ;
#3080 = VERTEX_POINT ( 'NONE', #5624 ) ;
#3081 = EDGE_LOOP ( 'NONE', ( #3735, #7068, #6078, #4463 ) ) ;
#3082 = EDGE_CURVE ( 'NONE', #3035, #31, #2482, .T. ) ;
#3083 = AXIS2_PLACEMENT_3D ( 'NONE', #675, #544, #6278 ) ;
#3084 = CYLINDRICAL_SURFACE ( 'NONE', #1942, 8.000000000000001776 ) ;
#3085 = DIRECTION ( 'NONE',  ( 0.000000000000000000, 0.000000000000000000, 1.000000000000000000 ) ) ;
#3086 = EDGE_CURVE ( 'NONE', #613, #3652, #1758, .T. ) ;
#3087 = DIRECTION ( 'NONE',  ( 0.000000000000000000, 0.000000000000000000, 1.000000000000000000 ) ) ;
#3088 = DIRECTION ( 'NONE',  ( 1.000000000000000000, 0.000000000000000000, 0.000000000000000000 ) ) ;
#3089 = DIRECTION ( 'NONE',  ( 0.000000000000000000, 0.000000000000000000, -1.000000000000000000 ) ) ;
#3090 = CIRCLE ( 'NONE', #8190, 8.000000000000001776 ) ;
#3091 = PRESENTATION_STYLE_ASSIGNMENT (( #1610 ) ) ;
#3092 = ADVANCED_FACE ( 'NONE', ( #7814 ), #3645, .T. ) ;
#3093 = ORIENTED_EDGE ( 'NONE', *, *, #7065, .T. ) ;
#3094 = AXIS2_PLACEMENT_3D ( 'NONE', #1886, #4045, #1146 ) ;
#3095 = EDGE_LOOP ( 'NONE', ( #194, #1707, #3707, #6678 ) ) ;
#3096 = ORIENTED_EDGE ( 'NONE', *, *, #7719, .F. ) ;
#3097 = EDGE_CURVE ( 'NONE', #7381, #1455, #4977, .T. ) ;
#3098 = DIRECTION ( 'NONE',  ( 0.000000000000000000, 0.000000000000000000, 1.000000000000000000 ) ) ;
#3099 = DIRECTION ( 'NONE',  ( 0.000000000000000000, 0.000000000000000000, -1.000000000000000000 ) ) ;
#3100 = CARTESIAN_POINT ( 'NONE',  ( -10.00000000000000000, 0.000000000000000000, 0.000000000000000000 ) ) ;
#3101 = AXIS2_PLACEMENT_3D ( 'NONE', #3623, #4923, #6927 ) ;
#3102 = CARTESIAN_POINT ( 'NONE',  ( 15.00000000000000178, 16.92083251265325572, 4.460989585141021507 ) ) ;
#3103 = CARTESIAN_POINT ( 'NONE',  ( 15.00000000000000178, 8.128228055638853533, 16.94522934049213703 ) ) ;
#3104 = FACE_OUTER_BOUND ( 'NONE', #595, .T. ) ;
#3105 = ORIENTED_EDGE ( 'NONE', *, *, #8231, .T. ) ;
#3106 = EDGE_CURVE ( 'NONE', #1066, #3479, #3369, .T. ) ;
#3107 = CYLINDRICAL_SURFACE ( 'NONE', #8439, 16.00000000000000000 ) ;
#3108 = DIRECTION ( 'NONE',  ( -1.000000000000000000, 0.000000000000000000, 0.000000000000000000 ) ) ;
#3109 = CYLINDRICAL_SURFACE ( 'NONE', #3274, 8.000000000000000000 ) ;
#3110 = CARTESIAN_POINT ( 'NONE',  ( 15.00000000000000178, 10.96151621346487204, 35.95386929396260456 ) ) ;
#3111 = CYLINDRICAL_SURFACE ( 'NONE', #404, 16.00000000000000000 ) ;
#3112 = FACE_OUTER_BOUND ( 'NONE', #4407, .T. ) ;
#3113 = VERTEX_POINT ( 'NONE', #7956 ) ;
#3114 = DIRECTION ( 'NONE',  ( 1.000000000000000000, 0.000000000000000000, 0.000000000000000000 ) ) ;
#3115 = CARTESIAN_POINT ( 'NONE',  ( 0.000000000000000000, 4.992566952384994039, 37.16516213103280108 ) ) ;
#3116 = CARTESIAN_POINT ( 'NONE',  ( 50.00005079999999680, 0.000000000000000000, 0.000000000000000000 ) ) ;
#3117 = DIRECTION ( 'NONE',  ( -1.000000000000000000, -0.000000000000000000, -0.000000000000000000 ) ) ;
#3118 = CARTESIAN_POINT ( 'NONE',  ( 0.000000000000000000, -27.75498641678721157, -31.52238457039628727 ) ) ;
#3119 = ORIENTED_EDGE ( 'NONE', *, *, #5371, .F. ) ;
#3120 = VERTEX_POINT ( 'NONE', #7263 ) ;
#3121 = AXIS2_PLACEMENT_3D ( 'NONE', #8103, #5281, #8779 ) ;
#3122 = ORIENTED_EDGE ( 'NONE', *, *, #7444, .F. ) ;
#3123 = EDGE_CURVE ( 'NONE', #3847, #8484, #3655, .T. ) ;
#3124 = VERTEX_POINT ( 'NONE', #3743 ) ;
#3125 = ORIENTED_EDGE ( 'NONE', *, *, #8339, .T. ) ;
#3126 = CIRCLE ( 'NONE', #619, 42.00000000000000000 ) ;
#3127 = DIRECTION ( 'NONE',  ( -1.000000000000000000, -0.000000000000000000, -0.000000000000000000 ) ) ;
#3128 = DIRECTION ( 'NONE',  ( 0.000000000000000000, 0.3090169943749481174, -0.9510565162951535312 ) ) ;
#3129 = EDGE_CURVE ( 'NONE', #7959, #426, #8762, .T. ) ;
#3130 = CARTESIAN_POINT ( 'NONE',  ( 15.00000000000000178, 3.925862922256167842, 41.81611651403863306 ) ) ;
#3131 = DIRECTION ( 'NONE',  ( -1.000000000000000000, -0.000000000000000000, -0.000000000000000000 ) ) ;
#3132 = VECTOR ( 'NONE', #4479, 1000.000000000000000 ) ;
#3133 = CIRCLE ( 'NONE', #5029, 16.00000000000000000 ) ;
#3134 = DIRECTION ( 'NONE',  ( -1.000000000000000000, -0.000000000000000000, 0.000000000000000000 ) ) ;
#3135 = CARTESIAN_POINT ( 'NONE',  ( 15.00000000000000178, -16.45098606841101940, -33.79645857604531045 ) ) ;
#3136 = ORIENTED_EDGE ( 'NONE', *, *, #2441, .F. ) ;
#3137 = EDGE_LOOP ( 'NONE', ( #76, #7114, #5202, #2983 ) ) ;
#3138 = ORIENTED_EDGE ( 'NONE', *, *, #8346, .T. ) ;
#3139 = AXIS2_PLACEMENT_3D ( 'NONE', #7485, #480, #1904 ) ;
#3140 = CARTESIAN_POINT ( 'NONE',  ( 15.00000000000000178, 10.96151621346487204, 35.95386929396260456 ) ) ;
#3141 = DIRECTION ( 'NONE',  ( -1.000000000000000000, -0.000000000000000000, 0.000000000000000000 ) ) ;
#3142 = CARTESIAN_POINT ( 'NONE',  ( 15.00000000000000178, 17.47118961583599628, -0.9861715913088292540 ) ) ;
#3143 = DIRECTION ( 'NONE',  ( 0.000000000000000000, 0.000000000000000000, 1.000000000000000000 ) ) ;
#3144 = AXIS2_PLACEMENT_3D ( 'NONE', #2324, #5039, #1590 ) ;
#3145 = AXIS2_PLACEMENT_3D ( 'NONE', #576, #2045, #7623 ) ;
#3146 = ORIENTED_EDGE ( 'NONE', *, *, #6407, .T. ) ;
#3147 = CIRCLE ( 'NONE', #7668, 8.000000000000003553 ) ;
#3148 = LINE ( 'NONE', #209, #3497 ) ;
#3149 = LINE ( 'NONE', #257, #3009 ) ;
#3150 = EDGE_CURVE ( 'NONE', #1649, #453, #4834, .T. ) ;
#3151 = CARTESIAN_POINT ( 'NONE',  ( 15.00000000000000178, 0.000000000000000000, 0.000000000000000000 ) ) ;
#3152 = CIRCLE ( 'NONE', #4621, 16.00000000000000000 ) ;
#3153 = DIRECTION ( 'NONE',  ( -1.000000000000000000, -0.000000000000000000, 0.000000000000000000 ) ) ;
#3154 = CYLINDRICAL_SURFACE ( 'NONE', #7127, 8.000000000000001776 ) ;
#3155 = LINE ( 'NONE', #8761, #1404 ) ;
#3156 = EDGE_CURVE ( 'NONE', #2054, #764, #6444, .T. ) ;
#3157 = ORIENTED_EDGE ( 'NONE', *, *, #8419, .F. ) ;
#3158 = CARTESIAN_POINT ( 'NONE',  ( 0.000000000000000000, 0.000000000000000000, 0.000000000000000000 ) ) ;
#3159 = CARTESIAN_POINT ( 'NONE',  ( 15.00000000000000178, -33.80338159004296017, 16.23288003029485793 ) ) ;
#3160 = DIRECTION ( 'NONE',  ( -1.000000000000000000, -0.000000000000000000, -0.000000000000000000 ) ) ;
#3161 = CARTESIAN_POINT ( 'NONE',  ( 7.500000000000002665, -19.35373470438988974, 10.46102064772333051 ) ) ;
#3162 = DIRECTION ( 'NONE',  ( -1.000000000000000000, -0.000000000000000000, -0.000000000000000000 ) ) ;
#3163 = VECTOR ( 'NONE', #8631, 1000.000000000000000 ) ;
#3164 = EDGE_LOOP ( 'NONE', ( #7602, #915, #8165, #6641 ) ) ;
#3165 = ORIENTED_EDGE ( 'NONE', *, *, #7666, .T. ) ;
#3166 = VERTEX_POINT ( 'NONE', #8492 ) ;
#3167 = VERTEX_POINT ( 'NONE', #6540 ) ;
#3168 = EDGE_CURVE ( 'NONE', #6220, #8071, #3223, .T. ) ;
#3169 = ORIENTED_EDGE ( 'NONE', *, *, #8139, .F. ) ;
#3170 = AXIS2_PLACEMENT_3D ( 'NONE', #1157, #4742, #1289 ) ;
#3171 = DIRECTION ( 'NONE',  ( -1.000000000000000000, -0.000000000000000000, -0.000000000000000000 ) ) ;
#3172 = DIRECTION ( 'NONE',  ( 0.000000000000000000, -0.3090169943749550563, 0.9510565162951511997 ) ) ;
#3173 = EDGE_CURVE ( 'NONE', #4900, #8274, #2302, .T. ) ;
#3174 = CARTESIAN_POINT ( 'NONE',  ( 15.00000000000000178, 0.000000000000000000, 0.000000000000000000 ) ) ;
#3175 = DIRECTION ( 'NONE',  ( 0.000000000000000000, -0.5877852522924802425, 0.8090169943749422332 ) ) ;
#3176 = CARTESIAN_POINT ( 'NONE',  ( 15.00000000000000178, 0.000000000000000000, 0.000000000000000000 ) ) ;
#3177 = DIRECTION ( 'NONE',  ( 0.000000000000000000, -1.000000000000000000, -1.040834085586084257E-14 ) ) ;
#3178 = ORIENTED_EDGE ( 'NONE', *, *, #170, .F. ) ;
#3179 = AXIS2_PLACEMENT_3D ( 'NONE', #8976, #6075, #2716 ) ;
#3180 = ORIENTED_EDGE ( 'NONE', *, *, #4856, .F. ) ;
#3181 = EDGE_LOOP ( 'NONE', ( #7496, #1138, #8934, #6954 ) ) ;
#3182 = ORIENTED_EDGE ( 'NONE', *, *, #104, .T. ) ;
#3183 = CIRCLE ( 'NONE', #8286, 16.00000000000000000 ) ;
#3184 = DIRECTION ( 'NONE',  ( 1.000000000000000000, -0.000000000000000000, 0.000000000000000000 ) ) ;
#3185 = CARTESIAN_POINT ( 'NONE',  ( 15.00000000000000178, 27.75498641678742828, 31.52238457039609187 ) ) ;
#3186 = DIRECTION ( 'NONE',  ( -1.000000000000000000, 0.000000000000000000, -0.000000000000000000 ) ) ;
#3187 = CARTESIAN_POINT ( 'NONE',  ( 15.00000000000000178, -12.96676809804138131, -13.60411018104331404 ) ) ;
#3188 = CIRCLE ( 'NONE', #5819, 21.99999999999999645 ) ;
#3189 = ORIENTED_EDGE ( 'NONE', *, *, #1625, .T. ) ;
#3190 = CYLINDRICAL_SURFACE ( 'NONE', #8893, 16.00000000000000000 ) ;
#3191 = DIRECTION ( 'NONE',  ( -1.000000000000000000, 0.000000000000000000, 0.000000000000000000 ) ) ;
#3192 = LINE ( 'NONE', #5988, #6483 ) ;
#3193 = DIRECTION ( 'NONE',  ( -1.000000000000000000, 0.000000000000000000, 0.000000000000000000 ) ) ;
#3194 = ADVANCED_FACE ( 'NONE', ( #7129 ), #2958, .T. ) ;
#3195 = FACE_OUTER_BOUND ( 'NONE', #1581, .T. ) ;
#3196 = DIRECTION ( 'NONE',  ( 0.000000000000000000, 0.000000000000000000, 1.000000000000000000 ) ) ;
#3197 = ADVANCED_FACE ( 'NONE', ( #3692 ), #4434, .T. ) ;
#3198 = ORIENTED_EDGE ( 'NONE', *, *, #6537, .F. ) ;
#3199 = DIRECTION ( 'NONE',  ( -1.000000000000000000, 0.000000000000000000, -0.000000000000000000 ) ) ;
#3200 = CARTESIAN_POINT ( 'NONE',  ( 15.00000000000000178, 16.31134495048491573, -6.336799421339640581 ) ) ;
#3201 = EDGE_CURVE ( 'NONE', #3400, #7342, #5806, .T. ) ;
#3202 = AXIS2_PLACEMENT_3D ( 'NONE', #3054, #3592, #2307 ) ;
#3203 = DIRECTION ( 'NONE',  ( -1.000000000000000000, 0.000000000000000000, 0.000000000000000000 ) ) ;
#3204 = DIRECTION ( 'NONE',  ( -1.000000000000000000, -0.000000000000000000, -0.000000000000000000 ) ) ;
#3205 = VERTEX_POINT ( 'NONE', #261 ) ;
#3206 = ORIENTED_EDGE ( 'NONE', *, *, #5843, .T. ) ;
#3207 = EDGE_LOOP ( 'NONE', ( #1833, #1445, #7847, #319 ) ) ;
#3208 = ORIENTED_EDGE ( 'NONE', *, *, #6649, .T. ) ;
#3209 = ORIENTED_EDGE ( 'NONE', *, *, #8643, .T. ) ;
#3210 = DIRECTION ( 'NONE',  ( 1.000000000000000000, 0.000000000000000000, 0.000000000000000000 ) ) ;
#3211 = FACE_OUTER_BOUND ( 'NONE', #85, .T. ) ;
#3212 = CARTESIAN_POINT ( 'NONE',  ( 15.00000000000000178, 0.000000000000000000, 0.000000000000000000 ) ) ;
#3213 = LINE ( 'NONE', #8874, #2977 ) ;
#3214 = DIRECTION ( 'NONE',  ( -1.000000000000000000, 0.000000000000000000, -0.000000000000000000 ) ) ;
#3215 = DIRECTION ( 'NONE',  ( 0.000000000000000000, 0.000000000000000000, 1.000000000000000000 ) ) ;
#3216 = VECTOR ( 'NONE', #7418, 1000.000000000000000 ) ;
#3217 = ORIENTED_EDGE ( 'NONE', *, *, #8807, .F. ) ;
#3218 = EDGE_LOOP ( 'NONE', ( #770, #7995, #123, #7199 ) ) ;
#3219 = ORIENTED_EDGE ( 'NONE', *, *, #4848, .T. ) ;
#3220 = AXIS2_PLACEMENT_3D ( 'NONE', #5769, #4994, #7772 ) ;
#3221 = VERTEX_POINT ( 'NONE', #5122 ) ;
#3222 = DIRECTION ( 'NONE',  ( -1.000000000000000000, -0.000000000000000000, -0.000000000000000000 ) ) ;
#3223 = CIRCLE ( 'NONE', #1608, 17.49900000000000233 ) ;
#3224 = DIRECTION ( 'NONE',  ( 0.000000000000000000, 0.3090169943749413450, 0.9510565162951556406 ) ) ;
#3225 = DIRECTION ( 'NONE',  ( 1.000000000000000000, 0.000000000000000000, 0.000000000000000000 ) ) ;
#3226 = LINE ( 'NONE', #4006, #8713 ) ;
#3227 = CIRCLE ( 'NONE', #7749, 42.00000000000000000 ) ;
#3228 = EDGE_CURVE ( 'NONE', #5366, #7779, #6989, .T. ) ;
#3229 = EDGE_LOOP ( 'NONE', ( #5973, #5617, #3487, #7025 ) ) ;
#3230 = ORIENTED_EDGE ( 'NONE', *, *, #8838, .T. ) ;
#3231 = CIRCLE ( 'NONE', #3379, 8.000000000000001776 ) ;
#3232 = ORIENTED_EDGE ( 'NONE', *, *, #607, .F. ) ;
#3233 = CARTESIAN_POINT ( 'NONE',  ( 15.00000000000000178, 37.48860685352291711, 0.8828120875901811493 ) ) ;
#3234 = CYLINDRICAL_SURFACE ( 'NONE', #2824, 42.00000000000000000 ) ;
#3235 = DIRECTION ( 'NONE',  ( -1.000000000000000000, 0.000000000000000000, 0.000000000000000000 ) ) ;
#3236 = ADVANCED_FACE ( 'NONE', ( #4481 ), #988, .T. ) ;
#3237 = DIRECTION ( 'NONE',  ( -1.000000000000000000, -0.000000000000000000, 0.000000000000000000 ) ) ;
#3238 = LINE ( 'NONE', #4482, #802 ) ;
#3239 = ORIENTED_EDGE ( 'NONE', *, *, #5218, .T. ) ;
#3240 = DIRECTION ( 'NONE',  ( -1.000000000000000000, 0.000000000000000000, -0.000000000000000000 ) ) ;
#3241 = DIRECTION ( 'NONE',  ( -1.000000000000000000, -0.000000000000000000, 0.000000000000000000 ) ) ;
#3242 = FACE_OUTER_BOUND ( 'NONE', #1011, .T. ) ;
#3243 = EDGE_CURVE ( 'NONE', #3370, #2606, #5393, .T. ) ;
#3244 = CYLINDRICAL_SURFACE ( 'NONE', #6068, 42.00000000000000000 ) ;
#3245 = ORIENTED_EDGE ( 'NONE', *, *, #8478, .F. ) ;
#3246 = EDGE_CURVE ( 'NONE', #415, #9009, #6267, .T. ) ;
#3247 = VERTEX_POINT ( 'NONE', #4668 ) ;
#3248 = ORIENTED_EDGE ( 'NONE', *, *, #1683, .T. ) ;
#3249 = ORIENTED_EDGE ( 'NONE', *, *, #2190, .F. ) ;
#3250 = CIRCLE ( 'NONE', #4817, 8.000000000000003553 ) ;
#3251 = EDGE_LOOP ( 'NONE', ( #9028, #5509, #7424, #8486 ) ) ;
#3252 = CARTESIAN_POINT ( 'NONE',  ( 0.000000000000000000, 19.83898331853684738, 9.508666619816692034 ) ) ;
#3253 = DIRECTION ( 'NONE',  ( 0.000000000000000000, 0.000000000000000000, 1.000000000000000000 ) ) ;
#3254 = EDGE_CURVE ( 'NONE', #5426, #8014, #1573, .T. ) ;
#3255 = ADVANCED_FACE ( 'NONE', ( #1816 ), #5945, .T. ) ;
#3256 = FACE_OUTER_BOUND ( 'NONE', #5713, .T. ) ;
#3257 = DIRECTION ( 'NONE',  ( -1.000000000000000000, -0.000000000000000000, -0.000000000000000000 ) ) ;
#3258 = DIRECTION ( 'NONE',  ( -1.000000000000000000, -0.000000000000000000, 0.000000000000000000 ) ) ;
#3259 = FACE_OUTER_BOUND ( 'NONE', #7456, .T. ) ;
#3260 = CYLINDRICAL_SURFACE ( 'NONE', #5866, 21.99999999999999289 ) ;
#3261 = AXIS2_PLACEMENT_3D ( 'NONE', #6971, #137, #8377 ) ;
#3262 = EDGE_CURVE ( 'NONE', #7612, #4749, #7487, .T. ) ;
#3263 = ORIENTED_EDGE ( 'NONE', *, *, #1409, .T. ) ;
#3264 = ORIENTED_EDGE ( 'NONE', *, *, #7666, .F. ) ;
#3265 = VERTEX_POINT ( 'NONE', #5219 ) ;
#3266 = ORIENTED_EDGE ( 'NONE', *, *, #6779, .T. ) ;
#3267 = AXIS2_PLACEMENT_3D ( 'NONE', #2058, #1631, #4907 ) ;
#3268 = CARTESIAN_POINT ( 'NONE',  ( -10.00000000000000000, 0.000000000000000000, 0.000000000000000000 ) ) ;
#3269 = CARTESIAN_POINT ( 'NONE',  ( 15.00000000000000178, -35.92658777277518567, 10.74501242461270145 ) ) ;
#3270 = CIRCLE ( 'NONE', #4297, 21.99999999999999645 ) ;
#3271 = CARTESIAN_POINT ( 'NONE',  ( 15.00000000000000178, 0.000000000000000000, 0.000000000000000000 ) ) ;
#3272 = DIRECTION ( 'NONE',  ( -1.000000000000000000, 0.000000000000000000, -0.000000000000000000 ) ) ;
#3273 = ADVANCED_FACE ( 'NONE', ( #7442 ), #4018, .T. ) ;
#3274 = AXIS2_PLACEMENT_3D ( 'NONE', #259, #5895, #7951 ) ;
#3275 = ORIENTED_EDGE ( 'NONE', *, *, #7440, .F. ) ;
#3276 = AXIS2_PLACEMENT_3D ( 'NONE', #4124, #8325, #2656 ) ;
#3277 = AXIS2_PLACEMENT_3D ( 'NONE', #291, #8708, #1615 ) ;
#3278 = EDGE_LOOP ( 'NONE', ( #2610, #2346, #3909, #1469 ) ) ;
#3279 = ADVANCED_FACE ( 'NONE', ( #8179 ), #8044, .T. ) ;
#3280 = ORIENTED_EDGE ( 'NONE', *, *, #6139, .F. ) ;
#3281 = CARTESIAN_POINT ( 'NONE',  ( 0.000000000000000000, -21.80633394113448986, 2.912696353505737967 ) ) ;
#3282 = DIRECTION ( 'NONE',  ( -1.000000000000000000, -0.000000000000000000, -0.000000000000000000 ) ) ;
#3283 = DIRECTION ( 'NONE',  ( 0.000000000000000000, 0.000000000000000000, 1.000000000000000000 ) ) ;
#3284 = AXIS2_PLACEMENT_3D ( 'NONE', #5197, #2381, #5922 ) ;
#3285 = CARTESIAN_POINT ( 'NONE',  ( 15.00000000000000178, -17.67226234102801996, -33.17418723428326643 ) ) ;
#3286 = EDGE_CURVE ( 'NONE', #2930, #328, #306, .T. ) ;
#3287 = DIRECTION ( 'NONE',  ( -1.000000000000000000, -0.000000000000000000, -0.000000000000000000 ) ) ;
#3288 = AXIS2_PLACEMENT_3D ( 'NONE', #5405, #4157, #5576 ) ;
#3289 = AXIS2_PLACEMENT_3D ( 'NONE', #6338, #54, #826 ) ;
#3290 = EDGE_CURVE ( 'NONE', #5368, #1130, #829, .T. ) ;
#3291 = VERTEX_POINT ( 'NONE', #3974 ) ;
#3292 = AXIS2_PLACEMENT_3D ( 'NONE', #3768, #3813, #6515 ) ;
#3293 = VECTOR ( 'NONE', #3372, 1000.000000000000000 ) ;
#3294 = DIRECTION ( 'NONE',  ( -1.000000000000000000, 0.000000000000000000, 0.000000000000000000 ) ) ;
#3295 = DIRECTION ( 'NONE',  ( 0.000000000000000000, -0.9510565162951565288, 0.3090169943749383474 ) ) ;
#3296 = AXIS2_PLACEMENT_3D ( 'NONE', #4647, #3134, #375 ) ;
#3297 = DIRECTION ( 'NONE',  ( 0.000000000000000000, 0.000000000000000000, 1.000000000000000000 ) ) ;
#3298 = VECTOR ( 'NONE', #8092, 1000.000000000000000 ) ;
#3299 = ORIENTED_EDGE ( 'NONE', *, *, #423, .T. ) ;
#3300 = ORIENTED_EDGE ( 'NONE', *, *, #3404, .F. ) ;
#3301 = VERTEX_POINT ( 'NONE', #1210 ) ;
#3302 = ORIENTED_EDGE ( 'NONE', *, *, #4130, .F. ) ;
#3303 = VERTEX_POINT ( 'NONE', #5304 ) ;
#3304 = DIRECTION ( 'NONE',  ( 0.000000000000000000, 0.4539904997395476927, -0.8910065241883672327 ) ) ;
#3305 = CARTESIAN_POINT ( 'NONE',  ( 15.00000000000000178, 0.6853352020795687727, -37.58145647212452900 ) ) ;
#3306 = AXIS2_PLACEMENT_3D ( 'NONE', #3158, #5173, #7269 ) ;
#3307 = CARTESIAN_POINT ( 'NONE',  ( 50.00005079999999680, 0.000000000000000000, 10.00000000000000000 ) ) ;
#3308 = CARTESIAN_POINT ( 'NONE',  ( 15.00000000000000178, 0.000000000000000000, 0.000000000000000000 ) ) ;
#3309 = LINE ( 'NONE', #8237, #8451 ) ;
#3310 = FACE_OUTER_BOUND ( 'NONE', #2632, .T. ) ;
#3311 = DIRECTION ( 'NONE',  ( 0.000000000000000000, 0.000000000000000000, 1.000000000000000000 ) ) ;
#3312 = DIRECTION ( 'NONE',  ( -1.000000000000000000, -0.000000000000000000, -0.000000000000000000 ) ) ;
#3313 = ORIENTED_EDGE ( 'NONE', *, *, #5692, .F. ) ;
#3314 = VERTEX_POINT ( 'NONE', #6760 ) ;
#3315 = VERTEX_POINT ( 'NONE', #1725 ) ;
#3316 = ADVANCED_FACE ( 'NONE', ( #1029 ), #3111, .T. ) ;
#3317 = AXIS2_PLACEMENT_3D ( 'NONE', #8528, #8351, #5571 ) ;
#3318 = VERTEX_POINT ( 'NONE', #399 ) ;
#3319 = CARTESIAN_POINT ( 'NONE',  ( 15.00000000000000178, -35.92658777277518567, 10.74501242461270145 ) ) ;
#3320 = DIRECTION ( 'NONE',  ( -1.000000000000000000, -0.000000000000000000, 0.000000000000000000 ) ) ;
#3321 = AXIS2_PLACEMENT_3D ( 'NONE', #4739, #3450, #4134 ) ;
#3322 = LINE ( 'NONE', #6202, #7522 ) ;
#3323 = DIRECTION ( 'NONE',  ( -1.000000000000000000, -0.000000000000000000, -0.000000000000000000 ) ) ;
#3324 = VECTOR ( 'NONE', #6990, 1000.000000000000000 ) ;
#3325 = ORIENTED_EDGE ( 'NONE', *, *, #7191, .T. ) ;
#3326 = ORIENTED_EDGE ( 'NONE', *, *, #5307, .F. ) ;
#3327 = VERTEX_POINT ( 'NONE', #8083 ) ;
#3328 = CIRCLE ( 'NONE', #8432, 21.99999999999999289 ) ;
#3329 = DIRECTION ( 'NONE',  ( -1.000000000000000000, 0.000000000000000000, -0.000000000000000000 ) ) ;
#3330 = LINE ( 'NONE', #6848, #8960 ) ;
#3331 = LINE ( 'NONE', #481, #896 ) ;
#3332 = DIRECTION ( 'NONE',  ( -1.000000000000000000, 0.000000000000000000, 0.000000000000000000 ) ) ;
#3333 = AXIS2_PLACEMENT_3D ( 'NONE', #297, #3225, #8661 ) ;
#3334 = DIRECTION ( 'NONE',  ( -1.000000000000000000, 0.000000000000000000, -0.000000000000000000 ) ) ;
#3335 = CIRCLE ( 'NONE', #8010, 8.000000000000001776 ) ;
#3336 = ORIENTED_EDGE ( 'NONE', *, *, #2699, .T. ) ;
#3337 = CIRCLE ( 'NONE', #8155, 42.00000000000000000 ) ;
#3338 = DIRECTION ( 'NONE',  ( 0.000000000000000000, 0.000000000000000000, 1.000000000000000000 ) ) ;
#3339 = CARTESIAN_POINT ( 'NONE',  ( -10.00000000000000000, 0.000000000000000000, 0.000000000000000000 ) ) ;
#3340 = CARTESIAN_POINT ( 'NONE',  ( 0.000000000000000000, -40.68715046381936418, 10.41901085202063371 ) ) ;
#3341 = ORIENTED_EDGE ( 'NONE', *, *, #4826, .F. ) ;
#3342 = ORIENTED_EDGE ( 'NONE', *, *, #3793, .F. ) ;
#3343 = VECTOR ( 'NONE', #7160, 1000.000000000000000 ) ;
#3344 = CARTESIAN_POINT ( 'NONE',  ( 7.500000000000002665, -41.91543099594819921, 2.663952781845994711 ) ) ;
#3345 = DIRECTION ( 'NONE',  ( -1.000000000000000000, 0.000000000000000000, 0.000000000000000000 ) ) ;
#3346 = ADVANCED_FACE ( 'NONE', ( #5897 ), #3835, .T. ) ;
#3347 = CARTESIAN_POINT ( 'NONE',  ( 15.00000000000000178, 9.508666619816624532, 19.83898331853688290 ) ) ;
#3348 = DIRECTION ( 'NONE',  ( 0.000000000000000000, 0.000000000000000000, 1.000000000000000000 ) ) ;
#3349 = DIRECTION ( 'NONE',  ( 1.000000000000000000, 0.000000000000000000, 0.000000000000000000 ) ) ;
#3350 = CYLINDRICAL_SURFACE ( 'NONE', #3561, 8.000000000000001776 ) ;
#3351 = DIRECTION ( 'NONE',  ( -1.000000000000000000, 0.000000000000000000, 0.000000000000000000 ) ) ;
#3352 = CYLINDRICAL_SURFACE ( 'NONE', #4837, 16.00000000000000000 ) ;
#3353 = AXIS2_PLACEMENT_3D ( 'NONE', #8264, #4838, #1994 ) ;
#3354 = ORIENTED_EDGE ( 'NONE', *, *, #7444, .T. ) ;
#3355 = ORIENTED_EDGE ( 'NONE', *, *, #8533, .F. ) ;
#3356 = ORIENTED_EDGE ( 'NONE', *, *, #7338, .F. ) ;
#3357 = ORIENTED_EDGE ( 'NONE', *, *, #4360, .F. ) ;
#3358 = ADVANCED_FACE ( 'NONE', ( #3195 ), #3154, .T. ) ;
#3359 = EDGE_CURVE ( 'NONE', #8665, #8149, #3188, .T. ) ;
#3360 = DIRECTION ( 'NONE',  ( -1.000000000000000000, -0.000000000000000000, -0.000000000000000000 ) ) ;
#3361 = CARTESIAN_POINT ( 'NONE',  ( 15.00000000000000178, -15.17386234660392219, 15.92965478239610810 ) ) ;
#3362 = AXIS2_PLACEMENT_3D ( 'NONE', #5284, #4590, #8606 ) ;
#3363 = FACE_OUTER_BOUND ( 'NONE', #3164, .T. ) ;
#3364 = EDGE_CURVE ( 'NONE', #7342, #5289, #7860, .T. ) ;
#3365 = CARTESIAN_POINT ( 'NONE',  ( 15.00000000000000178, 11.06713717293258981, -13.55483219355716606 ) ) ;
#3366 = AXIS2_PLACEMENT_3D ( 'NONE', #6496, #8591, #6406 ) ;
#3367 = EDGE_CURVE ( 'NONE', #7691, #45, #8800, .T. ) ;
#3368 = VERTEX_POINT ( 'NONE', #4881 ) ;
#3369 = CIRCLE ( 'NONE', #8470, 8.000000000000000000 ) ;
#3370 = VERTEX_POINT ( 'NONE', #8305 ) ;
#3371 = ORIENTED_EDGE ( 'NONE', *, *, #5394, .F. ) ;
#3372 = DIRECTION ( 'NONE',  ( -1.000000000000000000, 0.000000000000000000, 0.000000000000000000 ) ) ;
#3373 = STYLED_ITEM ( 'NONE', ( #3091 ), #6200 ) ;
#3374 = DIRECTION ( 'NONE',  ( -1.000000000000000000, -0.000000000000000000, -0.000000000000000000 ) ) ;
#3375 = FACE_OUTER_BOUND ( 'NONE', #6820, .T. ) ;
#3376 = DIRECTION ( 'NONE',  ( -1.000000000000000000, 0.000000000000000000, 0.000000000000000000 ) ) ;
#3377 = EDGE_CURVE ( 'NONE', #6574, #2942, #6686, .T. ) ;
#3378 = ADVANCED_FACE ( 'NONE', ( #5612 ), #1297, .T. ) ;
#3379 = AXIS2_PLACEMENT_3D ( 'NONE', #853, #3659, #316 ) ;
#3380 = VERTEX_POINT ( 'NONE', #7710 ) ;
#3381 = CARTESIAN_POINT ( 'NONE',  ( 0.000000000000000000, 0.000000000000000000, 0.000000000000000000 ) ) ;
#3382 = CARTESIAN_POINT ( 'NONE',  ( 0.000000000000000000, -0.8828120875897931263, -37.48860685352292421 ) ) ;
#3383 = CARTESIAN_POINT ( 'NONE',  ( 15.00000000000000178, -6.736453364083286210, -36.88895765772641511 ) ) ;
#3384 = AXIS2_PLACEMENT_3D ( 'NONE', #2010, #2698, #3480 ) ;
#3385 = ORIENTED_EDGE ( 'NONE', *, *, #6715, .T. ) ;
#3386 = VERTEX_POINT ( 'NONE', #1398 ) ;
#3387 = VERTEX_POINT ( 'NONE', #3416 ) ;
#3388 = CARTESIAN_POINT ( 'NONE',  ( 15.00000000000000178, -16.45098606841149191, 33.79645857604508308 ) ) ;
#3389 = CARTESIAN_POINT ( 'NONE',  ( 15.00000000000000178, 0.000000000000000000, 0.000000000000000000 ) ) ;
#3390 = CARTESIAN_POINT ( 'NONE',  ( 15.00000000000000178, 37.22597642581149557, 5.202137450157030329 ) ) ;
#3391 = CARTESIAN_POINT ( 'NONE',  ( 0.000000000000000000, 21.63912866391141776, -3.968388925834585912 ) ) ;
#3392 = CARTESIAN_POINT ( 'NONE',  ( 0.000000000000000000, -19.83898331853691488, 9.508666619816544596 ) ) ;
#3393 = DIRECTION ( 'NONE',  ( -1.000000000000000000, 0.000000000000000000, 0.000000000000000000 ) ) ;
#3394 = EDGE_CURVE ( 'NONE', #2054, #1649, #8720, .T. ) ;
#3395 = CARTESIAN_POINT ( 'NONE',  ( 7.500000000000002665, 10.46102064772339979, 19.35373470438986132 ) ) ;
#3396 = ORIENTED_EDGE ( 'NONE', *, *, #2949, .T. ) ;
#3397 = EDGE_CURVE ( 'NONE', #3387, #1066, #6129, .T. ) ;
#3398 = VERTEX_POINT ( 'NONE', #7531 ) ;
#3399 = VECTOR ( 'NONE', #2775, 1000.000000000000000 ) ;
#3400 = VERTEX_POINT ( 'NONE', #4839 ) ;
#3401 = ORIENTED_EDGE ( 'NONE', *, *, #8759, .F. ) ;
#3402 = ORIENTED_EDGE ( 'NONE', *, *, #1128, .F. ) ;
#3403 = EDGE_CURVE ( 'NONE', #3318, #6745, #2595, .T. ) ;
#3404 = EDGE_CURVE ( 'NONE', #8444, #6465, #8724, .T. ) ;
#3405 = DIRECTION ( 'NONE',  ( -1.000000000000000000, 0.000000000000000000, -0.000000000000000000 ) ) ;
#3406 = LINE ( 'NONE', #3269, #531 ) ;
#3407 = CARTESIAN_POINT ( 'NONE',  ( 15.00000000000000178, 17.80606268964584871, -33.00180498840030197 ) ) ;
#3408 = CARTESIAN_POINT ( 'NONE',  ( 15.00000000000000178, 10.74501242461283823, 35.92658777277515014 ) ) ;
#3409 = ORIENTED_EDGE ( 'NONE', *, *, #8263, .T. ) ;
#3410 = CIRCLE ( 'NONE', #5750, 42.00000000000000000 ) ;
#3411 = EDGE_LOOP ( 'NONE', ( #4625, #2508, #4068, #4451 ) ) ;
#3412 = LINE ( 'NONE', #2721, #8828 ) ;
#3413 = DIRECTION ( 'NONE',  ( -1.000000000000000000, -0.000000000000000000, 0.000000000000000000 ) ) ;
#3414 = AXIS2_PLACEMENT_3D ( 'NONE', #1881, #6865, #6778 ) ;
#3415 = CARTESIAN_POINT ( 'NONE',  ( 15.00000000000000178, -9.471478019455027209, -14.71414642875964773 ) ) ;
#3416 = CARTESIAN_POINT ( 'NONE',  ( 15.00000000000000178, -14.71414642875947543, -9.471478019455297215 ) ) ;
#3417 = LINE ( 'NONE', #6216, #4341 ) ;
#3418 = CIRCLE ( 'NONE', #4141, 21.99999999999999289 ) ;
#3419 = AXIS2_PLACEMENT_3D ( 'NONE', #4266, #6408, #3570 ) ;
#3420 = ORIENTED_EDGE ( 'NONE', *, *, #7944, .T. ) ;
#3421 = EDGE_CURVE ( 'NONE', #6386, #2236, #3914, .T. ) ;
#3422 = DIRECTION ( 'NONE',  ( -1.000000000000000000, 0.000000000000000000, 0.000000000000000000 ) ) ;
#3423 = DIRECTION ( 'NONE',  ( 0.000000000000000000, 0.4539904997395414754, 0.8910065241883706744 ) ) ;
#3424 = AXIS2_PLACEMENT_3D ( 'NONE', #724, #2788, #8418 ) ;
#3425 = CIRCLE ( 'NONE', #2979, 16.00000000000000000 ) ;
#3426 = CARTESIAN_POINT ( 'NONE',  ( 0.000000000000000000, 0.9861715913090103314, -17.47118961583598562 ) ) ;
#3427 = ADVANCED_FACE ( 'NONE', ( #4754 ), #6305, .T. ) ;
#3428 = CIRCLE ( 'NONE', #7960, 16.00000000000000000 ) ;
#3429 = AXIS2_PLACEMENT_3D ( 'NONE', #3557, #2870, #2136 ) ;
#3430 = EDGE_LOOP ( 'NONE', ( #46, #2719, #265, #2355 ) ) ;
#3431 = ORIENTED_EDGE ( 'NONE', *, *, #5446, .T. ) ;
#3432 = VECTOR ( 'NONE', #3468, 1000.000000000000000 ) ;
#3433 = ORIENTED_EDGE ( 'NONE', *, *, #7147, .F. ) ;
#3434 = FACE_OUTER_BOUND ( 'NONE', #8148, .T. ) ;
#3435 = CARTESIAN_POINT ( 'NONE',  ( 15.00000000000000178, -2.494040418455210961, -18.62763138773853200 ) ) ;
#3436 = LINE ( 'NONE', #3522, #5033 ) ;
#3437 = AXIS2_PLACEMENT_3D ( 'NONE', #2554, #3891, #3297 ) ;
#3439 = DIRECTION ( 'NONE',  ( -1.000000000000000000, 0.000000000000000000, 0.000000000000000000 ) ) ;
#3438 = AXIS2_PLACEMENT_3D ( 'NONE', #8935, #4794, #479 ) ;
#3440 = DIRECTION ( 'NONE',  ( 1.000000000000000000, 0.000000000000000000, 0.000000000000000000 ) ) ;
#3441 = CARTESIAN_POINT ( 'NONE',  ( 7.500000000000002665, 40.68715046381927891, 10.41901085202093569 ) ) ;
#3442 = FACE_OUTER_BOUND ( 'NONE', #1357, .T. ) ;
#3443 = ORIENTED_EDGE ( 'NONE', *, *, #5885, .T. ) ;
#3444 = EDGE_LOOP ( 'NONE', ( #8775, #583, #455, #4863 ) ) ;
#3445 = EDGE_CURVE ( 'NONE', #3760, #6965, #6215, .T. ) ;
#3446 = VERTEX_POINT ( 'NONE', #1949 ) ;
#3447 = ORIENTED_EDGE ( 'NONE', *, *, #5692, .T. ) ;
#3448 = ORIENTED_EDGE ( 'NONE', *, *, #4431, .T. ) ;
#3449 = FACE_OUTER_BOUND ( 'NONE', #7324, .T. ) ;
#3450 = DIRECTION ( 'NONE',  ( -1.000000000000000000, 0.000000000000000000, 0.000000000000000000 ) ) ;
#3451 = DIRECTION ( 'NONE',  ( -1.000000000000000000, -0.000000000000000000, 0.000000000000000000 ) ) ;
#3452 = CARTESIAN_POINT ( 'NONE',  ( 15.00000000000000178, -16.45098606841101940, -33.79645857604531045 ) ) ;
#3453 = DIRECTION ( 'NONE',  ( -1.000000000000000000, -0.000000000000000000, 0.000000000000000000 ) ) ;
#3454 = AXIS2_PLACEMENT_3D ( 'NONE', #6402, #164, #8450 ) ;
#3455 = ORIENTED_EDGE ( 'NONE', *, *, #7868, .T. ) ;
#3456 = ORIENTED_EDGE ( 'NONE', *, *, #208, .T. ) ;
#3457 = DIRECTION ( 'NONE',  ( 0.000000000000000000, -0.8910065241883722287, 0.4539904997395382558 ) ) ;
#3458 = ADVANCED_FACE ( 'NONE', ( #3375 ), #6266, .T. ) ;
#3459 = CIRCLE ( 'NONE', #4639, 16.00000000000000000 ) ;
#3460 = CARTESIAN_POINT ( 'NONE',  ( 0.000000000000000000, 33.80338159004283938, 16.23288003029509952 ) ) ;
#3461 = DIRECTION ( 'NONE',  ( 1.000000000000000000, 0.000000000000000000, 0.000000000000000000 ) ) ;
#3462 = CARTESIAN_POINT ( 'NONE',  ( 0.000000000000000000, -19.35373470438974408, -10.46102064772361118 ) ) ;
#3463 = LINE ( 'NONE', #4800, #3895 ) ;
#3464 = ORIENTED_EDGE ( 'NONE', *, *, #87, .F. ) ;
#3465 = CIRCLE ( 'NONE', #75, 42.00000000000000000 ) ;
#3467 = EDGE_CURVE ( 'NONE', #8289, #9037, #7854, .T. ) ;
#3466 = ORIENTED_EDGE ( 'NONE', *, *, #7819, .T. ) ;
#3468 = DIRECTION ( 'NONE',  ( -1.000000000000000000, 0.000000000000000000, 0.000000000000000000 ) ) ;
#3469 = DIRECTION ( 'NONE',  ( 0.000000000000000000, 0.000000000000000000, -1.000000000000000000 ) ) ;
#3470 = EDGE_CURVE ( 'NONE', #3722, #8520, #4654, .T. ) ;
#3471 = CARTESIAN_POINT ( 'NONE',  ( 0.000000000000000000, 2.912696353506121216, -21.80633394113444012 ) ) ;
#3472 = CARTESIAN_POINT ( 'NONE',  ( -10.00000000000000000, 0.000000000000000000, 0.000000000000000000 ) ) ;
#3473 = EDGE_CURVE ( 'NONE', #5334, #7832, #5083, .T. ) ;
#3474 = AXIS2_PLACEMENT_3D ( 'NONE', #3886, #8136, #1077 ) ;
#3475 = EDGE_CURVE ( 'NONE', #6299, #873, #979, .T. ) ;
#3476 = ORIENTED_EDGE ( 'NONE', *, *, #3403, .F. ) ;
#3477 = EDGE_CURVE ( 'NONE', #411, #4024, #4504, .T. ) ;
#3478 = VERTEX_POINT ( 'NONE', #658 ) ;
#3479 = VERTEX_POINT ( 'NONE', #3462 ) ;
#3480 = DIRECTION ( 'NONE',  ( 0.000000000000000000, -0.5877852522924624790, -0.8090169943749550008 ) ) ;
#3481 = DIRECTION ( 'NONE',  ( 0.000000000000000000, 0.8090169943749486725, -0.5877852522924713607 ) ) ;
#3482 = CARTESIAN_POINT ( 'NONE',  ( 15.00000000000000178, 16.31134495048482691, 6.336799421339865290 ) ) ;
#3483 = EDGE_CURVE ( 'NONE', #7278, #2499, #3183, .T. ) ;
#3484 = CYLINDRICAL_SURFACE ( 'NONE', #8307, 16.00000000000000000 ) ;
#3485 = DIRECTION ( 'NONE',  ( -1.000000000000000000, -0.000000000000000000, 0.000000000000000000 ) ) ;
#3486 = CARTESIAN_POINT ( 'NONE',  ( 15.00000000000000178, 0.000000000000000000, 0.000000000000000000 ) ) ;
#3487 = ORIENTED_EDGE ( 'NONE', *, *, #3582, .F. ) ;
#3488 = ORIENTED_EDGE ( 'NONE', *, *, #3168, .F. ) ;
#3489 = ADVANCED_FACE ( 'NONE', ( #878 ), #7204, .T. ) ;
#3490 = ORIENTED_EDGE ( 'NONE', *, *, #4267, .T. ) ;
#3491 = ORIENTED_EDGE ( 'NONE', *, *, #3286, .F. ) ;
#3492 = ORIENTED_EDGE ( 'NONE', *, *, #4708, .F. ) ;
#3493 = CARTESIAN_POINT ( 'NONE',  ( 15.00000000000000178, 0.000000000000000000, 0.000000000000000000 ) ) ;
#3494 = DIRECTION ( 'NONE',  ( -1.000000000000000000, -0.000000000000000000, 0.000000000000000000 ) ) ;
#3495 = DIRECTION ( 'NONE',  ( -1.000000000000000000, -0.000000000000000000, -0.000000000000000000 ) ) ;
#3496 = CARTESIAN_POINT ( 'NONE',  ( 0.000000000000000000, 0.000000000000000000, 0.000000000000000000 ) ) ;
#3497 = VECTOR ( 'NONE', #5893, 1000.000000000000000 ) ;
#3498 = DIRECTION ( 'NONE',  ( 0.000000000000000000, 0.000000000000000000, 1.000000000000000000 ) ) ;
#3499 = CARTESIAN_POINT ( 'NONE',  ( 0.000000000000000000, 0.000000000000000000, 0.000000000000000000 ) ) ;
#3500 = ORIENTED_EDGE ( 'NONE', *, *, #2699, .F. ) ;
#3501 = VERTEX_POINT ( 'NONE', #5708 ) ;
#3502 = LINE ( 'NONE', #7797, #932 ) ;
#3503 = CARTESIAN_POINT ( 'NONE',  ( 15.00000000000000178, -37.22597642581161637, 5.202137450156251397 ) ) ;
#3504 = DIRECTION ( 'NONE',  ( 0.000000000000000000, 0.000000000000000000, 1.000000000000000000 ) ) ;
#3505 = DIRECTION ( 'NONE',  ( 0.000000000000000000, 0.9510565162951544194, -0.3090169943749447867 ) ) ;
#3506 = AXIS2_PLACEMENT_3D ( 'NONE', #918, #4559, #3916 ) ;
#3507 = EDGE_LOOP ( 'NONE', ( #8086, #8723, #7234, #1665 ) ) ;
#3508 = ORIENTED_EDGE ( 'NONE', *, *, #6509, .T. ) ;
#3509 = AXIS2_PLACEMENT_3D ( 'NONE', #447, #8008, #8685 ) ;
#3510 = CARTESIAN_POINT ( 'NONE',  ( 15.00000000000000178, 22.74946021919132733, 29.81001611431017295 ) ) ;
#3511 = DIRECTION ( 'NONE',  ( -1.000000000000000000, -0.000000000000000000, -0.000000000000000000 ) ) ;
#3512 = EDGE_CURVE ( 'NONE', #2344, #3387, #4355, .T. ) ;
#3513 = CARTESIAN_POINT ( 'NONE',  ( 15.00000000000000178, -21.53537804866058281, -30.80686688397033635 ) ) ;
#3514 = VECTOR ( 'NONE', #2602, 1000.000000000000000 ) ;
#3515 = DIRECTION ( 'NONE',  ( 0.000000000000000000, 0.000000000000000000, -1.000000000000000000 ) ) ;
#3516 = ORIENTED_EDGE ( 'NONE', *, *, #6532, .T. ) ;
#3517 = ORIENTED_EDGE ( 'NONE', *, *, #5700, .F. ) ;
#3518 = CARTESIAN_POINT ( 'NONE',  ( 15.00000000000000178, 0.000000000000000000, 0.000000000000000000 ) ) ;
#3519 = LINE ( 'NONE', #7726, #3957 ) ;
#3520 = VECTOR ( 'NONE', #2713, 1000.000000000000000 ) ;
#3521 = CARTESIAN_POINT ( 'NONE',  ( 15.00000000000000178, 17.80606268964539751, 33.00180498840054355 ) ) ;
#3522 = CARTESIAN_POINT ( 'NONE',  ( 15.00000000000000178, 9.471478019455348729, -14.71414642875944345 ) ) ;
#3523 = CARTESIAN_POINT ( 'NONE',  ( 0.000000000000000000, 9.508666619816622756, 19.83898331853688290 ) ) ;
#3524 = FACE_OUTER_BOUND ( 'NONE', #4129, .T. ) ;
#3525 = ORIENTED_EDGE ( 'NONE', *, *, #7548, .F. ) ;
#3526 = DIRECTION ( 'NONE',  ( 0.000000000000000000, 0.000000000000000000, 1.000000000000000000 ) ) ;
#3527 = EDGE_CURVE ( 'NONE', #7961, #2561, #64, .T. ) ;
#3528 = VERTEX_POINT ( 'NONE', #921 ) ;
#3529 = ORIENTED_EDGE ( 'NONE', *, *, #1913, .F. ) ;
#3530 = ORIENTED_EDGE ( 'NONE', *, *, #7752, .F. ) ;
#3531 = VERTEX_POINT ( 'NONE', #3732 ) ;
#3532 = EDGE_CURVE ( 'NONE', #8968, #1242, #2261, .T. ) ;
#3533 = EDGE_CURVE ( 'NONE', #5252, #8505, #8619, .T. ) ;
#3534 = DIRECTION ( 'NONE',  ( -1.000000000000000000, 0.000000000000000000, 0.000000000000000000 ) ) ;
#3535 = LINE ( 'NONE', #7784, #7588 ) ;
#3536 = CARTESIAN_POINT ( 'NONE',  ( 15.00000000000000178, 19.83898331853684738, 9.508666619816693810 ) ) ;
#3537 = DIRECTION ( 'NONE',  ( 1.000000000000000000, -0.000000000000000000, 0.000000000000000000 ) ) ;
#3538 = DIRECTION ( 'NONE',  ( -1.000000000000000000, -0.000000000000000000, -0.000000000000000000 ) ) ;
#3539 = EDGE_CURVE ( 'NONE', #4779, #1162, #683, .T. ) ;
#3540 = FACE_OUTER_BOUND ( 'NONE', #6707, .T. ) ;
#3541 = ORIENTED_EDGE ( 'NONE', *, *, #5386, .T. ) ;
#3542 = ORIENTED_EDGE ( 'NONE', *, *, #1650, .T. ) ;
#3543 = ORIENTED_EDGE ( 'NONE', *, *, #7057, .T. ) ;
#3544 = FACE_OUTER_BOUND ( 'NONE', #5859, .T. ) ;
#3545 = CONTEXT_DEPENDENT_SHAPE_REPRESENTATION ( #869, #8992 ) ;
#3546 = EDGE_CURVE ( 'NONE', #8970, #8520, #4940, .T. ) ;
#3547 = DIRECTION ( 'NONE',  ( -1.000000000000000000, -0.000000000000000000, 0.000000000000000000 ) ) ;
#3548 = FACE_OUTER_BOUND ( 'NONE', #6026, .T. ) ;
#3549 = DIRECTION ( 'NONE',  ( -1.000000000000000000, -0.000000000000000000, 0.000000000000000000 ) ) ;
#3550 = DIRECTION ( 'NONE',  ( 1.000000000000000000, -0.000000000000000000, -0.000000000000000000 ) ) ;
#3551 = AXIS2_PLACEMENT_3D ( 'NONE', #5595, #4920, #8426 ) ;
#3552 = ORIENTED_EDGE ( 'NONE', *, *, #4641, .T. ) ;
#3553 = EDGE_CURVE ( 'NONE', #7737, #7902, #7704, .T. ) ;
#3554 = EDGE_LOOP ( 'NONE', ( #6108, #6207, #3997, #1136 ) ) ;
#3555 = CARTESIAN_POINT ( 'NONE',  ( 15.00000000000000178, -37.58145647212454321, 0.6853352020789114096 ) ) ;
#3556 = CIRCLE ( 'NONE', #4293, 16.00000000000000000 ) ;
#3557 = CARTESIAN_POINT ( 'NONE',  ( 15.00000000000000178, 0.000000000000000000, 0.000000000000000000 ) ) ;
#3558 = ADVANCED_FACE ( 'NONE', ( #7941 ), #8482, .T. ) ;
#3559 = AXIS2_PLACEMENT_3D ( 'NONE', #7414, #3988, #4587 ) ;
#3560 = DIRECTION ( 'NONE',  ( -1.000000000000000000, 0.000000000000000000, 0.000000000000000000 ) ) ;
#3561 = AXIS2_PLACEMENT_3D ( 'NONE', #374, #3258, #6055 ) ;
#3562 = CARTESIAN_POINT ( 'NONE',  ( 0.000000000000000000, 22.74946021919132733, 29.81001611431017295 ) ) ;
#3563 = CIRCLE ( 'NONE', #7074, 8.000000000000001776 ) ;
#3564 = ORIENTED_EDGE ( 'NONE', *, *, #8265, .F. ) ;
#3565 = AXIS2_PLACEMENT_3D ( 'NONE', #2927, #6962, #7049 ) ;
#3566 = VERTEX_POINT ( 'NONE', #4246 ) ;
#3567 = AXIS2_PLACEMENT_3D ( 'NONE', #7989, #1711, #1757 ) ;
#3568 = FACE_OUTER_BOUND ( 'NONE', #1480, .T. ) ;
#3569 = DIRECTION ( 'NONE',  ( 0.000000000000000000, 0.000000000000000000, 1.000000000000000000 ) ) ;
#3570 = DIRECTION ( 'NONE',  ( 0.000000000000000000, 0.000000000000000000, 1.000000000000000000 ) ) ;
#3571 = DIRECTION ( 'NONE',  ( -1.000000000000000000, -0.000000000000000000, 0.000000000000000000 ) ) ;
#3572 = DIRECTION ( 'NONE',  ( -1.000000000000000000, -0.000000000000000000, 0.000000000000000000 ) ) ;
#3573 = EDGE_LOOP ( 'NONE', ( #952, #6316, #1600, #318 ) ) ;
#3574 = VERTEX_POINT ( 'NONE', #252 ) ;
#3575 = CIRCLE ( 'NONE', #7657, 37.49900000000001654 ) ;
#3576 = VERTEX_POINT ( 'NONE', #792 ) ;
#3577 = ORIENTED_EDGE ( 'NONE', *, *, #8313, .F. ) ;
#3578 = ORIENTED_EDGE ( 'NONE', *, *, #8537, .T. ) ;
#3579 = CIRCLE ( 'NONE', #5056, 37.49900000000000944 ) ;
#3580 = CARTESIAN_POINT ( 'NONE',  ( 0.000000000000000000, 0.000000000000000000, 0.000000000000000000 ) ) ;
#3581 = CARTESIAN_POINT ( 'NONE',  ( 0.000000000000000000, -18.62763138773852489, 2.494040418455285568 ) ) ;
#3582 = EDGE_CURVE ( 'NONE', #2236, #277, #3635, .T. ) ;
#3583 = DIRECTION ( 'NONE',  ( 0.000000000000000000, 0.8910065241883688980, -0.4539904997395446395 ) ) ;
#3584 = DIRECTION ( 'NONE',  ( 0.000000000000000000, -0.9876883405951393247, 0.1564344650402205439 ) ) ;
#3585 = CYLINDRICAL_SURFACE ( 'NONE', #6644, 8.000000000000001776 ) ;
#3586 = DIRECTION ( 'NONE',  ( 1.000000000000000000, 0.000000000000000000, 0.000000000000000000 ) ) ;
#3587 = ADVANCED_FACE ( 'NONE', ( #5016 ), #2947, .T. ) ;
#3588 = ORIENTED_EDGE ( 'NONE', *, *, #2183, .T. ) ;
#3589 = VERTEX_POINT ( 'NONE', #201 ) ;
#3590 = CARTESIAN_POINT ( 'NONE',  ( 0.000000000000000000, 0.000000000000000000, 0.000000000000000000 ) ) ;
#3591 = CONTEXT_DEPENDENT_SHAPE_REPRESENTATION ( #6966, #2791 ) ;
#3592 = DIRECTION ( 'NONE',  ( -1.000000000000000000, -0.000000000000000000, -0.000000000000000000 ) ) ;
#3593 = DIRECTION ( 'NONE',  ( -1.000000000000000000, -0.000000000000000000, -0.000000000000000000 ) ) ;
#3594 = CARTESIAN_POINT ( 'NONE',  ( 0.000000000000000000, -40.98264845739744544, -9.188173127307738497 ) ) ;
#3595 = AXIS2_PLACEMENT_3D ( 'NONE', #5898, #3930, #6717 ) ;
#3596 = ORIENTED_EDGE ( 'NONE', *, *, #1857, .F. ) ;
#3597 = ORIENTED_EDGE ( 'NONE', *, *, #2954, .F. ) ;
#3598 = AXIS2_PLACEMENT_3D ( 'NONE', #387, #5981, #8577 ) ;
#3599 = CARTESIAN_POINT ( 'NONE',  ( 15.00000000000000178, -2.494040418455210961, -18.62763138773853200 ) ) ;
#3600 = DIRECTION ( 'NONE',  ( -1.000000000000000000, -0.000000000000000000, 0.000000000000000000 ) ) ;
#3601 = DIRECTION ( 'NONE',  ( -1.000000000000000000, 0.000000000000000000, 0.000000000000000000 ) ) ;
#3602 = DIRECTION ( 'NONE',  ( -1.000000000000000000, -0.000000000000000000, 0.000000000000000000 ) ) ;
#3603 = CARTESIAN_POINT ( 'NONE',  ( 0.000000000000000000, 33.00180498840047960, 17.80606268964550765 ) ) ;
#3604 = AXIS2_PLACEMENT_3D ( 'NONE', #5934, #1671, #7391 ) ;
#3605 = ORIENTED_EDGE ( 'NONE', *, *, #2301, .T. ) ;
#3606 = ORIENTED_EDGE ( 'NONE', *, *, #408, .F. ) ;
#3607 = DIRECTION ( 'NONE',  ( 0.000000000000000000, 0.000000000000000000, 1.000000000000000000 ) ) ;
#3608 = CARTESIAN_POINT ( 'NONE',  ( 15.00000000000000178, 18.62763138773850713, 2.494040418455416575 ) ) ;
#3609 = CARTESIAN_POINT ( 'NONE',  ( 50.00005079999999680, 0.000000000000000000, 6.000000000000000888 ) ) ;
#3610 = CARTESIAN_POINT ( 'NONE',  ( 0.000000000000000000, -30.00120703465221439, 22.64427369931158651 ) ) ;
#3611 = CARTESIAN_POINT ( 'NONE',  ( 0.000000000000000000, 39.04073710021344823, 15.48615015657595784 ) ) ;
#3612 = AXIS2_PLACEMENT_3D ( 'NONE', #4381, #7161, #3006 ) ;
#3613 = ORIENTED_EDGE ( 'NONE', *, *, #8530, .F. ) ;
#3614 = ORIENTED_EDGE ( 'NONE', *, *, #5264, .T. ) ;
#3615 = VERTEX_POINT ( 'NONE', #7032 ) ;
#3616 = ADVANCED_FACE ( 'NONE', ( #6391 ), #744, .T. ) ;
#3617 = VERTEX_POINT ( 'NONE', #4339 ) ;
#3618 = ORIENTED_EDGE ( 'NONE', *, *, #4326, .T. ) ;
#3619 = DIRECTION ( 'NONE',  ( -1.000000000000000000, 0.000000000000000000, 0.000000000000000000 ) ) ;
#3620 = CARTESIAN_POINT ( 'NONE',  ( 15.00000000000000178, 0.000000000000000000, 0.000000000000000000 ) ) ;
#3621 = EDGE_CURVE ( 'NONE', #1891, #4649, #400, .T. ) ;
#3622 = CARTESIAN_POINT ( 'NONE',  ( 0.000000000000000000, 21.32104025579159767, -30.84782396557194772 ) ) ;
#3623 = CARTESIAN_POINT ( 'NONE',  ( 0.000000000000000000, 0.000000000000000000, 0.000000000000000000 ) ) ;
#3624 = CYLINDRICAL_SURFACE ( 'NONE', #3289, 17.49900000000000233 ) ;
#3625 = CYLINDRICAL_SURFACE ( 'NONE', #2566, 16.00000000000000000 ) ;
#3626 = ADVANCED_FACE ( 'NONE', ( #8527, #5069 ), #1578, .F. ) ;
#3627 = ORIENTED_EDGE ( 'NONE', *, *, #4096, .F. ) ;
#3628 = ADVANCED_FACE ( 'NONE', ( #1620 ), #5296, .T. ) ;
#3629 = VERTEX_POINT ( 'NONE', #1853 ) ;
#3630 = ORIENTED_EDGE ( 'NONE', *, *, #4937, .F. ) ;
#3631 = AXIS2_PLACEMENT_3D ( 'NONE', #6571, #6430, #199 ) ;
#3632 = DIRECTION ( 'NONE',  ( -1.000000000000000000, 0.000000000000000000, 0.000000000000000000 ) ) ;
#3633 = EDGE_CURVE ( 'NONE', #5366, #7568, #7992, .T. ) ;
#3634 = CARTESIAN_POINT ( 'NONE',  ( 15.00000000000000178, 30.80686688397010542, 21.53537804866091676 ) ) ;
#3635 = LINE ( 'NONE', #6473, #254 ) ;
#3636 = CARTESIAN_POINT ( 'NONE',  ( 50.00005079999999680, 0.000000000000000000, 0.000000000000000000 ) ) ;
#3637 = EDGE_CURVE ( 'NONE', #8163, #2606, #8844, .T. ) ;
#3638 = AXIS2_PLACEMENT_3D ( 'NONE', #5258, #1258, #1208 ) ;
#3639 = VERTEX_POINT ( 'NONE', #6074 ) ;
#3640 = VERTEX_POINT ( 'NONE', #7431 ) ;
#3641 = CARTESIAN_POINT ( 'NONE',  ( -10.00000000000000000, 0.000000000000000000, 0.000000000000000000 ) ) ;
#3642 = PLANE ( 'NONE',  #5488 ) ;
#3643 = EDGE_CURVE ( 'NONE', #3303, #2236, #4205, .T. ) ;
#3644 = CARTESIAN_POINT ( 'NONE',  ( 15.00000000000000178, -22.74946021919153338, 29.81001611431001663 ) ) ;
#3645 = CYLINDRICAL_SURFACE ( 'NONE', #6871, 16.00000000000000000 ) ;
#3646 = CIRCLE ( 'NONE', #855, 8.000000000000001776 ) ;
#3647 = CARTESIAN_POINT ( 'NONE',  ( 0.000000000000000000, 37.48860685352291711, 0.8828120875901811493 ) ) ;
#3648 = AXIS2_PLACEMENT_3D ( 'NONE', #3212, #1746, #5966 ) ;
#3649 = ADVANCED_FACE ( 'NONE', ( #5980 ), #3963, .T. ) ;
#3650 = CIRCLE ( 'NONE', #2772, 37.49900000000001654 ) ;
#3651 = EDGE_LOOP ( 'NONE', ( #2521, #5233, #8965, #4969 ) ) ;
#3652 = VERTEX_POINT ( 'NONE', #6021 ) ;
#3653 = DIRECTION ( 'NONE',  ( -1.000000000000000000, 0.000000000000000000, 0.000000000000000000 ) ) ;
#3654 = CARTESIAN_POINT ( 'NONE',  ( 0.000000000000000000, 18.62763138773850713, 2.494040418455416575 ) ) ;
#3655 = CIRCLE ( 'NONE', #5564, 16.00000000000000000 ) ;
#3656 = LINE ( 'NONE', #5865, #5210 ) ;
#3657 = AXIS2_PLACEMENT_3D ( 'NONE', #6742, #5421, #464 ) ;
#3658 = DIRECTION ( 'NONE',  ( 0.000000000000000000, 0.000000000000000000, 1.000000000000000000 ) ) ;
#3659 = DIRECTION ( 'NONE',  ( -1.000000000000000000, -0.000000000000000000, 0.000000000000000000 ) ) ;
#3660 = ORIENTED_EDGE ( 'NONE', *, *, #6805, .F. ) ;
#3661 = ORIENTED_EDGE ( 'NONE', *, *, #8967, .T. ) ;
#3662 = EDGE_LOOP ( 'NONE', ( #6932, #6231, #5848, #6894 ) ) ;
#3663 = EDGE_CURVE ( 'NONE', #7217, #2608, #6113, .T. ) ;
#3664 = ORIENTED_EDGE ( 'NONE', *, *, #1925, .T. ) ;
#3665 = VECTOR ( 'NONE', #7607, 1000.000000000000000 ) ;
#3666 = ORIENTED_EDGE ( 'NONE', *, *, #2024, .T. ) ;
#3667 = DIRECTION ( 'NONE',  ( -1.000000000000000000, 0.000000000000000000, 0.000000000000000000 ) ) ;
#3668 = CARTESIAN_POINT ( 'NONE',  ( 15.00000000000000178, 6.336799421340037597, -16.31134495048475941 ) ) ;
#3669 = ADVANCED_FACE ( 'NONE', ( #2443 ), #3917, .T. ) ;
#3670 = CARTESIAN_POINT ( 'NONE',  ( 15.00000000000000178, 0.000000000000000000, 0.000000000000000000 ) ) ;
#3671 = DIRECTION ( 'NONE',  ( 0.000000000000000000, 0.000000000000000000, 1.000000000000000000 ) ) ;
#3672 = DIRECTION ( 'NONE',  ( 0.000000000000000000, 0.000000000000000000, 1.000000000000000000 ) ) ;
#3673 = ADVANCED_FACE ( 'NONE', ( #7340 ), #8034, .T. ) ;
#3674 = SURFACE_STYLE_FILL_AREA ( #284 ) ;
#3675 = ADVANCED_FACE ( 'NONE', ( #976 ), #1156, .T. ) ;
#3676 = EDGE_CURVE ( 'NONE', #8835, #6190, #1531, .T. ) ;
#3677 = VERTEX_POINT ( 'NONE', #1670 ) ;
#3678 = ORIENTED_EDGE ( 'NONE', *, *, #5087, .T. ) ;
#3679 = EDGE_LOOP ( 'NONE', ( #8908, #6821, #6097, #4694 ) ) ;
#3680 = DIRECTION ( 'NONE',  ( -1.000000000000000000, -0.000000000000000000, -0.000000000000000000 ) ) ;
#3681 =( NAMED_UNIT ( * ) SI_UNIT ( $, .STERADIAN. ) SOLID_ANGLE_UNIT ( ) );
#3682 = DIRECTION ( 'NONE',  ( -1.000000000000000000, 0.000000000000000000, 0.000000000000000000 ) ) ;
#3683 = DIRECTION ( 'NONE',  ( -1.000000000000000000, -0.000000000000000000, 0.000000000000000000 ) ) ;
#3684 = CARTESIAN_POINT ( 'NONE',  ( 15.00000000000000178, 6.555932627142423641, 37.01155633439060466 ) ) ;
#3685 = ORIENTED_EDGE ( 'NONE', *, *, #7267, .F. ) ;
#3686 = AXIS2_PLACEMENT_3D ( 'NONE', #7861, #1584, #3019 ) ;
#3687 = ORIENTED_EDGE ( 'NONE', *, *, #8887, .T. ) ;
#3688 = DIRECTION ( 'NONE',  ( -1.000000000000000000, 0.000000000000000000, 0.000000000000000000 ) ) ;
#3689 = CYLINDRICAL_SURFACE ( 'NONE', #7812, 16.00000000000000000 ) ;
#3690 = DIRECTION ( 'NONE',  ( -1.000000000000000000, 0.000000000000000000, 0.000000000000000000 ) ) ;
#3691 = CARTESIAN_POINT ( 'NONE',  ( 15.00000000000000178, 16.23288003029497872, 33.80338159004290333 ) ) ;
#3692 = FACE_OUTER_BOUND ( 'NONE', #4290, .T. ) ;
#3693 = CARTESIAN_POINT ( 'NONE',  ( -10.00000000000000000, 0.000000000000000000, 0.000000000000000000 ) ) ;
#3694 = CIRCLE ( 'NONE', #6469, 21.99999999999999289 ) ;
#3695 = EDGE_CURVE ( 'NONE', #3528, #3639, #4161, .T. ) ;
#3696 = ORIENTED_EDGE ( 'NONE', *, *, #2718, .F. ) ;
#3697 = VERTEX_POINT ( 'NONE', #1803 ) ;
#3698 = CYLINDRICAL_SURFACE ( 'NONE', #690, 42.00000000000000000 ) ;
#3699 = AXIS2_PLACEMENT_3D ( 'NONE', #2468, #3210, #6145 ) ;
#3700 = CYLINDRICAL_SURFACE ( 'NONE', #2336, 16.00000000000000000 ) ;
#3701 = EDGE_CURVE ( 'NONE', #2344, #533, #4608, .T. ) ;
#3702 = DIRECTION ( 'NONE',  ( 0.000000000000000000, 0.000000000000000000, 1.000000000000000000 ) ) ;
#3703 = LINE ( 'NONE', #4492, #1222 ) ;
#3704 = CARTESIAN_POINT ( 'NONE',  ( 7.500000000000002665, -31.52238457039618780, 27.75498641678731815 ) ) ;
#3705 = EDGE_LOOP ( 'NONE', ( #8019, #541, #5117, #6734 ) ) ;
#3706 = VECTOR ( 'NONE', #9005, 1000.000000000000000 ) ;
#3707 = ORIENTED_EDGE ( 'NONE', *, *, #5926, .T. ) ;
#3708 = AXIS2_PLACEMENT_3D ( 'NONE', #4418, #3824, #4605 ) ;
#3709 = ORIENTED_EDGE ( 'NONE', *, *, #6718, .F. ) ;
#3710 = ORIENTED_EDGE ( 'NONE', *, *, #7931, .T. ) ;
#3711 = ORIENTED_EDGE ( 'NONE', *, *, #389, .F. ) ;
#3712 = DIRECTION ( 'NONE',  ( -1.000000000000000000, -0.000000000000000000, -0.000000000000000000 ) ) ;
#3713 = DIRECTION ( 'NONE',  ( -1.000000000000000000, 0.000000000000000000, -0.000000000000000000 ) ) ;
#3714 = AXIS2_PLACEMENT_3D ( 'NONE', #6150, #5420, #4774 ) ;
#3715 = FACE_OUTER_BOUND ( 'NONE', #7291, .T. ) ;
#3716 = CIRCLE ( 'NONE', #1370, 8.000000000000001776 ) ;
#3717 = DIRECTION ( 'NONE',  ( -1.000000000000000000, 0.000000000000000000, 0.000000000000000000 ) ) ;
#3718 = DIRECTION ( 'NONE',  ( -1.000000000000000000, 0.000000000000000000, 0.000000000000000000 ) ) ;
#3719 = DIRECTION ( 'NONE',  ( 0.000000000000000000, 0.000000000000000000, -1.000000000000000000 ) ) ;
#3720 = VERTEX_POINT ( 'NONE', #3828 ) ;
#3721 = CIRCLE ( 'NONE', #640, 37.49900000000000944 ) ;
#3722 = VERTEX_POINT ( 'NONE', #8125 ) ;
#3723 = ADVANCED_FACE ( 'NONE', ( #1115 ), #5933, .T. ) ;
#3724 = AXIS2_PLACEMENT_3D ( 'NONE', #6210, #606, #2672 ) ;
#3725 = EDGE_LOOP ( 'NONE', ( #4076, #7290, #7544, #5149 ) ) ;
#3726 = CIRCLE ( 'NONE', #3879, 16.00000000000000355 ) ;
#3727 = AXIS2_PLACEMENT_3D ( 'NONE', #6895, #5404, #664 ) ;
#3728 = DIRECTION ( 'NONE',  ( -1.000000000000000000, 0.000000000000000000, -0.000000000000000000 ) ) ;
#3729 = CARTESIAN_POINT ( 'NONE',  ( 15.00000000000000178, 0.000000000000000000, 0.000000000000000000 ) ) ;
#3730 = DIRECTION ( 'NONE',  ( -1.000000000000000000, -0.000000000000000000, -0.000000000000000000 ) ) ;
#3731 = CARTESIAN_POINT ( 'NONE',  ( 15.00000000000000178, -22.74946021919110706, -29.81001611431034704 ) ) ;
#3732 = CARTESIAN_POINT ( 'NONE',  ( 15.00000000000000178, 37.16516213103285082, -4.992566952384597023 ) ) ;
#3733 = DIRECTION ( 'NONE',  ( 0.000000000000000000, 0.000000000000000000, 1.000000000000000000 ) ) ;
#3734 = AXIS2_PLACEMENT_3D ( 'NONE', #7582, #4941, #7717 ) ;
#3735 = ORIENTED_EDGE ( 'NONE', *, *, #2076, .F. ) ;
#3736 = EDGE_CURVE ( 'NONE', #5095, #6911, #2841, .T. ) ;
#3737 = CARTESIAN_POINT ( 'NONE',  ( 15.00000000000000178, 2.663952781846727014, -41.91543099594815658 ) ) ;
#3738 = CARTESIAN_POINT ( 'NONE',  ( -10.00000000000000000, 0.000000000000000000, 0.000000000000000000 ) ) ;
#3739 = CIRCLE ( 'NONE', #6813, 8.000000000000001776 ) ;
#3740 = CIRCLE ( 'NONE', #6834, 37.49900000000002365 ) ;
#3741 = CARTESIAN_POINT ( 'NONE',  ( 7.500000000000002665, 16.65560815589411803, 38.55633173627015253 ) ) ;
#3742 = LINE ( 'NONE', #3644, #6898 ) ;
#3743 = CARTESIAN_POINT ( 'NONE',  ( 0.000000000000000000, -9.188173127306994203, -40.98264845739759465 ) ) ;
#3744 = CARTESIAN_POINT ( 'NONE',  ( 7.500000000000002665, -15.48615015657555638, -39.04073710021360455 ) ) ;
#3745 = EDGE_CURVE ( 'NONE', #329, #2065, #386, .T. ) ;
#3746 = VECTOR ( 'NONE', #6031, 1000.000000000000000 ) ;
#3747 = VERTEX_POINT ( 'NONE', #8929 ) ;
#3748 = EDGE_CURVE ( 'NONE', #2687, #7482, #6252, .T. ) ;
#3749 = ORIENTED_EDGE ( 'NONE', *, *, #3966, .F. ) ;
#3750 = CYLINDRICAL_SURFACE ( 'NONE', #2564, 42.00000000000000000 ) ;
#3751 = DIRECTION ( 'NONE',  ( -1.000000000000000000, 0.000000000000000000, 0.000000000000000000 ) ) ;
#3752 = DIRECTION ( 'NONE',  ( -1.000000000000000000, 0.000000000000000000, -0.000000000000000000 ) ) ;
#3753 = EDGE_CURVE ( 'NONE', #436, #44, #5432, .T. ) ;
#3754 = CIRCLE ( 'NONE', #5372, 21.99999999999999289 ) ;
#3755 = CYLINDRICAL_SURFACE ( 'NONE', #5043, 42.00000000000000000 ) ;
#3756 = DIRECTION ( 'NONE',  ( -1.000000000000000000, 0.000000000000000000, 0.000000000000000000 ) ) ;
#3757 = ORIENTED_EDGE ( 'NONE', *, *, #2073, .F. ) ;
#3758 = ADVANCED_FACE ( 'NONE', ( #560 ), #6928, .T. ) ;
#3759 = ORIENTED_EDGE ( 'NONE', *, *, #641, .T. ) ;
#3760 = VERTEX_POINT ( 'NONE', #8168 ) ;
#3761 = ORIENTED_EDGE ( 'NONE', *, *, #2585, .F. ) ;
#3762 = ORIENTED_EDGE ( 'NONE', *, *, #774, .T. ) ;
#3763 = AXIS2_PLACEMENT_3D ( 'NONE', #2208, #4280, #1390 ) ;
#3764 = CARTESIAN_POINT ( 'NONE',  ( 0.000000000000000000, 17.67226234102826865, 33.17418723428314564 ) ) ;
#3765 = DIRECTION ( 'NONE',  ( -1.000000000000000000, 0.000000000000000000, 0.000000000000000000 ) ) ;
#3766 = AXIS2_PLACEMENT_3D ( 'NONE', #2529, #5250, #6572 ) ;
#3767 = CARTESIAN_POINT ( 'NONE',  ( 15.00000000000000178, -19.83898331853677632, -9.508666619816839471 ) ) ;
#3768 = CARTESIAN_POINT ( 'NONE',  ( 15.00000000000000178, 0.000000000000000000, 0.000000000000000000 ) ) ;
#3769 = DIRECTION ( 'NONE',  ( 0.000000000000000000, 0.000000000000000000, 1.000000000000000000 ) ) ;
#3770 = DIRECTION ( 'NONE',  ( 0.000000000000000000, 0.9510565162951544194, -0.3090169943749447867 ) ) ;
#3771 = ADVANCED_FACE ( 'NONE', ( #5474 ), #6880, .T. ) ;
#3772 = ORIENTED_EDGE ( 'NONE', *, *, #8718, .F. ) ;
#3773 = ORIENTED_EDGE ( 'NONE', *, *, #1683, .F. ) ;
#3774 = AXIS2_PLACEMENT_3D ( 'NONE', #7394, #7949, #982 ) ;
#3775 = ORIENTED_EDGE ( 'NONE', *, *, #230, .T. ) ;
#3776 = AXIS2_PLACEMENT_3D ( 'NONE', #1906, #1169, #8002 ) ;
#3777 = DIRECTION ( 'NONE',  ( -1.000000000000000000, -0.000000000000000000, -0.000000000000000000 ) ) ;
#3778 = CARTESIAN_POINT ( 'NONE',  ( 15.00000000000000178, 0.000000000000000000, 0.000000000000000000 ) ) ;
#3779 = CARTESIAN_POINT ( 'NONE',  ( 15.00000000000000178, -38.55633173626998200, -16.65560815589453370 ) ) ;
#3780 = DIRECTION ( 'NONE',  ( -1.000000000000000000, 0.000000000000000000, 0.000000000000000000 ) ) ;
#3781 = DIRECTION ( 'NONE',  ( -1.000000000000000000, 0.000000000000000000, -0.000000000000000000 ) ) ;
#3782 = VERTEX_POINT ( 'NONE', #3407 ) ;
#3783 = AXIS2_PLACEMENT_3D ( 'NONE', #2060, #7634, #5544 ) ;
#3784 = CARTESIAN_POINT ( 'NONE',  ( 15.00000000000000178, 30.00120703465236005, -22.64427369931139467 ) ) ;
#3785 = CARTESIAN_POINT ( 'NONE',  ( 15.00000000000000178, 16.45098606841172995, -33.79645857604496229 ) ) ;
#3786 = DIRECTION ( 'NONE',  ( -1.000000000000000000, -0.000000000000000000, 0.000000000000000000 ) ) ;
#3787 = DIRECTION ( 'NONE',  ( 1.000000000000000000, 0.000000000000000000, -0.000000000000000000 ) ) ;
#3788 = ADVANCED_BREP_SHAPE_REPRESENTATION ( '', ( #151, #348 ), #5911 ) ;
#3789 = CARTESIAN_POINT ( 'NONE',  ( 15.00000000000000178, 0.000000000000000000, 0.000000000000000000 ) ) ;
#3790 = DIRECTION ( 'NONE',  ( -1.000000000000000000, -0.000000000000000000, -0.000000000000000000 ) ) ;
#3791 = AXIS2_PLACEMENT_3D ( 'NONE', #884, #3688, #6478 ) ;
#3792 = EDGE_CURVE ( 'NONE', #178, #2920, #636, .T. ) ;
#3793 = EDGE_CURVE ( 'NONE', #5701, #57, #5489, .T. ) ;
#3794 = EDGE_LOOP ( 'NONE', ( #4058, #8369, #6594, #515, #5860, #8840, #5873, #1002, #2020, #4450, #891, #699, #1179, #6700, #4691, #2668, #6067, #1901, #8422, #7620, #3696, #3761, #3341, #2522, #8931, #5351, #8633, #4652, #4637, #7880, #5722, #5370, #6048, #246, #2111, #8788, #8892, #1934, #5712, #6133, #3356, #88, #2599, #3433, #2195, #1861, #7770, #5592, #7972, #478, #859, #8597, #3067, #816, #4764, #513, #1739, #7123, #7558, #5529, #2477, #7791, #7043, #3862, #4408, #5937, #6772, #4228, #6935, #8786, #2156, #1512, #5778, #7751, #926, #271, #6468, #8742, #2886, #5606, #2643, #5106, #5369, #5352, #3597 ) ) ;
#3795 = ORIENTED_EDGE ( 'NONE', *, *, #6589, .F. ) ;
#3796 = DIRECTION ( 'NONE',  ( -1.000000000000000000, -0.000000000000000000, -0.000000000000000000 ) ) ;
#3797 = LINE ( 'NONE', #4573, #290 ) ;
#3798 = VECTOR ( 'NONE', #3855, 1000.000000000000000 ) ;
#3799 = DIRECTION ( 'NONE',  ( -1.000000000000000000, 0.000000000000000000, 0.000000000000000000 ) ) ;
#3800 = DIRECTION ( 'NONE',  ( 0.000000000000000000, 0.000000000000000000, 1.000000000000000000 ) ) ;
#3801 = CARTESIAN_POINT ( 'NONE',  ( 0.000000000000000000, -0.6853352020793225252, 37.58145647212453611 ) ) ;
#3802 = CIRCLE ( 'NONE', #3509, 8.000000000000001776 ) ;
#3803 = ORIENTED_EDGE ( 'NONE', *, *, #1260, .T. ) ;
#3804 = EDGE_LOOP ( 'NONE', ( #8115, #5000, #3326, #2708 ) ) ;
#3805 = VECTOR ( 'NONE', #8782, 1000.000000000000000 ) ;
#3806 = VERTEX_POINT ( 'NONE', #8254 ) ;
#3807 = ORIENTED_EDGE ( 'NONE', *, *, #8139, .T. ) ;
#3808 = ORIENTED_EDGE ( 'NONE', *, *, #6050, .T. ) ;
#3809 = CIRCLE ( 'NONE', #5427, 16.00000000000000000 ) ;
#3810 = CARTESIAN_POINT ( 'NONE',  ( 0.000000000000000000, -21.63912866391134315, -3.968388925835035330 ) ) ;
#3811 = DIRECTION ( 'NONE',  ( 0.000000000000000000, 0.000000000000000000, 1.000000000000000000 ) ) ;
#3812 = DIRECTION ( 'NONE',  ( 0.000000000000000000, 0.5877852522924684742, 0.8090169943749507819 ) ) ;
#3813 = DIRECTION ( 'NONE',  ( -1.000000000000000000, -0.000000000000000000, -0.000000000000000000 ) ) ;
#3814 = CARTESIAN_POINT ( 'NONE',  ( 15.00000000000000178, -16.94522934049204466, -8.128228055639040051 ) ) ;
#3815 = VECTOR ( 'NONE', #113, 1000.000000000000000 ) ;
#3816 = EDGE_CURVE ( 'NONE', #7143, #8923, #3322, .T. ) ;
#3817 = LINE ( 'NONE', #5969, #2145 ) ;
#3818 = ORIENTED_EDGE ( 'NONE', *, *, #641, .F. ) ;
#3819 = AXIS2_PLACEMENT_3D ( 'NONE', #6974, #7744, #5598 ) ;
#3820 = VERTEX_POINT ( 'NONE', #9018 ) ;
#3821 = LINE ( 'NONE', #6797, #6823 ) ;
#3822 = EDGE_LOOP ( 'NONE', ( #3146, #8170, #8521, #4352 ) ) ;
#3823 = ADVANCED_FACE ( 'NONE', ( #2758 ), #1332, .T. ) ;
#3824 = DIRECTION ( 'NONE',  ( -1.000000000000000000, 0.000000000000000000, 0.000000000000000000 ) ) ;
#3825 = DIRECTION ( 'NONE',  ( -1.000000000000000000, 0.000000000000000000, 0.000000000000000000 ) ) ;
#3826 = EDGE_CURVE ( 'NONE', #2499, #8732, #6161, .T. ) ;
#3827 = AXIS2_PLACEMENT_3D ( 'NONE', #4809, #2056, #4035 ) ;
#3828 = CARTESIAN_POINT ( 'NONE',  ( 0.000000000000000000, 35.92658777277525672, -10.74501242461246697 ) ) ;
#3829 = FACE_OUTER_BOUND ( 'NONE', #5246, .T. ) ;
#3830 = VERTEX_POINT ( 'NONE', #7649 ) ;
#3831 = DIRECTION ( 'NONE',  ( -1.000000000000000000, 0.000000000000000000, 0.000000000000000000 ) ) ;
#3832 = CYLINDRICAL_SURFACE ( 'NONE', #6077, 16.00000000000000000 ) ;
#3833 = FACE_OUTER_BOUND ( 'NONE', #8232, .T. ) ;
#3834 = DIRECTION ( 'NONE',  ( -1.000000000000000000, 0.000000000000000000, -0.000000000000000000 ) ) ;
#3835 = CYLINDRICAL_SURFACE ( 'NONE', #7711, 8.000000000000001776 ) ;
#3836 = CARTESIAN_POINT ( 'NONE',  ( 15.00000000000000178, -35.53030884539076339, -12.26510123303297384 ) ) ;
#3837 = EDGE_CURVE ( 'NONE', #6286, #7501, #6657, .T. ) ;
#3838 = CIRCLE ( 'NONE', #171, 16.00000000000000000 ) ;
#3839 = EDGE_LOOP ( 'NONE', ( #8877, #2901, #102, #7433 ) ) ;
#3840 = EDGE_CURVE ( 'NONE', #4544, #60, #1228, .T. ) ;
#3841 = CYLINDRICAL_SURFACE ( 'NONE', #1826, 21.99999999999999289 ) ;
#3842 = LINE ( 'NONE', #4532, #7740 ) ;
#3843 = DIRECTION ( 'NONE',  ( 0.000000000000000000, -0.3090169943749547787, 0.9510565162951513107 ) ) ;
#3844 = FACE_OUTER_BOUND ( 'NONE', #7557, .T. ) ;
#3845 = DIRECTION ( 'NONE',  ( 0.000000000000000000, 1.000000000000000000, 3.491481338843133355E-15 ) ) ;
#3846 = ORIENTED_EDGE ( 'NONE', *, *, #5951, .T. ) ;
#3847 = VERTEX_POINT ( 'NONE', #1389 ) ;
#3848 = VECTOR ( 'NONE', #1473, 1000.000000000000000 ) ;
#3849 = ORIENTED_EDGE ( 'NONE', *, *, #2597, .T. ) ;
#3850 = ORIENTED_EDGE ( 'NONE', *, *, #1368, .T. ) ;
#3851 = ORIENTED_EDGE ( 'NONE', *, *, #8313, .T. ) ;
#3852 = AXIS2_PLACEMENT_3D ( 'NONE', #2987, #6737, #7592 ) ;
#3853 = CARTESIAN_POINT ( 'NONE',  ( 15.00000000000000178, 14.71414642875968148, -9.471478019454975694 ) ) ;
#3854 = CARTESIAN_POINT ( 'NONE',  ( 0.000000000000000000, -19.83898331853677632, -9.508666619816835919 ) ) ;
#3855 = DIRECTION ( 'NONE',  ( -1.000000000000000000, 0.000000000000000000, 0.000000000000000000 ) ) ;
#3856 = DIRECTION ( 'NONE',  ( -1.000000000000000000, 0.000000000000000000, 0.000000000000000000 ) ) ;
#3857 = CIRCLE ( 'NONE', #3699, 8.000000000000001776 ) ;
#3858 = CIRCLE ( 'NONE', #8371, 8.000000000000001776 ) ;
#3859 = DIRECTION ( 'NONE',  ( -1.000000000000000000, -0.000000000000000000, -0.000000000000000000 ) ) ;
#3860 = DIRECTION ( 'NONE',  ( -1.000000000000000000, 0.000000000000000000, 0.000000000000000000 ) ) ;
#3861 = CIRCLE ( 'NONE', #8952, 16.00000000000000000 ) ;
#3862 = ORIENTED_EDGE ( 'NONE', *, *, #2682, .F. ) ;
#3863 = CIRCLE ( 'NONE', #7799, 37.49900000000001654 ) ;
#3864 = ORIENTED_EDGE ( 'NONE', *, *, #5837, .T. ) ;
#3865 = VERTEX_POINT ( 'NONE', #8975 ) ;
#3866 = ORIENTED_EDGE ( 'NONE', *, *, #1164, .F. ) ;
#3867 = AXIS2_PLACEMENT_3D ( 'NONE', #4535, #8638, #2369 ) ;
#3868 = EDGE_CURVE ( 'NONE', #5275, #6543, #6975, .T. ) ;
#3869 = CIRCLE ( 'NONE', #8678, 16.00000000000000000 ) ;
#3870 = DIRECTION ( 'NONE',  ( -1.000000000000000000, -0.000000000000000000, -0.000000000000000000 ) ) ;
#3871 = LINE ( 'NONE', #8709, #5705 ) ;
#3872 = CIRCLE ( 'NONE', #7966, 37.49900000000001654 ) ;
#3873 = CARTESIAN_POINT ( 'NONE',  ( 0.000000000000000000, 0.000000000000000000, 0.000000000000000000 ) ) ;
#3874 = EDGE_CURVE ( 'NONE', #6192, #4600, #7807, .T. ) ;
#3875 = DIRECTION ( 'NONE',  ( 1.000000000000000000, 0.000000000000000000, 0.000000000000000000 ) ) ;
#3876 = AXIS2_PLACEMENT_3D ( 'NONE', #5998, #269, #898 ) ;
#3877 = CIRCLE ( 'NONE', #3429, 37.49900000000000944 ) ;
#3878 = ORIENTED_EDGE ( 'NONE', *, *, #4578, .F. ) ;
#3879 = AXIS2_PLACEMENT_3D ( 'NONE', #5061, #1568, #4373 ) ;
#3880 = DIRECTION ( 'NONE',  ( -1.000000000000000000, 0.000000000000000000, -0.000000000000000000 ) ) ;
#3881 = CARTESIAN_POINT ( 'NONE',  ( 0.000000000000000000, -5.202137450156123499, -37.22597642581163058 ) ) ;
#3882 = DIRECTION ( 'NONE',  ( -1.000000000000000000, -0.000000000000000000, 0.000000000000000000 ) ) ;
#3883 = AXIS2_PLACEMENT_3D ( 'NONE', #268, #3160, #4490 ) ;
#3884 = AXIS2_PLACEMENT_3D ( 'NONE', #1991, #6756, #1339 ) ;
#3885 = DIRECTION ( 'NONE',  ( 0.000000000000000000, 0.3090169943749481174, -0.9510565162951533091 ) ) ;
#3886 = CARTESIAN_POINT ( 'NONE',  ( 15.00000000000000178, 18.48663108841357072, -3.384281271887880749 ) ) ;
#3887 = LINE ( 'NONE', #4569, #6094 ) ;
#3888 = VERTEX_POINT ( 'NONE', #4094 ) ;
#3889 = DIRECTION ( 'NONE',  ( 0.000000000000000000, 0.000000000000000000, 1.000000000000000000 ) ) ;
#3890 = CARTESIAN_POINT ( 'NONE',  ( 15.00000000000000178, -27.13269053701113975, 25.88420570971392465 ) ) ;
#3891 = DIRECTION ( 'NONE',  ( -1.000000000000000000, 0.000000000000000000, 0.000000000000000000 ) ) ;
#3892 = CARTESIAN_POINT ( 'NONE',  ( 15.00000000000000178, -17.80606268964516303, -33.00180498840067855 ) ) ;
#3893 = PRODUCT_DEFINITION ( 'UNKNOWN', '', #2243, #7865 ) ;
#3894 = DIRECTION ( 'NONE',  ( -1.000000000000000000, -0.000000000000000000, -0.000000000000000000 ) ) ;
#3895 = VECTOR ( 'NONE', #1170, 1000.000000000000000 ) ;
#3896 = VERTEX_POINT ( 'NONE', #600 ) ;
#3897 = ORIENTED_EDGE ( 'NONE', *, *, #6733, .T. ) ;
#3898 = ORIENTED_EDGE ( 'NONE', *, *, #1227, .F. ) ;
#3899 = EDGE_LOOP ( 'NONE', ( #382, #4661, #5037, #6437 ) ) ;
#3900 = ORIENTED_EDGE ( 'NONE', *, *, #7548, .T. ) ;
#3901 = AXIS2_PLACEMENT_3D ( 'NONE', #6307, #20, #4288 ) ;
#3902 = CARTESIAN_POINT ( 'NONE',  ( 15.00000000000000178, 39.04073710021344823, 15.48615015657595961 ) ) ;
#3903 = DIRECTION ( 'NONE',  ( 0.000000000000000000, 0.5877852522924742473, -0.8090169943749465631 ) ) ;
#3904 = ADVANCED_FACE ( 'NONE', ( #6842 ), #1198, .T. ) ;
#3905 = DIRECTION ( 'NONE',  ( 0.000000000000000000, -1.000000000000000000, -1.047444401652940164E-14 ) ) ;
#3906 = DIRECTION ( 'NONE',  ( -1.000000000000000000, 0.000000000000000000, 0.000000000000000000 ) ) ;
#3907 = DIRECTION ( 'NONE',  ( -1.000000000000000000, -0.000000000000000000, 0.000000000000000000 ) ) ;
#3908 = CARTESIAN_POINT ( 'NONE',  ( -10.00000000000000000, 0.000000000000000000, 0.000000000000000000 ) ) ;
#3909 = ORIENTED_EDGE ( 'NONE', *, *, #2076, .T. ) ;
#3910 = ORIENTED_EDGE ( 'NONE', *, *, #6722, .F. ) ;
#3911 = ORIENTED_EDGE ( 'NONE', *, *, #2006, .T. ) ;
#3912 = ORIENTED_EDGE ( 'NONE', *, *, #1750, .F. ) ;
#3913 = ADVANCED_FACE ( 'NONE', ( #3363 ), #4830, .T. ) ;
#3914 = CIRCLE ( 'NONE', #8864, 16.00000000000000000 ) ;
#3915 = CARTESIAN_POINT ( 'NONE',  ( 7.500000000000002665, 19.83898331853698238, -9.508666619816423804 ) ) ;
#3916 = DIRECTION ( 'NONE',  ( 0.000000000000000000, -0.9510565162951500895, -0.3090169943749582759 ) ) ;
#3917 = CYLINDRICAL_SURFACE ( 'NONE', #5925, 8.000000000000001776 ) ;
#3918 = CARTESIAN_POINT ( 'NONE',  ( 0.000000000000000000, 37.22597642581158084, 10.79786254984348304 ) ) ;
#3919 = ADVANCED_FACE ( 'NONE', ( #4924 ), #3585, .T. ) ;
#3920 = AXIS2_PLACEMENT_3D ( 'NONE', #8854, #6623, #8676 ) ;
#3921 = ORIENTED_EDGE ( 'NONE', *, *, #3695, .F. ) ;
#3922 = EDGE_CURVE ( 'NONE', #8696, #4227, #6362, .T. ) ;
#3923 = VERTEX_POINT ( 'NONE', #7842 ) ;
#3924 = DIRECTION ( 'NONE',  ( -1.000000000000000000, -0.000000000000000000, -0.000000000000000000 ) ) ;
#3925 = CARTESIAN_POINT ( 'NONE',  ( 15.00000000000000178, 0.000000000000000000, 17.49900000000000233 ) ) ;
#3926 = EDGE_CURVE ( 'NONE', #4600, #3640, #3872, .T. ) ;
#3927 = LINE ( 'NONE', #7398, #6420 ) ;
#3928 = EDGE_CURVE ( 'NONE', #8641, #6791, #206, .T. ) ;
#3929 = CARTESIAN_POINT ( 'NONE',  ( 0.000000000000000000, -16.45098606841101940, -33.79645857604531045 ) ) ;
#3930 = DIRECTION ( 'NONE',  ( -1.000000000000000000, 0.000000000000000000, 0.000000000000000000 ) ) ;
#3931 = ORIENTED_EDGE ( 'NONE', *, *, #3097, .T. ) ;
#3932 = EDGE_CURVE ( 'NONE', #1741, #7381, #3575, .T. ) ;
#3933 = SURFACE_SIDE_STYLE ('',( #7221 ) ) ;
#3934 = CYLINDRICAL_SURFACE ( 'NONE', #4976, 8.000000000000001776 ) ;
#3935 = AXIS2_PLACEMENT_3D ( 'NONE', #5845, #7119, #5888 ) ;
#3936 = CARTESIAN_POINT ( 'NONE',  ( 7.500000000000002665, -27.75498641678721157, -31.52238457039628727 ) ) ;
#3937 = ADVANCED_FACE ( 'NONE', ( #1432 ), #7022, .T. ) ;
#3938 = CARTESIAN_POINT ( 'NONE',  ( 15.00000000000000178, -26.79245525562737029, 32.34446384429961796 ) ) ;
#3939 = VERTEX_POINT ( 'NONE', #7194 ) ;
#3940 = ORIENTED_EDGE ( 'NONE', *, *, #4670, .F. ) ;
#3941 = ORIENTED_EDGE ( 'NONE', *, *, #4777, .F. ) ;
#3942 = ORIENTED_EDGE ( 'NONE', *, *, #6601, .T. ) ;
#3943 = ORIENTED_EDGE ( 'NONE', *, *, #7541, .F. ) ;
#3944 = FACE_OUTER_BOUND ( 'NONE', #6269, .T. ) ;
#3945 = DIRECTION ( 'NONE',  ( -1.000000000000000000, -0.000000000000000000, -0.000000000000000000 ) ) ;
#3946 = DIRECTION ( 'NONE',  ( -1.000000000000000000, 0.000000000000000000, 0.000000000000000000 ) ) ;
#3947 = LINE ( 'NONE', #7419, #4078 ) ;
#3948 = DIRECTION ( 'NONE',  ( -1.000000000000000000, -0.000000000000000000, 0.000000000000000000 ) ) ;
#3949 = DIRECTION ( 'NONE',  ( -1.000000000000000000, -0.000000000000000000, -0.000000000000000000 ) ) ;
#3950 = VECTOR ( 'NONE', #4328, 1000.000000000000000 ) ;
#3951 = DIRECTION ( 'NONE',  ( 0.000000000000000000, 0.000000000000000000, 1.000000000000000000 ) ) ;
#3952 = CIRCLE ( 'NONE', #5856, 8.000000000000003553 ) ;
#3953 = ORIENTED_EDGE ( 'NONE', *, *, #435, .T. ) ;
#3954 = EDGE_CURVE ( 'NONE', #6386, #6645, #6072, .T. ) ;
#3955 = ORIENTED_EDGE ( 'NONE', *, *, #5262, .F. ) ;
#3956 = ORIENTED_EDGE ( 'NONE', *, *, #4028, .T. ) ;
#3957 = VECTOR ( 'NONE', #5085, 1000.000000000000000 ) ;
#3958 = ORIENTED_EDGE ( 'NONE', *, *, #1378, .F. ) ;
#3959 = ADVANCED_FACE ( 'NONE', ( #7109 ), #3624, .T. ) ;
#3960 = CARTESIAN_POINT ( 'NONE',  ( 0.000000000000000000, 18.48663108841357072, -3.384281271887880749 ) ) ;
#3961 = LINE ( 'NONE', #7521, #5226 ) ;
#3962 = EDGE_CURVE ( 'NONE', #287, #7131, #8391, .T. ) ;
#3963 = CYLINDRICAL_SURFACE ( 'NONE', #3766, 16.00000000000000000 ) ;
#3964 = CARTESIAN_POINT ( 'NONE',  ( 15.00000000000000178, 10.74501242461283823, 35.92658777277515014 ) ) ;
#3965 = AXIS2_PLACEMENT_3D ( 'NONE', #552, #2518, #6189 ) ;
#3966 = EDGE_CURVE ( 'NONE', #4000, #3677, #5200, .T. ) ;
#3967 = EDGE_LOOP ( 'NONE', ( #8555, #5500, #573, #7587 ) ) ;
#3968 = ORIENTED_EDGE ( 'NONE', *, *, #1796, .F. ) ;
#3969 = AXIS2_PLACEMENT_3D ( 'NONE', #5729, #7137, #8012 ) ;
#3970 = ORIENTED_EDGE ( 'NONE', *, *, #431, .T. ) ;
#3971 = CARTESIAN_POINT ( 'NONE',  ( 15.00000000000000178, -40.98264845739755913, 9.188173127307152299 ) ) ;
#3972 = DIRECTION ( 'NONE',  ( -1.000000000000000000, -0.000000000000000000, 0.000000000000000000 ) ) ;
#3973 = CARTESIAN_POINT ( 'NONE',  ( 15.00000000000000178, 3.968388925834807957, 21.63912866391138223 ) ) ;
#3974 = CARTESIAN_POINT ( 'NONE',  ( 15.00000000000000178, 15.17386234660404298, -15.92965478239599619 ) ) ;
#3975 = CARTESIAN_POINT ( 'NONE',  ( 0.000000000000000000, -10.41901085202051291, -40.68715046381939970 ) ) ;
#3976 = ORIENTED_EDGE ( 'NONE', *, *, #8989, .F. ) ;
#3977 = CARTESIAN_POINT ( 'NONE',  ( 0.000000000000000000, 0.000000000000000000, 0.000000000000000000 ) ) ;
#3978 = DIRECTION ( 'NONE',  ( -1.000000000000000000, 0.000000000000000000, 0.000000000000000000 ) ) ;
#3979 = CARTESIAN_POINT ( 'NONE',  ( 0.000000000000000000, 37.58145647212453611, 0.6853352020791819710 ) ) ;
#3980 = EDGE_CURVE ( 'NONE', #1626, #14, #1477, .T. ) ;
#3981 = ORIENTED_EDGE ( 'NONE', *, *, #4636, .T. ) ;
#3982 = ORIENTED_EDGE ( 'NONE', *, *, #147, .F. ) ;
#3983 = ORIENTED_EDGE ( 'NONE', *, *, #4385, .F. ) ;
#3984 = ORIENTED_EDGE ( 'NONE', *, *, #5144, .T. ) ;
#3985 = EDGE_CURVE ( 'NONE', #9037, #8274, #4279, .T. ) ;
#3986 = CIRCLE ( 'NONE', #5159, 16.00000000000000000 ) ;
#3987 = FACE_OUTER_BOUND ( 'NONE', #6919, .T. ) ;
#3988 = DIRECTION ( 'NONE',  ( -1.000000000000000000, 0.000000000000000000, -0.000000000000000000 ) ) ;
#3989 = CARTESIAN_POINT ( 'NONE',  ( 15.00000000000000178, 17.80606268964584871, -33.00180498840030197 ) ) ;
#3990 = DIRECTION ( 'NONE',  ( 0.000000000000000000, 0.000000000000000000, 1.000000000000000000 ) ) ;
#3991 = DIRECTION ( 'NONE',  ( 0.000000000000000000, 0.3090169943749413450, 0.9510565162951556406 ) ) ;
#3992 = FACE_OUTER_BOUND ( 'NONE', #4819, .T. ) ;
#3993 = DIRECTION ( 'NONE',  ( 0.000000000000000000, 0.000000000000000000, 1.000000000000000000 ) ) ;
#3994 = CARTESIAN_POINT ( 'NONE',  ( 15.00000000000000178, 0.000000000000000000, 0.000000000000000000 ) ) ;
#3995 = CIRCLE ( 'NONE', #3121, 16.00000000000000000 ) ;
#3996 = ORIENTED_EDGE ( 'NONE', *, *, #651, .T. ) ;
#3997 = ORIENTED_EDGE ( 'NONE', *, *, #397, .T. ) ;
#3998 = ORIENTED_EDGE ( 'NONE', *, *, #6982, .T. ) ;
#4000 = VERTEX_POINT ( 'NONE', #6516 ) ;
#3999 = AXIS2_PLACEMENT_3D ( 'NONE', #8698, #5827, #5964 ) ;
#4001 = VECTOR ( 'NONE', #7591, 1000.000000000000000 ) ;
#4002 = CYLINDRICAL_SURFACE ( 'NONE', #1666, 42.00000000000000000 ) ;
#4003 = DIRECTION ( 'NONE',  ( -1.000000000000000000, 0.000000000000000000, -0.000000000000000000 ) ) ;
#4004 = AXIS2_PLACEMENT_3D ( 'NONE', #8783, #4729, #462 ) ;
#4005 = DIRECTION ( 'NONE',  ( -1.000000000000000000, 0.000000000000000000, -0.000000000000000000 ) ) ;
#4006 = CARTESIAN_POINT ( 'NONE',  ( 15.00000000000000178, 14.71414642875968148, -9.471478019454975694 ) ) ;
#4007 = EDGE_CURVE ( 'NONE', #2097, #7932, #3147, .T. ) ;
#4008 = CIRCLE ( 'NONE', #2531, 37.49900000000000233 ) ;
#4009 = VERTEX_POINT ( 'NONE', #241 ) ;
#4010 = CIRCLE ( 'NONE', #350, 16.00000000000000000 ) ;
#4011 = CIRCLE ( 'NONE', #3708, 16.00000000000000000 ) ;
#4012 = ORIENTED_EDGE ( 'NONE', *, *, #759, .T. ) ;
#4013 = ORIENTED_EDGE ( 'NONE', *, *, #5026, .F. ) ;
#4014 = DIRECTION ( 'NONE',  ( 1.000000000000000000, 0.000000000000000000, -0.000000000000000000 ) ) ;
#4015 = DIRECTION ( 'NONE',  ( -1.000000000000000000, -0.000000000000000000, 0.000000000000000000 ) ) ;
#4016 = CYLINDRICAL_SURFACE ( 'NONE', #2154, 16.00000000000000000 ) ;
#4017 = AXIS2_PLACEMENT_3D ( 'NONE', #8380, #4922, #93 ) ;
#4018 = CYLINDRICAL_SURFACE ( 'NONE', #2736, 21.99999999999999289 ) ;
#4019 = CARTESIAN_POINT ( 'NONE',  ( 15.00000000000000178, -4.460989585140847424, -16.92083251265329835 ) ) ;
#4020 = CIRCLE ( 'NONE', #1964, 37.49900000000000944 ) ;
#4021 = AXIS2_PLACEMENT_3D ( 'NONE', #5620, #2178, #5670 ) ;
#4022 = AXIS2_PLACEMENT_3D ( 'NONE', #3271, #4560, #6666 ) ;
#4023 = EDGE_CURVE ( 'NONE', #1891, #3314, #5600, .T. ) ;
#4024 = VERTEX_POINT ( 'NONE', #5009 ) ;
#4025 = CARTESIAN_POINT ( 'NONE',  ( 0.000000000000000000, 0.000000000000000000, 0.000000000000000000 ) ) ;
#4026 = CARTESIAN_POINT ( 'NONE',  ( 15.00000000000000178, -35.95386929396248377, -10.96151621346525040 ) ) ;
#4027 = DIRECTION ( 'NONE',  ( 0.000000000000000000, 0.4539904997395479702, -0.8910065241883673437 ) ) ;
#4028 = EDGE_CURVE ( 'NONE', #1557, #3574, #4466, .T. ) ;
#4029 = CIRCLE ( 'NONE', #69, 8.000000000000003553 ) ;
#4030 = ORIENTED_EDGE ( 'NONE', *, *, #3533, .T. ) ;
#4031 = EDGE_CURVE ( 'NONE', #8520, #4638, #1609, .T. ) ;
#4032 = ORIENTED_EDGE ( 'NONE', *, *, #5999, .T. ) ;
#4033 = VERTEX_POINT ( 'NONE', #143 ) ;
#4034 = CARTESIAN_POINT ( 'NONE',  ( 0.000000000000000000, 0.000000000000000000, 0.000000000000000000 ) ) ;
#4035 = DIRECTION ( 'NONE',  ( 0.000000000000000000, 0.000000000000000000, 1.000000000000000000 ) ) ;
#4036 = EDGE_CURVE ( 'NONE', #2843, #1696, #3726, .T. ) ;
#4037 = DIRECTION ( 'NONE',  ( -1.000000000000000000, 0.000000000000000000, -0.000000000000000000 ) ) ;
#4038 = AXIS2_PLACEMENT_3D ( 'NONE', #8317, #5265, #8049 ) ;
#4039 = CYLINDRICAL_SURFACE ( 'NONE', #8385, 16.00000000000000000 ) ;
#4040 = AXIS2_PLACEMENT_3D ( 'NONE', #8703, #6464, #5243 ) ;
#4041 = DIRECTION ( 'NONE',  ( 0.000000000000000000, 0.000000000000000000, 1.000000000000000000 ) ) ;
#4042 = CARTESIAN_POINT ( 'NONE',  ( 15.00000000000000178, 0.000000000000000000, 0.000000000000000000 ) ) ;
#4043 = EDGE_CURVE ( 'NONE', #5201, #3589, #6218, .T. ) ;
#4044 = FACE_OUTER_BOUND ( 'NONE', #5263, .T. ) ;
#4045 = DIRECTION ( 'NONE',  ( -1.000000000000000000, -0.000000000000000000, 0.000000000000000000 ) ) ;
#4046 = ORIENTED_EDGE ( 'NONE', *, *, #518, .F. ) ;
#4047 = ORIENTED_EDGE ( 'NONE', *, *, #2404, .T. ) ;
#4048 = ORIENTED_EDGE ( 'NONE', *, *, #5450, .F. ) ;
#4049 = VECTOR ( 'NONE', #530, 1000.000000000000000 ) ;
#4050 = ORIENTED_EDGE ( 'NONE', *, *, #3467, .T. ) ;
#4051 = DIRECTION ( 'NONE',  ( -1.000000000000000000, -0.000000000000000000, -0.000000000000000000 ) ) ;
#4052 = CARTESIAN_POINT ( 'NONE',  ( 0.000000000000000000, -2.494040418455481412, 18.62763138773849647 ) ) ;
#4053 = AXIS2_PLACEMENT_3D ( 'NONE', #6986, #121, #8680 ) ;
#4054 = ADVANCED_FACE ( 'NONE', ( #6741 ), #3043, .T. ) ;
#4055 = DIRECTION ( 'NONE',  ( 0.000000000000000000, 0.000000000000000000, 1.000000000000000000 ) ) ;
#4056 = DIRECTION ( 'NONE',  ( 1.000000000000000000, 0.000000000000000000, -0.000000000000000000 ) ) ;
#4057 = AXIS2_PLACEMENT_3D ( 'NONE', #6432, #745, #157 ) ;
#4058 = ORIENTED_EDGE ( 'NONE', *, *, #4499, .F. ) ;
#4059 = VERTEX_POINT ( 'NONE', #2341 ) ;
#4060 = ORIENTED_EDGE ( 'NONE', *, *, #5087, .F. ) ;
#4061 = AXIS2_PLACEMENT_3D ( 'NONE', #1051, #911, #1749 ) ;
#4062 = DIRECTION ( 'NONE',  ( 0.000000000000000000, -0.9510565162951500895, -0.3090169943749581094 ) ) ;
#4063 = DIRECTION ( 'NONE',  ( 0.000000000000000000, 0.000000000000000000, 1.000000000000000000 ) ) ;
#4064 = DIRECTION ( 'NONE',  ( -1.000000000000000000, 0.000000000000000000, 0.000000000000000000 ) ) ;
#4065 = CARTESIAN_POINT ( 'NONE',  ( 0.000000000000000000, 0.000000000000000000, 0.000000000000000000 ) ) ;
#4066 = VECTOR ( 'NONE', #5486, 1000.000000000000000 ) ;
#4067 = CARTESIAN_POINT ( 'NONE',  ( 7.500000000000002665, -21.63912866391139644, 3.968388925834726244 ) ) ;
#4068 = ORIENTED_EDGE ( 'NONE', *, *, #1564, .F. ) ;
#4069 = DIRECTION ( 'NONE',  ( -1.000000000000000000, -0.000000000000000000, 0.000000000000000000 ) ) ;
#4070 = CARTESIAN_POINT ( 'NONE',  ( 15.00000000000000178, 5.202137450156900655, -37.22597642581151689 ) ) ;
#4071 = EDGE_CURVE ( 'NONE', #3501, #7455, #7421, .T. ) ;
#4072 = CARTESIAN_POINT ( 'NONE',  ( 15.00000000000000178, 0.000000000000000000, 0.000000000000000000 ) ) ;
#4073 = EDGE_CURVE ( 'NONE', #1686, #5537, #4614, .T. ) ;
#4074 = ADVANCED_FACE ( 'NONE', ( #7376 ), #8608, .T. ) ;
#4075 = EDGE_CURVE ( 'NONE', #4843, #5426, #8738, .T. ) ;
#4076 = ORIENTED_EDGE ( 'NONE', *, *, #7721, .F. ) ;
#4077 = ORIENTED_EDGE ( 'NONE', *, *, #100, .T. ) ;
#4078 = VECTOR ( 'NONE', #2702, 1000.000000000000000 ) ;
#4079 = CYLINDRICAL_SURFACE ( 'NONE', #5816, 16.00000000000000000 ) ;
#4080 = CARTESIAN_POINT ( 'NONE',  ( 15.00000000000000178, 0.000000000000000000, 0.000000000000000000 ) ) ;
#4081 = DIRECTION ( 'NONE',  ( 1.000000000000000000, 0.000000000000000000, 0.000000000000000000 ) ) ;
#4082 = DIRECTION ( 'NONE',  ( -1.000000000000000000, 0.000000000000000000, -0.000000000000000000 ) ) ;
#4083 = CARTESIAN_POINT ( 'NONE',  ( 15.00000000000000178, -13.60411018104326963, 12.96676809804142927 ) ) ;
#4084 = CARTESIAN_POINT ( 'NONE',  ( 0.000000000000000000, 9.188173127307292631, 40.98264845739753071 ) ) ;
#4085 = CARTESIAN_POINT ( 'NONE',  ( 15.00000000000000178, 12.96676809804148078, 13.60411018104322523 ) ) ;
#4086 = AXIS2_PLACEMENT_3D ( 'NONE', #8982, #2725, #2128 ) ;
#4087 = ORIENTED_EDGE ( 'NONE', *, *, #147, .T. ) ;
#4088 = VERTEX_POINT ( 'NONE', #1842 ) ;
#4089 = EDGE_LOOP ( 'NONE', ( #542, #2752, #5436, #1309 ) ) ;
#4090 = ORIENTED_EDGE ( 'NONE', *, *, #1438, .T. ) ;
#4091 = ORIENTED_EDGE ( 'NONE', *, *, #7652, .T. ) ;
#4092 = CARTESIAN_POINT ( 'NONE',  ( -10.00000000000000000, 0.000000000000000000, 0.000000000000000000 ) ) ;
#4093 = CYLINDRICAL_SURFACE ( 'NONE', #7255, 37.49900000000000944 ) ;
#4094 = CARTESIAN_POINT ( 'NONE',  ( 0.000000000000000000, 3.968388925835111269, -21.63912866391133250 ) ) ;
#4095 = CARTESIAN_POINT ( 'NONE',  ( 15.00000000000000178, -16.31134495048487310, 6.336799421339747163 ) ) ;
#4096 = EDGE_CURVE ( 'NONE', #6396, #8932, #8702, .T. ) ;
#4097 = CIRCLE ( 'NONE', #4832, 8.000000000000003553 ) ;
#4098 = ORIENTED_EDGE ( 'NONE', *, *, #7390, .T. ) ;
#4099 = AXIS2_PLACEMENT_3D ( 'NONE', #8630, #116, #4298 ) ;
#4100 = VERTEX_POINT ( 'NONE', #2431 ) ;
#4101 = EDGE_CURVE ( 'NONE', #7322, #7688, #2552, .T. ) ;
#4102 = VERTEX_POINT ( 'NONE', #6012 ) ;
#4103 = CARTESIAN_POINT ( 'NONE',  ( 0.000000000000000000, 0.000000000000000000, 0.000000000000000000 ) ) ;
#4104 = AXIS2_PLACEMENT_3D ( 'NONE', #7731, #5818, #7970 ) ;
#4105 = CARTESIAN_POINT ( 'NONE',  ( 15.00000000000000178, 29.81001611431010190, 22.74946021919143035 ) ) ;
#4106 = CARTESIAN_POINT ( 'NONE',  ( 15.00000000000000178, -30.00120703465221439, 22.64427369931158651 ) ) ;
#4107 = DIRECTION ( 'NONE',  ( 0.000000000000000000, 0.000000000000000000, 1.000000000000000000 ) ) ;
#4108 = DIRECTION ( 'NONE',  ( -1.000000000000000000, -0.000000000000000000, 0.000000000000000000 ) ) ;
#4109 = CIRCLE ( 'NONE', #5720, 37.49900000000001654 ) ;
#4110 = ORIENTED_EDGE ( 'NONE', *, *, #5469, .F. ) ;
#4111 = DIRECTION ( 'NONE',  ( 0.000000000000000000, 0.000000000000000000, 1.000000000000000000 ) ) ;
#4112 = DIRECTION ( 'NONE',  ( 0.000000000000000000, -0.8910065241883721177, 0.4539904997395382003 ) ) ;
#4113 = CARTESIAN_POINT ( 'NONE',  ( 15.00000000000000178, 22.48208911017551870, -35.47612816024498983 ) ) ;
#4114 = ADVANCED_FACE ( 'NONE', ( #5830 ), #5242, .T. ) ;
#4115 = EDGE_CURVE ( 'NONE', #4638, #2609, #4167, .T. ) ;
#4116 = VERTEX_POINT ( 'NONE', #2472 ) ;
#4117 = ORIENTED_EDGE ( 'NONE', *, *, #4958, .F. ) ;
#4118 = CARTESIAN_POINT ( 'NONE',  ( 15.00000000000000178, -33.17418723428293958, -17.67226234102863103 ) ) ;
#4119 = DIRECTION ( 'NONE',  ( -1.000000000000000000, -0.000000000000000000, -0.000000000000000000 ) ) ;
#4120 = CYLINDRICAL_SURFACE ( 'NONE', #5174, 16.00000000000000000 ) ;
#4121 = DIRECTION ( 'NONE',  ( -1.000000000000000000, 0.000000000000000000, 0.000000000000000000 ) ) ;
#4122 = CARTESIAN_POINT ( 'NONE',  ( 0.000000000000000000, 18.48663108841352098, 3.384281271888135656 ) ) ;
#4123 = DIRECTION ( 'NONE',  ( 0.000000000000000000, 0.000000000000000000, 1.000000000000000000 ) ) ;
#4124 = CARTESIAN_POINT ( 'NONE',  ( 15.00000000000000178, 33.79645857604513992, 16.45098606841137467 ) ) ;
#4125 = CARTESIAN_POINT ( 'NONE',  ( 15.00000000000000178, -9.188173127307585730, 40.98264845739746676 ) ) ;
#4126 = VERTEX_POINT ( 'NONE', #5923 ) ;
#4127 = ORIENTED_EDGE ( 'NONE', *, *, #8217, .F. ) ;
#4128 = CIRCLE ( 'NONE', #4426, 8.000000000000001776 ) ;
#4129 = EDGE_LOOP ( 'NONE', ( #3013, #754, #4127, #2227 ) ) ;
#4130 = EDGE_CURVE ( 'NONE', #6230, #436, #8833, .T. ) ;
#4131 = ORIENTED_EDGE ( 'NONE', *, *, #8869, .F. ) ;
#4132 = ORIENTED_EDGE ( 'NONE', *, *, #5831, .F. ) ;
#4133 = DIRECTION ( 'NONE',  ( 0.000000000000000000, 0.000000000000000000, 1.000000000000000000 ) ) ;
#4134 = DIRECTION ( 'NONE',  ( 0.000000000000000000, 0.000000000000000000, 1.000000000000000000 ) ) ;
#4135 = CYLINDRICAL_SURFACE ( 'NONE', #4705, 21.99999999999999289 ) ;
#4136 = AXIS2_PLACEMENT_3D ( 'NONE', #7282, #3127, #5237 ) ;
#4137 = DIRECTION ( 'NONE',  ( -1.000000000000000000, 0.000000000000000000, 0.000000000000000000 ) ) ;
#4138 = CARTESIAN_POINT ( 'NONE',  ( 0.000000000000000000, 0.000000000000000000, 0.000000000000000000 ) ) ;
#4139 = VERTEX_POINT ( 'NONE', #963 ) ;
#4140 = ADVANCED_FACE ( 'NONE', ( #6655 ), #6561, .T. ) ;
#4141 = AXIS2_PLACEMENT_3D ( 'NONE', #9001, #212, #7047 ) ;
#4142 = EDGE_LOOP ( 'NONE', ( #452, #3970, #6255, #7413 ) ) ;
#4143 = DIRECTION ( 'NONE',  ( -1.000000000000000000, -0.000000000000000000, 0.000000000000000000 ) ) ;
#4144 = EDGE_CURVE ( 'NONE', #8985, #6220, #5880, .T. ) ;
#4145 = CARTESIAN_POINT ( 'NONE',  ( 15.00000000000000178, -21.63912866391140000, 3.968388925834725356 ) ) ;
#4146 = CIRCLE ( 'NONE', #5899, 37.49900000000000944 ) ;
#4147 = DIRECTION ( 'NONE',  ( -1.000000000000000000, -0.000000000000000000, -0.000000000000000000 ) ) ;
#4148 = CARTESIAN_POINT ( 'NONE',  ( 15.00000000000000178, 8.931325931664828133, -16.53603053422197178 ) ) ;
#4149 = DIRECTION ( 'NONE',  ( 1.000000000000000000, 0.000000000000000000, 0.000000000000000000 ) ) ;
#4150 = EDGE_CURVE ( 'NONE', #882, #2843, #6696, .T. ) ;
#4151 = AXIS2_PLACEMENT_3D ( 'NONE', #2578, #3360, #8251 ) ;
#4152 = ORIENTED_EDGE ( 'NONE', *, *, #7611, .T. ) ;
#4153 = VECTOR ( 'NONE', #7271, 1000.000000000000000 ) ;
#4154 = ORIENTED_EDGE ( 'NONE', *, *, #1283, .F. ) ;
#4155 = CARTESIAN_POINT ( 'NONE',  ( 15.00000000000000178, 0.000000000000000000, 0.000000000000000000 ) ) ;
#4156 = AXIS2_PLACEMENT_3D ( 'NONE', #8215, #4015, #6937 ) ;
#4157 = DIRECTION ( 'NONE',  ( -1.000000000000000000, 0.000000000000000000, 0.000000000000000000 ) ) ;
#4158 = AXIS2_PLACEMENT_3D ( 'NONE', #2268, #7858, #6670 ) ;
#4159 = LINE ( 'NONE', #2179, #29 ) ;
#4160 = LINE ( 'NONE', #7718, #8905 ) ;
#4161 = CIRCLE ( 'NONE', #61, 37.49900000000001654 ) ;
#4162 = ADVANCED_FACE ( 'NONE', ( #7329 ), #8024, .T. ) ;
#4163 = AXIS2_PLACEMENT_3D ( 'NONE', #5737, #6461, #1521 ) ;
#4164 = CIRCLE ( 'NONE', #3438, 42.00000000000000000 ) ;
#4165 = ORIENTED_EDGE ( 'NONE', *, *, #6139, .T. ) ;
#4166 = VERTEX_POINT ( 'NONE', #5328 ) ;
#4167 = CIRCLE ( 'NONE', #8543, 8.000000000000003553 ) ;
#4168 = AXIS2_PLACEMENT_3D ( 'NONE', #2000, #4716, #3338 ) ;
#4169 = ORIENTED_EDGE ( 'NONE', *, *, #3173, .F. ) ;
#4170 = DIRECTION ( 'NONE',  ( 0.000000000000000000, 0.7071067811865487940, -0.7071067811865462405 ) ) ;
#4171 = DIRECTION ( 'NONE',  ( -1.000000000000000000, 0.000000000000000000, -0.000000000000000000 ) ) ;
#4172 = CARTESIAN_POINT ( 'NONE',  ( 15.00000000000000178, -9.508666619816489529, -19.83898331853694330 ) ) ;
#4173 = CIRCLE ( 'NONE', #6511, 16.00000000000000355 ) ;
#4174 = CARTESIAN_POINT ( 'NONE',  ( 15.00000000000000178, 0.000000000000000000, 0.000000000000000000 ) ) ;
#4175 = CARTESIAN_POINT ( 'NONE',  ( 15.00000000000000178, 0.000000000000000000, 0.000000000000000000 ) ) ;
#4176 = CARTESIAN_POINT ( 'NONE',  ( 0.000000000000000000, 0.000000000000000000, 0.000000000000000000 ) ) ;
#4177 = EDGE_LOOP ( 'NONE', ( #2981, #2997, #3958, #6063 ) ) ;
#4178 = VERTEX_POINT ( 'NONE', #8110 ) ;
#4179 = ORIENTED_EDGE ( 'NONE', *, *, #3477, .F. ) ;
#4180 = ORIENTED_EDGE ( 'NONE', *, *, #6789, .T. ) ;
#4181 = ORIENTED_EDGE ( 'NONE', *, *, #5851, .T. ) ;
#4182 = ADVANCED_FACE ( 'NONE', ( #1367 ), #5506, .T. ) ;
#4183 = DIRECTION ( 'NONE',  ( -1.000000000000000000, 0.000000000000000000, 0.000000000000000000 ) ) ;
#4184 = CARTESIAN_POINT ( 'NONE',  ( 15.00000000000000178, -36.88895765772628721, -6.736453364083939022 ) ) ;
#4185 = DIRECTION ( 'NONE',  ( 0.000000000000000000, 0.000000000000000000, 1.000000000000000000 ) ) ;
#4186 = DIRECTION ( 'NONE',  ( 0.000000000000000000, 0.000000000000000000, 1.000000000000000000 ) ) ;
#4187 = CARTESIAN_POINT ( 'NONE',  ( 0.000000000000000000, 0.000000000000000000, 0.000000000000000000 ) ) ;
#4188 = CARTESIAN_POINT ( 'NONE',  ( 15.00000000000000178, 0.000000000000000000, 0.000000000000000000 ) ) ;
#4189 = CIRCLE ( 'NONE', #236, 37.49900000000000944 ) ;
#4190 = EDGE_CURVE ( 'NONE', #4059, #5223, #6942, .T. ) ;
#4191 = ORIENTED_EDGE ( 'NONE', *, *, #6610, .T. ) ;
#4192 = VERTEX_POINT ( 'NONE', #8918 ) ;
#4193 = DIRECTION ( 'NONE',  ( 1.000000000000000000, 0.000000000000000000, 0.000000000000000000 ) ) ;
#4194 = PRODUCT_CONTEXT ( 'NONE', #8993, 'mechanical' ) ;
#4195 = LINE ( 'NONE', #4244, #7724 ) ;
#4196 = CARTESIAN_POINT ( 'NONE',  ( 15.00000000000000178, -14.71414642875947543, -9.471478019455297215 ) ) ;
#4197 = CARTESIAN_POINT ( 'NONE',  ( 0.000000000000000000, -4.460989585141081015, 16.92083251265323440 ) ) ;
#4198 = ORIENTED_EDGE ( 'NONE', *, *, #8494, .F. ) ;
#4199 = CIRCLE ( 'NONE', #6109, 42.00000000000000000 ) ;
#4200 = ORIENTED_EDGE ( 'NONE', *, *, #4602, .T. ) ;
#4201 = DIRECTION ( 'NONE',  ( -1.000000000000000000, 0.000000000000000000, -0.000000000000000000 ) ) ;
#4202 = EDGE_CURVE ( 'NONE', #2176, #7143, #5349, .T. ) ;
#4203 = DIRECTION ( 'NONE',  ( -1.000000000000000000, 0.000000000000000000, 0.000000000000000000 ) ) ;
#4204 = EDGE_CURVE ( 'NONE', #3747, #902, #631, .T. ) ;
#4205 = CIRCLE ( 'NONE', #5387, 42.00000000000000000 ) ;
#4206 = CARTESIAN_POINT ( 'NONE',  ( 0.000000000000000000, -18.48663108841358849, 3.384281271887748854 ) ) ;
#4207 = DIRECTION ( 'NONE',  ( 1.000000000000000000, -0.000000000000000000, -0.000000000000000000 ) ) ;
#4208 = EDGE_CURVE ( 'NONE', #8776, #900, #591, .T. ) ;
#4209 = CIRCLE ( 'NONE', #2735, 37.49900000000000944 ) ;
#4210 = VECTOR ( 'NONE', #366, 1000.000000000000000 ) ;
#4211 = ADVANCED_FACE ( 'NONE', ( #4044 ), #6831, .T. ) ;
#4212 = AXIS2_PLACEMENT_3D ( 'NONE', #6486, #215, #3020 ) ;
#4213 = EDGE_CURVE ( 'NONE', #6710, #4999, #1366, .T. ) ;
#4214 = ORIENTED_EDGE ( 'NONE', *, *, #6116, .F. ) ;
#4215 = ORIENTED_EDGE ( 'NONE', *, *, #8887, .F. ) ;
#4216 = DIRECTION ( 'NONE',  ( -1.000000000000000000, 0.000000000000000000, 0.000000000000000000 ) ) ;
#4217 = DIRECTION ( 'NONE',  ( -1.000000000000000000, 0.000000000000000000, 0.000000000000000000 ) ) ;
#4218 = EDGE_CURVE ( 'NONE', #3566, #4386, #7596, .T. ) ;
#4219 = CARTESIAN_POINT ( 'NONE',  ( 0.000000000000000000, 39.04073710021366139, -15.48615015657541782 ) ) ;
#4220 = DIRECTION ( 'NONE',  ( -1.000000000000000000, 0.000000000000000000, 0.000000000000000000 ) ) ;
#4221 = FACE_OUTER_BOUND ( 'NONE', #796, .T. ) ;
#4222 = CARTESIAN_POINT ( 'NONE',  ( 7.500000000000002665, -9.188173127307585730, 40.98264845739746676 ) ) ;
#4223 = ORIENTED_EDGE ( 'NONE', *, *, #5602, .T. ) ;
#4224 = CARTESIAN_POINT ( 'NONE',  ( 15.00000000000000178, -35.95386929396248377, -10.96151621346525040 ) ) ;
#4225 = ORIENTED_EDGE ( 'NONE', *, *, #5579, .F. ) ;
#4226 = VERTEX_POINT ( 'NONE', #7635 ) ;
#4227 = VERTEX_POINT ( 'NONE', #5547 ) ;
#4228 = ORIENTED_EDGE ( 'NONE', *, *, #3290, .F. ) ;
#4229 = EDGE_CURVE ( 'NONE', #3398, #8611, #2988, .T. ) ;
#4230 = DIRECTION ( 'NONE',  ( -1.000000000000000000, 0.000000000000000000, 0.000000000000000000 ) ) ;
#4231 = CARTESIAN_POINT ( 'NONE',  ( 15.00000000000000178, -12.42422080174663357, 35.38097989696509416 ) ) ;
#4232 = AXIS2_PLACEMENT_3D ( 'NONE', #656, #3461, #2171 ) ;
#4233 = DIRECTION ( 'NONE',  ( -1.000000000000000000, 0.000000000000000000, -0.000000000000000000 ) ) ;
#4234 = CARTESIAN_POINT ( 'NONE',  ( 0.000000000000000000, -10.74501242461259309, -35.92658777277522120 ) ) ;
#4235 = AXIS2_PLACEMENT_3D ( 'NONE', #5118, #5986, #6535 ) ;
#4236 = DIRECTION ( 'NONE',  ( 0.000000000000000000, -0.9510565162951500895, -0.3090169943749581649 ) ) ;
#4237 = CARTESIAN_POINT ( 'NONE',  ( 15.00000000000000178, 0.000000000000000000, 0.000000000000000000 ) ) ;
#4238 = EDGE_CURVE ( 'NONE', #8836, #1401, #4886, .T. ) ;
#4239 = EDGE_LOOP ( 'NONE', ( #4272, #673, #5231, #3664 ) ) ;
#4240 = ORIENTED_EDGE ( 'NONE', *, *, #5169, .F. ) ;
#4241 = EDGE_CURVE ( 'NONE', #4600, #8129, #2061, .T. ) ;
#4242 = ORIENTED_EDGE ( 'NONE', *, *, #1203, .T. ) ;
#4243 = CARTESIAN_POINT ( 'NONE',  ( 15.00000000000000178, -37.48860685352291000, -0.8828120875904430509 ) ) ;
#4244 = CARTESIAN_POINT ( 'NONE',  ( 15.00000000000000178, -16.92083251265328769, 4.460989585140898939 ) ) ;
#4245 = EDGE_CURVE ( 'NONE', #8327, #5223, #7554, .T. ) ;
#4246 = CARTESIAN_POINT ( 'NONE',  ( 0.000000000000000000, 15.92965478239616317, 15.17386234660386357 ) ) ;
#4247 = CYLINDRICAL_SURFACE ( 'NONE', #3901, 37.49900000000000944 ) ;
#4248 = AXIS2_PLACEMENT_3D ( 'NONE', #992, #1131, #8090 ) ;
#4249 = CIRCLE ( 'NONE', #6144, 8.000000000000001776 ) ;
#4250 = VERTEX_POINT ( 'NONE', #8160 ) ;
#4251 = VERTEX_POINT ( 'NONE', #1277 ) ;
#4252 = AXIS2_PLACEMENT_3D ( 'NONE', #6372, #83, #4858 ) ;
#4253 = DIRECTION ( 'NONE',  ( -1.000000000000000000, -0.000000000000000000, 0.000000000000000000 ) ) ;
#4254 = CARTESIAN_POINT ( 'NONE',  ( 0.000000000000000000, -35.53030884539076339, -12.26510123303297384 ) ) ;
#4255 = DIRECTION ( 'NONE',  ( 1.000000000000000000, 0.000000000000000000, 0.000000000000000000 ) ) ;
#4256 = VECTOR ( 'NONE', #7672, 1000.000000000000000 ) ;
#4257 = CARTESIAN_POINT ( 'NONE',  ( 15.00000000000000000, 0.000000000000000000, 0.000000000000000000 ) ) ;
#4258 = CIRCLE ( 'NONE', #4252, 16.00000000000000000 ) ;
#4259 = ORIENTED_EDGE ( 'NONE', *, *, #8036, .F. ) ;
#4260 = EDGE_CURVE ( 'NONE', #7027, #57, #6908, .T. ) ;
#4261 = ORIENTED_EDGE ( 'NONE', *, *, #5943, .T. ) ;
#4262 = CARTESIAN_POINT ( 'NONE',  ( 15.00000000000000178, -33.80338159004273280, -16.23288003029534465 ) ) ;
#4263 = DIRECTION ( 'NONE',  ( 0.000000000000000000, 0.000000000000000000, 1.000000000000000000 ) ) ;
#4264 = VECTOR ( 'NONE', #6550, 1000.000000000000000 ) ;
#4265 = CARTESIAN_POINT ( 'NONE',  ( 7.500000000000002665, -15.17386234660368949, -15.92965478239633015 ) ) ;
#4266 = CARTESIAN_POINT ( 'NONE',  ( 15.00000000000000178, 2.494040418455351293, 18.62763138773851423 ) ) ;
#4267 = EDGE_CURVE ( 'NONE', #567, #6299, #7364, .T. ) ;
#4268 = DIRECTION ( 'NONE',  ( 0.000000000000000000, 0.000000000000000000, -1.000000000000000000 ) ) ;
#4269 = FACE_OUTER_BOUND ( 'NONE', #7692, .T. ) ;
#4270 = VERTEX_POINT ( 'NONE', #4687 ) ;
#4271 = ORIENTED_EDGE ( 'NONE', *, *, #8121, .F. ) ;
#4272 = ORIENTED_EDGE ( 'NONE', *, *, #1168, .T. ) ;
#4273 = ORIENTED_EDGE ( 'NONE', *, *, #8121, .T. ) ;
#4274 = ORIENTED_EDGE ( 'NONE', *, *, #7163, .T. ) ;
#4275 = FACE_OUTER_BOUND ( 'NONE', #7219, .T. ) ;
#4276 = CARTESIAN_POINT ( 'NONE',  ( 15.00000000000000178, 0.000000000000000000, 0.000000000000000000 ) ) ;
#4277 = CARTESIAN_POINT ( 'NONE',  ( 0.000000000000000000, -15.48615015657610527, 39.04073710021339139 ) ) ;
#4278 = DIRECTION ( 'NONE',  ( 0.000000000000000000, -6.938893903907225222E-15, 1.000000000000000000 ) ) ;
#4279 = LINE ( 'NONE', #782, #7089 ) ;
#4280 = DIRECTION ( 'NONE',  ( -1.000000000000000000, -0.000000000000000000, -0.000000000000000000 ) ) ;
#4281 = ORIENTED_EDGE ( 'NONE', *, *, #7164, .T. ) ;
#4282 = ORIENTED_EDGE ( 'NONE', *, *, #3377, .T. ) ;
#4283 = EDGE_LOOP ( 'NONE', ( #274, #8475, #5291, #1561 ) ) ;
#4284 = CARTESIAN_POINT ( 'NONE',  ( 15.00000000000000178, 0.000000000000000000, 0.000000000000000000 ) ) ;
#4285 = DIRECTION ( 'NONE',  ( -3.761465059769839639E-18, -1.005396633543428210E-16, -1.000000000000000000 ) ) ;
#4286 = LINE ( 'NONE', #1577, #3343 ) ;
#4287 = DIRECTION ( 'NONE',  ( 0.000000000000000000, -0.3090169943749349057, -0.9510565162951577500 ) ) ;
#4288 = DIRECTION ( 'NONE',  ( 0.000000000000000000, 0.000000000000000000, 1.000000000000000000 ) ) ;
#4289 = AXIS2_PLACEMENT_3D ( 'NONE', #6418, #1428, #691 ) ;
#4290 = EDGE_LOOP ( 'NONE', ( #1178, #1933, #6180, #3409 ) ) ;
#4291 = VERTEX_POINT ( 'NONE', #2570 ) ;
#4292 = DIRECTION ( 'NONE',  ( -1.000000000000000000, 0.000000000000000000, 0.000000000000000000 ) ) ;
#4293 = AXIS2_PLACEMENT_3D ( 'NONE', #1102, #2338, #8062 ) ;
#4294 = DIRECTION ( 'NONE',  ( -1.000000000000000000, -0.000000000000000000, 0.000000000000000000 ) ) ;
#4295 = AXIS2_PLACEMENT_3D ( 'NONE', #502, #8195, #1924 ) ;
#4296 = CARTESIAN_POINT ( 'NONE',  ( 0.000000000000000000, 32.34446384429971744, 26.79245525562725661 ) ) ;
#4297 = AXIS2_PLACEMENT_3D ( 'NONE', #844, #2917, #2874 ) ;
#4298 = DIRECTION ( 'NONE',  ( 0.000000000000000000, 0.000000000000000000, 1.000000000000000000 ) ) ;
#4299 = CARTESIAN_POINT ( 'NONE',  ( 0.000000000000000000, -13.60411018104326963, 12.96676809804142927 ) ) ;
#4300 = ADVANCED_FACE ( 'NONE', ( #3259 ), #6060, .T. ) ;
#4301 = AXIS2_PLACEMENT_3D ( 'NONE', #5587, #4220, #6905 ) ;
#4302 = AXIS2_PLACEMENT_3D ( 'NONE', #3151, #6808, #5484 ) ;
#4303 = ORIENTED_EDGE ( 'NONE', *, *, #2635, .T. ) ;
#4304 = AXIS2_PLACEMENT_3D ( 'NONE', #5378, #7466, #3993 ) ;
#4305 = ORIENTED_EDGE ( 'NONE', *, *, #8605, .T. ) ;
#4306 = AXIS2_PLACEMENT_3D ( 'NONE', #6839, #4738, #7428 ) ;
#4307 = CARTESIAN_POINT ( 'NONE',  ( 15.00000000000000178, 33.00180498840047960, 17.80606268964550765 ) ) ;
#4308 = FACE_OUTER_BOUND ( 'NONE', #4635, .T. ) ;
#4309 = CARTESIAN_POINT ( 'NONE',  ( 15.00000000000000178, 17.80606268964539751, 33.00180498840054355 ) ) ;
#4310 = ADVANCED_FACE ( 'NONE', ( #8831 ), #8962, .T. ) ;
#4311 = AXIS2_PLACEMENT_3D ( 'NONE', #7317, #4401, #3800 ) ;
#4312 = ADVANCED_FACE ( 'NONE', ( #2618 ), #128, .T. ) ;
#4313 = CARTESIAN_POINT ( 'NONE',  ( 15.00000000000000178, 0.000000000000000000, 0.000000000000000000 ) ) ;
#4314 = CARTESIAN_POINT ( 'NONE',  ( 15.00000000000000178, 0.000000000000000000, 0.000000000000000000 ) ) ;
#4315 = PRESENTATION_LAYER_ASSIGNMENT (  '', '', ( #7085 ) ) ;
#4316 = VECTOR ( 'NONE', #1217, 1000.000000000000000 ) ;
#4317 = ORIENTED_EDGE ( 'NONE', *, *, #7267, .T. ) ;
#4318 = ORIENTED_EDGE ( 'NONE', *, *, #4670, .T. ) ;
#4319 = AXIS2_PLACEMENT_3D ( 'NONE', #5517, #2071, #1896 ) ;
#4320 = VERTEX_POINT ( 'NONE', #3523 ) ;
#4321 = ORIENTED_EDGE ( 'NONE', *, *, #8679, .T. ) ;
#4322 = ADVANCED_FACE ( 'NONE', ( #4950 ), #8501, .T. ) ;
#4323 = VERTEX_POINT ( 'NONE', #6284 ) ;
#4324 = AXIS2_PLACEMENT_3D ( 'NONE', #4628, #6767, #8226 ) ;
#4325 = AXIS2_PLACEMENT_3D ( 'NONE', #3881, #1121, #4524 ) ;
#4326 = EDGE_CURVE ( 'NONE', #634, #847, #1520, .T. ) ;
#4327 = CYLINDRICAL_SURFACE ( 'NONE', #4289, 8.000000000000001776 ) ;
#4328 = DIRECTION ( 'NONE',  ( -1.000000000000000000, 0.000000000000000000, 0.000000000000000000 ) ) ;
#4329 = DIRECTION ( 'NONE',  ( 0.000000000000000000, -0.8910065241883722287, 0.4539904997395382558 ) ) ;
#4330 = DIRECTION ( 'NONE',  ( 0.000000000000000000, 0.3090169943749481174, -0.9510565162951533091 ) ) ;
#4331 = CARTESIAN_POINT ( 'NONE',  ( 15.00000000000000178, -6.555932627142682101, 37.01155633439055492 ) ) ;
#4332 = CARTESIAN_POINT ( 'NONE',  ( 15.00000000000000178, 37.01155633439059045, 6.555932627142555091 ) ) ;
#4333 = ORIENTED_EDGE ( 'NONE', *, *, #4360, .T. ) ;
#4334 = ORIENTED_EDGE ( 'NONE', *, *, #1318, .F. ) ;
#4335 = EDGE_CURVE ( 'NONE', #7409, #2176, #5615, .T. ) ;
#4336 = CYLINDRICAL_SURFACE ( 'NONE', #4760, 16.00000000000000000 ) ;
#4337 = ADVANCED_FACE ( 'NONE', ( #4221 ), #1505, .T. ) ;
#4338 = DIRECTION ( 'NONE',  ( 0.000000000000000000, 0.000000000000000000, 1.000000000000000000 ) ) ;
#4339 = CARTESIAN_POINT ( 'NONE',  ( 0.000000000000000000, -17.80606268964563199, 33.00180498840042276 ) ) ;
#4340 = CARTESIAN_POINT ( 'NONE',  ( 7.500000000000002665, 21.80633394113447210, 2.912696353505892510 ) ) ;
#4341 = VECTOR ( 'NONE', #3376, 1000.000000000000000 ) ;
#4342 = ORIENTED_EDGE ( 'NONE', *, *, #2682, .T. ) ;
#4343 = ORIENTED_EDGE ( 'NONE', *, *, #5975, .F. ) ;
#4344 = AXIS2_PLACEMENT_3D ( 'NONE', #4423, #338, #5209 ) ;
#4345 = CYLINDRICAL_SURFACE ( 'NONE', #7436, 42.00000000000000000 ) ;
#4346 = CARTESIAN_POINT ( 'NONE',  ( 15.00000000000000178, 15.48615015657637350, -39.04073710021328480 ) ) ;
#4347 = DIRECTION ( 'NONE',  ( -1.000000000000000000, -0.000000000000000000, 0.000000000000000000 ) ) ;
#4348 = CARTESIAN_POINT ( 'NONE',  ( 0.000000000000000000, 12.26510123303309285, -35.53030884539072076 ) ) ;
#4349 = DIRECTION ( 'NONE',  ( -1.000000000000000000, 0.000000000000000000, -0.000000000000000000 ) ) ;
#4350 = EDGE_CURVE ( 'NONE', #7092, #882, #2689, .T. ) ;
#4351 = CIRCLE ( 'NONE', #7118, 16.00000000000000355 ) ;
#4352 = ORIENTED_EDGE ( 'NONE', *, *, #3663, .T. ) ;
#4353 = VERTEX_POINT ( 'NONE', #2193 ) ;
#4354 = EDGE_CURVE ( 'NONE', #847, #3400, #8812, .T. ) ;
#4355 = CIRCLE ( 'NONE', #5239, 17.49900000000000233 ) ;
#4356 = CARTESIAN_POINT ( 'NONE',  ( 0.000000000000000000, 35.95386929396256193, -10.96151621346500526 ) ) ;
#4357 = CARTESIAN_POINT ( 'NONE',  ( 0.000000000000000000, 0.000000000000000000, 0.000000000000000000 ) ) ;
#4358 = EDGE_CURVE ( 'NONE', #5668, #4681, #7097, .T. ) ;
#4359 = DIRECTION ( 'NONE',  ( 0.000000000000000000, 0.000000000000000000, 1.000000000000000000 ) ) ;
#4360 = EDGE_CURVE ( 'NONE', #3652, #135, #6059, .T. ) ;
#4361 = EDGE_CURVE ( 'NONE', #2536, #2608, #1815, .T. ) ;
#4362 = CARTESIAN_POINT ( 'NONE',  ( 15.00000000000000178, -12.42422080174614329, -35.38097989696525048 ) ) ;
#4363 = CARTESIAN_POINT ( 'NONE',  ( 0.000000000000000000, -38.55633173627022359, 16.65560815589397237 ) ) ;
#4364 = ORIENTED_EDGE ( 'NONE', *, *, #8414, .T. ) ;
#4365 = ORIENTED_EDGE ( 'NONE', *, *, #6039, .T. ) ;
#4366 = EDGE_LOOP ( 'NONE', ( #4215, #7054, #1498, #4916 ) ) ;
#4367 = ORIENTED_EDGE ( 'NONE', *, *, #5953, .F. ) ;
#4368 = ORIENTED_EDGE ( 'NONE', *, *, #8667, .F. ) ;
#4369 = DIRECTION ( 'NONE',  ( -1.000000000000000000, -0.000000000000000000, 0.000000000000000000 ) ) ;
#4370 = DIRECTION ( 'NONE',  ( -1.000000000000000000, 0.000000000000000000, -0.000000000000000000 ) ) ;
#4371 = CARTESIAN_POINT ( 'NONE',  ( 15.00000000000000178, 30.80686688397041451, -21.53537804866047978 ) ) ;
#4372 = DIRECTION ( 'NONE',  ( 0.000000000000000000, 0.1564344650402244297, 0.9876883405951388806 ) ) ;
#4373 = DIRECTION ( 'NONE',  ( 0.000000000000000000, 0.9876883405951382144, -0.1564344650402276493 ) ) ;
#4374 = CYLINDRICAL_SURFACE ( 'NONE', #250, 42.00000000000000000 ) ;
#4375 = ORIENTED_EDGE ( 'NONE', *, *, #3663, .F. ) ;
#4376 = ORIENTED_EDGE ( 'NONE', *, *, #6920, .T. ) ;
#4377 = ORIENTED_EDGE ( 'NONE', *, *, #3129, .F. ) ;
#4378 = DIRECTION ( 'NONE',  ( 0.000000000000000000, 0.9510565162951523099, 0.3090169943749517811 ) ) ;
#4379 = CARTESIAN_POINT ( 'NONE',  ( 2.932116323642435736E-15, 5.075260414326119400E-16, 15.00000000000000000 ) ) ;
#4380 = DIRECTION ( 'NONE',  ( -1.000000000000000000, -0.000000000000000000, -0.000000000000000000 ) ) ;
#4381 = CARTESIAN_POINT ( 'NONE',  ( 15.00000000000000000, 0.000000000000000000, 0.000000000000000000 ) ) ;
#4382 = ADVANCED_FACE ( 'NONE', ( #7730 ), #8367, .T. ) ;
#4383 = FACE_OUTER_BOUND ( 'NONE', #5064, .T. ) ;
#4384 = ORIENTED_EDGE ( 'NONE', *, *, #6039, .F. ) ;
#4385 = EDGE_CURVE ( 'NONE', #4395, #6286, #4010, .T. ) ;
#4386 = VERTEX_POINT ( 'NONE', #1462 ) ;
#4387 = CARTESIAN_POINT ( 'NONE',  ( 0.000000000000000000, 18.48663108841357072, 4.615718728112121028 ) ) ;
#4388 = CARTESIAN_POINT ( 'NONE',  ( -10.00000000000000000, 0.000000000000000000, 0.000000000000000000 ) ) ;
#4389 = FACE_OUTER_BOUND ( 'NONE', #8017, .T. ) ;
#4390 = CARTESIAN_POINT ( 'NONE',  ( 0.000000000000000000, 0.000000000000000000, 0.000000000000000000 ) ) ;
#4391 = LINE ( 'NONE', #7767, #81 ) ;
#4392 = AXIS2_PLACEMENT_3D ( 'NONE', #3308, #6738, #5375 ) ;
#4393 = VECTOR ( 'NONE', #2366, 1000.000000000000000 ) ;
#4394 = ORIENTED_EDGE ( 'NONE', *, *, #6921, .T. ) ;
#4395 = VERTEX_POINT ( 'NONE', #2972 ) ;
#4396 = DIRECTION ( 'NONE',  ( 0.000000000000000000, 0.000000000000000000, 1.000000000000000000 ) ) ;
#4397 = DIRECTION ( 'NONE',  ( 0.000000000000000000, 0.000000000000000000, 1.000000000000000000 ) ) ;
#4398 = AXIS2_PLACEMENT_3D ( 'NONE', #4847, #1408, #1353 ) ;
#4399 = DIRECTION ( 'NONE',  ( 0.000000000000000000, 0.000000000000000000, 1.000000000000000000 ) ) ;
#4400 = PRESENTATION_LAYER_ASSIGNMENT (  '', '', ( #3373 ) ) ;
#4401 = DIRECTION ( 'NONE',  ( -1.000000000000000000, 0.000000000000000000, 0.000000000000000000 ) ) ;
#4402 = EDGE_CURVE ( 'NONE', #2175, #7501, #2102, .T. ) ;
#4403 = FACE_OUTER_BOUND ( 'NONE', #3411, .T. ) ;
#4404 = ORIENTED_EDGE ( 'NONE', *, *, #9045, .F. ) ;
#4405 = EDGE_LOOP ( 'NONE', ( #6859, #1375, #3371, #457 ) ) ;
#4406 = ORIENTED_EDGE ( 'NONE', *, *, #4545, .T. ) ;
#4407 = EDGE_LOOP ( 'NONE', ( #8095, #1898, #1134, #7973 ) ) ;
#4408 = ORIENTED_EDGE ( 'NONE', *, *, #1260, .F. ) ;
#4409 = DIRECTION ( 'NONE',  ( 0.000000000000000000, 0.000000000000000000, 1.000000000000000000 ) ) ;
#4410 = DIRECTION ( 'NONE',  ( 0.000000000000000000, 0.8090169943749487835, -0.5877852522924713607 ) ) ;
#4411 = CARTESIAN_POINT ( 'NONE',  ( 0.000000000000000000, 37.16516213103285082, -4.992566952384597023 ) ) ;
#4412 = CARTESIAN_POINT ( 'NONE',  ( 0.000000000000000000, 2.663952781846723461, -41.91543099594814947 ) ) ;
#4413 = DIRECTION ( 'NONE',  ( -1.000000000000000000, 0.000000000000000000, 0.000000000000000000 ) ) ;
#4414 = EDGE_CURVE ( 'NONE', #3617, #7691, #6352, .T. ) ;
#4415 = ORIENTED_EDGE ( 'NONE', *, *, #895, .T. ) ;
#4416 = ORIENTED_EDGE ( 'NONE', *, *, #2466, .F. ) ;
#4417 = ORIENTED_EDGE ( 'NONE', *, *, #1409, .F. ) ;
#4418 = CARTESIAN_POINT ( 'NONE',  ( 15.00000000000000178, 5.202137450156383736, 37.22597642581160216 ) ) ;
#4419 = CARTESIAN_POINT ( 'NONE',  ( 15.00000000000000178, -35.53030884539076339, -12.26510123303297384 ) ) ;
#4420 = DIRECTION ( 'NONE',  ( -1.000000000000000000, -0.000000000000000000, -0.000000000000000000 ) ) ;
#4421 = EDGE_CURVE ( 'NONE', #8985, #5322, #8240, .T. ) ;
#4422 = DIRECTION ( 'NONE',  ( 1.000000000000000000, -0.000000000000000000, -0.000000000000000000 ) ) ;
#4423 = CARTESIAN_POINT ( 'NONE',  ( 0.000000000000000000, 0.000000000000000000, 0.000000000000000000 ) ) ;
#4424 = EDGE_CURVE ( 'NONE', #495, #3820, #7510, .T. ) ;
#4425 = ORIENTED_EDGE ( 'NONE', *, *, #5382, .T. ) ;
#4426 = AXIS2_PLACEMENT_3D ( 'NONE', #4206, #8356, #6997 ) ;
#4427 = EDGE_CURVE ( 'NONE', #1795, #5201, #5764, .T. ) ;
#4428 = CARTESIAN_POINT ( 'NONE',  ( 0.000000000000000000, -15.17386234660368949, -15.92965478239633015 ) ) ;
#4429 = DIRECTION ( 'NONE',  ( 0.000000000000000000, 0.5877852522924686962, 0.8090169943749506709 ) ) ;
#4430 = LINE ( 'NONE', #1362, #4592 ) ;
#4431 = EDGE_CURVE ( 'NONE', #111, #2374, #4745, .T. ) ;
#4432 = CARTESIAN_POINT ( 'NONE',  ( 0.000000000000000000, 10.96151621346487204, 35.95386929396260456 ) ) ;
#4433 = EDGE_CURVE ( 'NONE', #6659, #4681, #6208, .T. ) ;
#4434 = CYLINDRICAL_SURFACE ( 'NONE', #4212, 17.49900000000000233 ) ;
#4435 = DIRECTION ( 'NONE',  ( -1.000000000000000000, 0.000000000000000000, 0.000000000000000000 ) ) ;
#4436 = AXIS2_PLACEMENT_3D ( 'NONE', #959, #6557, #1005 ) ;
#4437 = ORIENTED_EDGE ( 'NONE', *, *, #7492, .F. ) ;
#4438 = ORIENTED_EDGE ( 'NONE', *, *, #888, .F. ) ;
#4439 = VECTOR ( 'NONE', #6482, 1000.000000000000000 ) ;
#4440 = CARTESIAN_POINT ( 'NONE',  ( 15.00000000000000178, -11.06713717293229493, -13.55483219355740587 ) ) ;
#4441 = EDGE_CURVE ( 'NONE', #7313, #1919, #7077, .T. ) ;
#4442 = CARTESIAN_POINT ( 'NONE',  ( 15.00000000000000178, -29.81001611430992781, -22.74946021919165062 ) ) ;
#4443 = CARTESIAN_POINT ( 'NONE',  ( 0.000000000000000000, -18.48663108841354230, 4.615718728111986024 ) ) ;
#4444 = CARTESIAN_POINT ( 'NONE',  ( 15.00000000000000178, 0.000000000000000000, 0.000000000000000000 ) ) ;
#4445 = ORIENTED_EDGE ( 'NONE', *, *, #4898, .T. ) ;
#4446 = AXIS2_PLACEMENT_3D ( 'NONE', #6757, #1206, #2592 ) ;
#4447 = AXIS2_PLACEMENT_3D ( 'NONE', #2148, #7136, #6324 ) ;
#4448 = ORIENTED_EDGE ( 'NONE', *, *, #6344, .T. ) ;
#4449 = CIRCLE ( 'NONE', #4604, 42.00000000000000000 ) ;
#4450 = ORIENTED_EDGE ( 'NONE', *, *, #4028, .F. ) ;
#4451 = ORIENTED_EDGE ( 'NONE', *, *, #3086, .T. ) ;
#4452 = ORIENTED_EDGE ( 'NONE', *, *, #8744, .F. ) ;
#4453 = CARTESIAN_POINT ( 'NONE',  ( 15.00000000000000178, 0.000000000000000000, 0.000000000000000000 ) ) ;
#4454 = DIRECTION ( 'NONE',  ( 1.000000000000000000, -0.000000000000000000, -0.000000000000000000 ) ) ;
#4455 = AXIS2_PLACEMENT_3D ( 'NONE', #409, #3204, #3072 ) ;
#4456 = CARTESIAN_POINT ( 'NONE',  ( -10.00000000000000000, 0.000000000000000000, 0.000000000000000000 ) ) ;
#4457 = CIRCLE ( 'NONE', #8540, 37.49900000000000944 ) ;
#4458 = CYLINDRICAL_SURFACE ( 'NONE', #7811, 37.49900000000000944 ) ;
#4459 = DIRECTION ( 'NONE',  ( 0.000000000000000000, -0.9876883405951358830, -0.1564344650402420545 ) ) ;
#4460 = DIRECTION ( 'NONE',  ( -1.000000000000000000, 0.000000000000000000, -0.000000000000000000 ) ) ;
#4461 = AXIS2_PLACEMENT_3D ( 'NONE', #4331, #5649, #186 ) ;
#4462 = ORIENTED_EDGE ( 'NONE', *, *, #5851, .F. ) ;
#4463 = ORIENTED_EDGE ( 'NONE', *, *, #3840, .F. ) ;
#4464 = ORIENTED_EDGE ( 'NONE', *, *, #4911, .F. ) ;
#4465 = CIRCLE ( 'NONE', #7665, 16.00000000000000000 ) ;
#4466 = CIRCLE ( 'NONE', #1385, 8.000000000000001776 ) ;
#4467 = CARTESIAN_POINT ( 'NONE',  ( 0.000000000000000000, 0.000000000000000000, 0.000000000000000000 ) ) ;
#4468 = CARTESIAN_POINT ( 'NONE',  ( 0.000000000000000000, 27.13269053701132094, -25.88420570971373635 ) ) ;
#4469 = DIRECTION ( 'NONE',  ( -1.000000000000000000, 0.000000000000000000, 0.000000000000000000 ) ) ;
#4470 = DIRECTION ( 'NONE',  ( 0.000000000000000000, 0.000000000000000000, 1.000000000000000000 ) ) ;
#4471 = CARTESIAN_POINT ( 'NONE',  ( 15.00000000000000178, 21.40280677340371085, 36.13751322684426981 ) ) ;
#4472 = AXIS2_PLACEMENT_3D ( 'NONE', #7872, #8592, #1592 ) ;
#4473 = ADVANCED_FACE ( 'NONE', ( #8688 ), #8772, .T. ) ;
#4474 = ORIENTED_EDGE ( 'NONE', *, *, #944, .T. ) ;
#4475 = CARTESIAN_POINT ( 'NONE',  ( 7.500000000000002665, -2.663952781845852602, -41.91543099594821342 ) ) ;
#4476 = CARTESIAN_POINT ( 'NONE',  ( 7.500000000000002665, 21.80633394113447210, -2.912696353505892510 ) ) ;
#4477 = CIRCLE ( 'NONE', #7985, 16.00000000000000000 ) ;
#4478 = AXIS2_PLACEMENT_3D ( 'NONE', #8652, #3860, #5788 ) ;
#4479 = DIRECTION ( 'NONE',  ( -1.000000000000000000, 0.000000000000000000, -0.000000000000000000 ) ) ;
#4480 = DIRECTION ( 'NONE',  ( 0.000000000000000000, -0.8090169943749531134, 0.5877852522924653655 ) ) ;
#4481 = FACE_OUTER_BOUND ( 'NONE', #9050, .T. ) ;
#4482 = CARTESIAN_POINT ( 'NONE',  ( 7.500000000000002665, 10.41901085202136201, -40.68715046381917944 ) ) ;
#4483 = CIRCLE ( 'NONE', #1699, 8.000000000000001776 ) ;
#4484 = ORIENTED_EDGE ( 'NONE', *, *, #6056, .T. ) ;
#4485 = ORIENTED_EDGE ( 'NONE', *, *, #7223, .T. ) ;
#4486 = DIRECTION ( 'NONE',  ( 0.000000000000000000, 0.000000000000000000, 1.000000000000000000 ) ) ;
#4487 = CARTESIAN_POINT ( 'NONE',  ( 0.000000000000000000, 0.000000000000000000, 0.000000000000000000 ) ) ;
#4488 = EDGE_CURVE ( 'NONE', #5410, #3079, #5479, .T. ) ;
#4489 = AXIS2_PLACEMENT_3D ( 'NONE', #8928, #1984, #599 ) ;
#4490 = DIRECTION ( 'NONE',  ( 0.000000000000000000, 0.000000000000000000, 1.000000000000000000 ) ) ;
#4491 = CIRCLE ( 'NONE', #5947, 8.000000000000001776 ) ;
#4492 = CARTESIAN_POINT ( 'NONE',  ( 15.00000000000000178, -16.92083251265322374, -4.460989585141140523 ) ) ;
#4493 = CARTESIAN_POINT ( 'NONE',  ( 15.00000000000000178, 0.000000000000000000, 0.000000000000000000 ) ) ;
#4494 = EDGE_CURVE ( 'NONE', #5223, #5591, #8961, .T. ) ;
#4495 = ADVANCED_FACE ( 'NONE', ( #6633 ), #3755, .T. ) ;
#4496 = ORIENTED_EDGE ( 'NONE', *, *, #8889, .T. ) ;
#4497 = ORIENTED_EDGE ( 'NONE', *, *, #6050, .F. ) ;
#4498 = EDGE_LOOP ( 'NONE', ( #837, #8389, #740, #7629 ) ) ;
#4499 = EDGE_CURVE ( 'NONE', #6288, #2844, #8387, .T. ) ;
#4500 = VERTEX_POINT ( 'NONE', #4443 ) ;
#4501 = AXIS2_PLACEMENT_3D ( 'NONE', #2804, #5601, #1478 ) ;
#4502 = LINE ( 'NONE', #1700, #2083 ) ;
#4503 = LINE ( 'NONE', #7283, #2818 ) ;
#4504 = CIRCLE ( 'NONE', #7122, 42.00000000000000000 ) ;
#4505 = CARTESIAN_POINT ( 'NONE',  ( 0.000000000000000000, 21.53537804866125427, -30.80686688396986384 ) ) ;
#4506 = DIRECTION ( 'NONE',  ( 1.000000000000000000, -0.000000000000000000, -0.000000000000000000 ) ) ;
#4507 = DIRECTION ( 'NONE',  ( -1.000000000000000000, 0.000000000000000000, -0.000000000000000000 ) ) ;
#4508 = CARTESIAN_POINT ( 'NONE',  ( -10.00000000000000000, 0.000000000000000000, 0.000000000000000000 ) ) ;
#4509 = VECTOR ( 'NONE', #1124, 1000.000000000000000 ) ;
#4510 = ORIENTED_EDGE ( 'NONE', *, *, #2943, .F. ) ;
#4511 = ADVANCED_FACE ( 'NONE', ( #3844 ), #8011, .T. ) ;
#4512 = VERTEX_POINT ( 'NONE', #3892 ) ;
#4513 = CIRCLE ( 'NONE', #4943, 17.49900000000000233 ) ;
#4514 = VERTEX_POINT ( 'NONE', #5179 ) ;
#4515 = DIRECTION ( 'NONE',  ( -1.000000000000000000, -0.000000000000000000, 0.000000000000000000 ) ) ;
#4516 = CARTESIAN_POINT ( 'NONE',  ( 15.00000000000000178, 22.48208911017501066, 35.47612816024531668 ) ) ;
#4517 = ADVANCED_FACE ( 'NONE', ( #7969 ), #6682, .T. ) ;
#4518 = CARTESIAN_POINT ( 'NONE',  ( 15.00000000000000178, -13.55483219355720337, -11.06713717293254362 ) ) ;
#4519 = DIRECTION ( 'NONE',  ( 0.000000000000000000, -0.9510565162951500895, -0.3090169943749582759 ) ) ;
#4520 = EDGE_CURVE ( 'NONE', #8548, #8203, #1821, .T. ) ;
#4521 = ORIENTED_EDGE ( 'NONE', *, *, #8530, .T. ) ;
#4522 = AXIS2_PLACEMENT_3D ( 'NONE', #4685, #6054, #3991 ) ;
#4523 = DIRECTION ( 'NONE',  ( 0.000000000000000000, 0.000000000000000000, 1.000000000000000000 ) ) ;
#4524 = DIRECTION ( 'NONE',  ( 0.000000000000000000, -0.9510565162951500895, -0.3090169943749583314 ) ) ;
#4525 = LINE ( 'NONE', #7303, #6351 ) ;
#4526 = DIRECTION ( 'NONE',  ( -1.000000000000000000, 0.000000000000000000, -0.000000000000000000 ) ) ;
#4527 = DIRECTION ( 'NONE',  ( 0.000000000000000000, 0.000000000000000000, -1.000000000000000000 ) ) ;
#4528 = DIRECTION ( 'NONE',  ( 0.000000000000000000, -0.3090169943749548898, 0.9510565162951511997 ) ) ;
#4529 = CIRCLE ( 'NONE', #124, 6.000000000000000888 ) ;
#4530 = EDGE_LOOP ( 'NONE', ( #1135, #957, #2965, #7154 ) ) ;
#4531 = DIRECTION ( 'NONE',  ( -1.000000000000000000, 0.000000000000000000, 0.000000000000000000 ) ) ;
#4532 = CARTESIAN_POINT ( 'NONE',  ( 15.00000000000000178, -0.8828120875903120446, 37.48860685352291711 ) ) ;
#4533 = CIRCLE ( 'NONE', #720, 8.000000000000001776 ) ;
#4534 = FACE_OUTER_BOUND ( 'NONE', #7578, .T. ) ;
#4535 = CARTESIAN_POINT ( 'NONE',  ( 15.00000000000000178, 0.000000000000000000, 0.000000000000000000 ) ) ;
#4536 = DIRECTION ( 'NONE',  ( 1.000000000000000000, 0.000000000000000000, -0.000000000000000000 ) ) ;
#4537 = AXIS2_PLACEMENT_3D ( 'NONE', #2325, #2278, #719 ) ;
#4538 = ORIENTED_EDGE ( 'NONE', *, *, #2974, .F. ) ;
#4539 = EDGE_CURVE ( 'NONE', #4823, #415, #930, .T. ) ;
#4540 = ORIENTED_EDGE ( 'NONE', *, *, #485, .T. ) ;
#4541 = AXIS2_PLACEMENT_3D ( 'NONE', #1585, #7088, #843 ) ;
#4542 = ORIENTED_EDGE ( 'NONE', *, *, #1845, .F. ) ;
#4543 = ORIENTED_EDGE ( 'NONE', *, *, #6395, .F. ) ;
#4544 = VERTEX_POINT ( 'NONE', #7182 ) ;
#4545 = EDGE_CURVE ( 'NONE', #2670, #7834, #7372, .T. ) ;
#4546 = AXIS2_PLACEMENT_3D ( 'NONE', #2789, #2836, #2018 ) ;
#4547 = DIRECTION ( 'NONE',  ( 0.000000000000000000, 0.000000000000000000, 1.000000000000000000 ) ) ;
#4548 = DIRECTION ( 'NONE',  ( 1.000000000000000000, -0.000000000000000000, -0.000000000000000000 ) ) ;
#4549 = DIRECTION ( 'NONE',  ( 0.000000000000000000, 0.000000000000000000, 1.000000000000000000 ) ) ;
#4550 = LINE ( 'NONE', #5060, #2101 ) ;
#4551 = CARTESIAN_POINT ( 'NONE',  ( 7.500000000000002665, 26.79245525562714292, 32.34446384429980981 ) ) ;
#4552 = DIRECTION ( 'NONE',  ( -1.000000000000000000, -0.000000000000000000, -0.000000000000000000 ) ) ;
#4553 = VERTEX_POINT ( 'NONE', #1036 ) ;
#4554 = CIRCLE ( 'NONE', #449, 16.00000000000000000 ) ;
#4555 = ORIENTED_EDGE ( 'NONE', *, *, #4130, .T. ) ;
#4556 = ORIENTED_EDGE ( 'NONE', *, *, #8538, .F. ) ;
#4557 = ORIENTED_EDGE ( 'NONE', *, *, #1650, .F. ) ;
#4558 = LINE ( 'NONE', #248, #1079 ) ;
#4559 = DIRECTION ( 'NONE',  ( -1.000000000000000000, -0.000000000000000000, 0.000000000000000000 ) ) ;
#4560 = DIRECTION ( 'NONE',  ( -1.000000000000000000, 0.000000000000000000, 0.000000000000000000 ) ) ;
#4561 = CARTESIAN_POINT ( 'NONE',  ( 0.000000000000000000, 0.000000000000000000, 0.000000000000000000 ) ) ;
#4562 = ORIENTED_EDGE ( 'NONE', *, *, #4238, .T. ) ;
#4563 = LINE ( 'NONE', #5212, #709 ) ;
#4564 = LINE ( 'NONE', #3233, #7384 ) ;
#4565 = EDGE_CURVE ( 'NONE', #5322, #8071, #3703, .T. ) ;
#4566 = DIRECTION ( 'NONE',  ( 1.000000000000000000, -0.000000000000000000, -0.000000000000000000 ) ) ;
#4567 = LINE ( 'NONE', #1075, #2889 ) ;
#4568 = DIRECTION ( 'NONE',  ( 0.000000000000000000, 0.000000000000000000, 1.000000000000000000 ) ) ;
#4569 = CARTESIAN_POINT ( 'NONE',  ( 7.500000000000002665, -21.80633394113444368, -2.912696353506039060 ) ) ;
#4570 = CIRCLE ( 'NONE', #1490, 16.00000000000000000 ) ;
#4571 = VERTEX_POINT ( 'NONE', #6500 ) ;
#4572 = SURFACE_STYLE_USAGE ( .BOTH. , #3933 ) ;
#4573 = CARTESIAN_POINT ( 'NONE',  ( 15.00000000000000178, 30.84782396557248774, -21.32104025579081963 ) ) ;
#4574 = CARTESIAN_POINT ( 'NONE',  ( 15.00000000000000178, 0.000000000000000000, 0.000000000000000000 ) ) ;
#4575 = DIRECTION ( 'NONE',  ( -1.000000000000000000, -0.000000000000000000, -0.000000000000000000 ) ) ;
#4576 = DIRECTION ( 'NONE',  ( 0.000000000000000000, 0.8090169943749487835, -0.5877852522924714718 ) ) ;
#4577 = EDGE_LOOP ( 'NONE', ( #5136, #3264, #1572, #4901 ) ) ;
#4578 = EDGE_CURVE ( 'NONE', #3386, #7736, #8594, .T. ) ;
#4579 = ORIENTED_EDGE ( 'NONE', *, *, #1858, .T. ) ;
#4580 = CIRCLE ( 'NONE', #1058, 15.99999999999999645 ) ;
#4581 = VECTOR ( 'NONE', #7927, 1000.000000000000000 ) ;
#4582 = ORIENTED_EDGE ( 'NONE', *, *, #2686, .F. ) ;
#4583 = ORIENTED_EDGE ( 'NONE', *, *, #2016, .F. ) ;
#4584 = ORIENTED_EDGE ( 'NONE', *, *, #5178, .T. ) ;
#4585 = AXIS2_PLACEMENT_3D ( 'NONE', #8235, #6185, #8196 ) ;
#4586 = ADVANCED_FACE ( 'NONE', ( #5817 ), #2329, .T. ) ;
#4587 = DIRECTION ( 'NONE',  ( 0.000000000000000000, 0.8090169943749486725, -0.5877852522924713607 ) ) ;
#4588 = CARTESIAN_POINT ( 'NONE',  ( 7.500000000000002665, 10.41901085202078647, 40.68715046381932865 ) ) ;
#4589 = EDGE_CURVE ( 'NONE', #1098, #2779, #6357, .T. ) ;
#4590 = DIRECTION ( 'NONE',  ( -1.000000000000000000, -0.000000000000000000, -0.000000000000000000 ) ) ;
#4591 = DIRECTION ( 'NONE',  ( -1.000000000000000000, -0.000000000000000000, 0.000000000000000000 ) ) ;
#4592 = VECTOR ( 'NONE', #6234, 1000.000000000000000 ) ;
#4593 = AXIS2_PLACEMENT_3D ( 'NONE', #7909, #7863, #6238 ) ;
#4594 = CARTESIAN_POINT ( 'NONE',  ( 15.00000000000000178, 22.74946021919175365, -29.81001611430984966 ) ) ;
#4595 = DIRECTION ( 'NONE',  ( 0.000000000000000000, 0.000000000000000000, -1.000000000000000000 ) ) ;
#4596 = ADVANCED_FACE ( 'NONE', ( #5364 ), #3244, .T. ) ;
#4597 = VERTEX_POINT ( 'NONE', #1133 ) ;
#4598 = VECTOR ( 'NONE', #7462, 1000.000000000000000 ) ;
#4599 = ORIENTED_EDGE ( 'NONE', *, *, #6023, .T. ) ;
#4600 = VERTEX_POINT ( 'NONE', #8815 ) ;
#4602 = EDGE_CURVE ( 'NONE', #6792, #3615, #6794, .T. ) ;
#4601 = VERTEX_POINT ( 'NONE', #3938 ) ;
#4603 = EDGE_CURVE ( 'NONE', #2363, #604, #8539, .T. ) ;
#4604 = AXIS2_PLACEMENT_3D ( 'NONE', #4467, #3870, #5976 ) ;
#4605 = DIRECTION ( 'NONE',  ( 0.000000000000000000, 0.9510565162951523099, 0.3090169943749517811 ) ) ;
#4606 = FACE_OUTER_BOUND ( 'NONE', #3794, .T. ) ;
#4607 = AXIS2_PLACEMENT_3D ( 'NONE', #3103, #2486, #472 ) ;
#4608 = LINE ( 'NONE', #4518, #359 ) ;
#4609 = CYLINDRICAL_SURFACE ( 'NONE', #1410, 16.00000000000000000 ) ;
#4610 = CIRCLE ( 'NONE', #7083, 16.00000000000000000 ) ;
#4611 = EDGE_CURVE ( 'NONE', #6853, #6916, #5192, .T. ) ;
#4612 = AXIS2_PLACEMENT_3D ( 'NONE', #4718, #8859, #4112 ) ;
#4613 = VERTEX_POINT ( 'NONE', #6421 ) ;
#4614 = CIRCLE ( 'NONE', #8974, 16.00000000000000000 ) ;
#4615 = CIRCLE ( 'NONE', #2553, 42.00000000000000000 ) ;
#4616 = EDGE_CURVE ( 'NONE', #1242, #3923, #8682, .T. ) ;
#4617 = CARTESIAN_POINT ( 'NONE',  ( 0.000000000000000000, -6.555932627142682101, 37.01155633439055492 ) ) ;
#4618 = FACE_OUTER_BOUND ( 'NONE', #7385, .T. ) ;
#4619 = CARTESIAN_POINT ( 'NONE',  ( 15.00000000000000178, 16.23288003029497872, 33.80338159004290333 ) ) ;
#4620 = AXIS2_PLACEMENT_3D ( 'NONE', #7494, #6857, #1779 ) ;
#4621 = AXIS2_PLACEMENT_3D ( 'NONE', #983, #3108, #2358 ) ;
#4622 = CARTESIAN_POINT ( 'NONE',  ( 0.000000000000000000, -15.92965478239605304, -15.17386234660398792 ) ) ;
#4623 = DIRECTION ( 'NONE',  ( -1.000000000000000000, -0.000000000000000000, -0.000000000000000000 ) ) ;
#4624 = DIRECTION ( 'NONE',  ( 0.000000000000000000, 0.000000000000000000, 1.000000000000000000 ) ) ;
#4625 = ORIENTED_EDGE ( 'NONE', *, *, #2397, .F. ) ;
#4626 = PRESENTATION_STYLE_ASSIGNMENT (( #4572 ) ) ;
#4627 = CYLINDRICAL_SURFACE ( 'NONE', #2184, 8.000000000000000000 ) ;
#4628 = CARTESIAN_POINT ( 'NONE',  ( -10.00000000000000000, 0.000000000000000000, 0.000000000000000000 ) ) ;
#4629 = EDGE_CURVE ( 'NONE', #4088, #6154, #3721, .T. ) ;
#4630 = DIRECTION ( 'NONE',  ( -1.000000000000000000, -0.000000000000000000, -0.000000000000000000 ) ) ;
#4631 = CIRCLE ( 'NONE', #8133, 15.99999999999999822 ) ;
#4632 = VERTEX_POINT ( 'NONE', #864 ) ;
#4633 = EDGE_CURVE ( 'NONE', #2694, #3847, #211, .T. ) ;
#4634 = VERTEX_POINT ( 'NONE', #2247 ) ;
#4635 = EDGE_LOOP ( 'NONE', ( #1966, #4013, #3818, #7881 ) ) ;
#4636 = EDGE_CURVE ( 'NONE', #6710, #5734, #4610, .T. ) ;
#4637 = ORIENTED_EDGE ( 'NONE', *, *, #4421, .F. ) ;
#4638 = VERTEX_POINT ( 'NONE', #3536 ) ;
#4639 = AXIS2_PLACEMENT_3D ( 'NONE', #6530, #3056, #5847 ) ;
#4640 = CYLINDRICAL_SURFACE ( 'NONE', #8803, 37.49900000000000944 ) ;
#4641 = EDGE_CURVE ( 'NONE', #6574, #1919, #3428, .T. ) ;
#4642 = CARTESIAN_POINT ( 'NONE',  ( 7.500000000000002665, -41.91543099594816368, -2.663952781846581352 ) ) ;
#4643 = EDGE_CURVE ( 'NONE', #8612, #1346, #5059, .T. ) ;
#4644 = CARTESIAN_POINT ( 'NONE',  ( 0.000000000000000000, 0.000000000000000000, 0.000000000000000000 ) ) ;
#4645 = CARTESIAN_POINT ( 'NONE',  ( 0.000000000000000000, -30.84782396557202233, -21.32104025579149464 ) ) ;
#4646 = DIRECTION ( 'NONE',  ( 1.000000000000000000, 0.000000000000000000, 0.000000000000000000 ) ) ;
#4647 = CARTESIAN_POINT ( 'NONE',  ( 0.000000000000000000, -8.931325931664479967, -16.53603053422216007 ) ) ;
#4648 = LINE ( 'NONE', #3395, #8763 ) ;
#4649 = VERTEX_POINT ( 'NONE', #779 ) ;
#4650 = CIRCLE ( 'NONE', #8004, 16.00000000000000000 ) ;
#4651 = ORIENTED_EDGE ( 'NONE', *, *, #219, .F. ) ;
#4652 = ORIENTED_EDGE ( 'NONE', *, *, #1543, .F. ) ;
#4653 = ORIENTED_EDGE ( 'NONE', *, *, #1858, .F. ) ;
#4654 = CIRCLE ( 'NONE', #101, 21.99999999999999289 ) ;
#4655 = DIRECTION ( 'NONE',  ( -1.000000000000000000, 0.000000000000000000, 0.000000000000000000 ) ) ;
#4656 = FACE_OUTER_BOUND ( 'NONE', #5563, .T. ) ;
#4657 = DIRECTION ( 'NONE',  ( 0.000000000000000000, 0.000000000000000000, 1.000000000000000000 ) ) ;
#4658 = DIRECTION ( 'NONE',  ( 0.000000000000000000, -0.1564344650402170744, -0.9876883405951398798 ) ) ;
#4659 = CLOSED_SHELL ( 'NONE', ( #2400, #3758, #6914, #8395, #3669, #8400, #2724, #2438, #7452, #3273, #2446, #2498, #5158, #6676, #4322, #4162, #288, #2908, #706, #2132, #3937, #2370, #6259, #146, #7585, #2269, #6556, #8147, #1802, #6058, #870, #7334, #4300, #1343, #6946, #4310, #1917, #1335, #5097, #4140, #3358, #8301, #5776, #3904, #7153, #144, #3919, #7158, #676, #8065, #4984, #973, #4473, #5626, #3558, #6720, #508, #2720, #4074, #8699, #5062, #2528, #8503, #3197, #2051, #2607, #7874, #5335, #835, #2516, #8882, #3346, #5908, #3279, #4873, #5107, #3823, #1361, #5020, #3255, #3675, #5402, #805, #728, #3959, #2615, #1854, #956, #1453 ) ) ;
#4660 = AXIS2_PLACEMENT_3D ( 'NONE', #1866, #482, #5357 ) ;
#4661 = ORIENTED_EDGE ( 'NONE', *, *, #5837, .F. ) ;
#4662 = VERTEX_POINT ( 'NONE', #6335 ) ;
#4663 = EDGE_LOOP ( 'NONE', ( #8681, #4955, #354, #1482 ) ) ;
#4664 = CARTESIAN_POINT ( 'NONE',  ( 0.000000000000000000, 26.08949754953023614, 27.05870788708242003 ) ) ;
#4665 = ADVANCED_FACE ( 'NONE', ( #1387 ), #6381, .T. ) ;
#4666 = CARTESIAN_POINT ( 'NONE',  ( 0.000000000000000000, -4.460989585140847424, -16.92083251265329835 ) ) ;
#4667 = DIRECTION ( 'NONE',  ( -1.000000000000000000, 0.000000000000000000, -0.000000000000000000 ) ) ;
#4668 = CARTESIAN_POINT ( 'NONE',  ( 15.00000000000000178, 16.92083251265325572, 4.460989585141021507 ) ) ;
#4669 = DIRECTION ( 'NONE',  ( 0.000000000000000000, 0.000000000000000000, 1.000000000000000000 ) ) ;
#4670 = EDGE_CURVE ( 'NONE', #3314, #8444, #5346, .T. ) ;
#4671 = ORIENTED_EDGE ( 'NONE', *, *, #4229, .T. ) ;
#4672 = FACE_OUTER_BOUND ( 'NONE', #8613, .T. ) ;
#4673 = DIRECTION ( 'NONE',  ( 0.000000000000000000, 0.8090169943749446757, 0.5877852522924770229 ) ) ;
#4674 = VECTOR ( 'NONE', #5707, 1000.000000000000000 ) ;
#4675 = CYLINDRICAL_SURFACE ( 'NONE', #1829, 37.49900000000000944 ) ;
#4676 = CIRCLE ( 'NONE', #4964, 16.00000000000000000 ) ;
#4677 = ORIENTED_EDGE ( 'NONE', *, *, #7401, .T. ) ;
#4678 = EDGE_LOOP ( 'NONE', ( #3248, #3066, #5187, #3996 ) ) ;
#4679 = ORIENTED_EDGE ( 'NONE', *, *, #1543, .T. ) ;
#4680 = ORIENTED_EDGE ( 'NONE', *, *, #4361, .T. ) ;
#4681 = VERTEX_POINT ( 'NONE', #7148 ) ;
#4682 = DIRECTION ( 'NONE',  ( 0.000000000000000000, 0.000000000000000000, 1.000000000000000000 ) ) ;
#4683 = CARTESIAN_POINT ( 'NONE',  ( 7.500000000000002665, 40.98264845739749518, 9.188173127307441845 ) ) ;
#4684 = CARTESIAN_POINT ( 'NONE',  ( 0.000000000000000000, 0.000000000000000000, 0.000000000000000000 ) ) ;
#4685 = CARTESIAN_POINT ( 'NONE',  ( 15.00000000000000178, -18.48663108841354230, -3.384281271888015752 ) ) ;
#4686 = DIRECTION ( 'NONE',  ( -1.000000000000000000, 0.000000000000000000, 0.000000000000000000 ) ) ;
#4687 = CARTESIAN_POINT ( 'NONE',  ( 15.00000000000000178, 29.81001611431042519, -22.74946021919100048 ) ) ;
#4688 = DIRECTION ( 'NONE',  ( -1.000000000000000000, -0.000000000000000000, -0.000000000000000000 ) ) ;
#4689 = AXIS2_PLACEMENT_3D ( 'NONE', #6703, #385, #7202 ) ;
#4690 = ORIENTED_EDGE ( 'NONE', *, *, #8925, .F. ) ;
#4691 = ORIENTED_EDGE ( 'NONE', *, *, #6370, .F. ) ;
#4692 = ORIENTED_EDGE ( 'NONE', *, *, #3404, .T. ) ;
#4693 = VECTOR ( 'NONE', #7547, 1000.000000000000000 ) ;
#4694 = ORIENTED_EDGE ( 'NONE', *, *, #4414, .T. ) ;
#4695 = LINE ( 'NONE', #3915, #1219 ) ;
#4696 = LINE ( 'NONE', #7477, #6279 ) ;
#4697 = VECTOR ( 'NONE', #2267, 1000.000000000000000 ) ;
#4698 = EDGE_CURVE ( 'NONE', #2779, #6192, #785, .T. ) ;
#4699 = DIRECTION ( 'NONE',  ( -1.000000000000000000, 0.000000000000000000, 0.000000000000000000 ) ) ;
#4700 = CARTESIAN_POINT ( 'NONE',  ( 15.00000000000000178, -35.38097989696503731, -12.42422080174675436 ) ) ;
#4701 = AXIS2_PLACEMENT_3D ( 'NONE', #8326, #8368, #6910 ) ;
#4702 = ORIENTED_EDGE ( 'NONE', *, *, #3582, .T. ) ;
#4703 = VERTEX_POINT ( 'NONE', #6973 ) ;
#4704 = PRODUCT ( 'spur gear_iso_ISO - Spur gear 2M 20T 20PA 15FW ---S20A75H50L12.0N', 'spur gear_iso_ISO - Spur gear 2M 20T 20PA 15FW ---S20A75H50L12.0N', '', ( #4194 ) ) ;
#4705 = AXIS2_PLACEMENT_3D ( 'NONE', #5008, #694, #4186 ) ;
#4706 = EDGE_LOOP ( 'NONE', ( #8862, #7781, #6885, #465 ) ) ;
#4707 = DIRECTION ( 'NONE',  ( 1.000000000000000000, 0.000000000000000000, 0.000000000000000000 ) ) ;
#4708 = EDGE_CURVE ( 'NONE', #436, #8776, #6213, .T. ) ;
#4709 =( NAMED_UNIT ( * ) SI_UNIT ( $, .STERADIAN. ) SOLID_ANGLE_UNIT ( ) );
#4710 = CARTESIAN_POINT ( 'NONE',  ( 0.000000000000000000, -13.55483219355735791, 11.06713717293234645 ) ) ;
#4711 = EDGE_CURVE ( 'NONE', #662, #804, #355, .T. ) ;
#4712 = CARTESIAN_POINT ( 'NONE',  ( 7.500000000000002665, 32.34446384430010824, -26.79245525562678765 ) ) ;
#4713 = LINE ( 'NONE', #6812, #7253 ) ;
#4714 = ADVANCED_FACE ( 'NONE', ( #8428 ), #7785, .T. ) ;
#4715 = ORIENTED_EDGE ( 'NONE', *, *, #1936, .T. ) ;
#4716 = DIRECTION ( 'NONE',  ( -1.000000000000000000, 0.000000000000000000, -0.000000000000000000 ) ) ;
#4717 = EDGE_CURVE ( 'NONE', #5186, #4353, #6650, .T. ) ;
#4718 = CARTESIAN_POINT ( 'NONE',  ( 15.00000000000000178, 0.000000000000000000, 0.000000000000000000 ) ) ;
#4719 = CARTESIAN_POINT ( 'NONE',  ( 15.00000000000000178, -4.460989585140847424, -16.92083251265329835 ) ) ;
#4720 = ORIENTED_EDGE ( 'NONE', *, *, #7676, .T. ) ;
#4721 = VERTEX_POINT ( 'NONE', #824 ) ;
#4722 = ORIENTED_EDGE ( 'NONE', *, *, #6443, .T. ) ;
#4723 = EDGE_CURVE ( 'NONE', #6543, #7641, #6499, .T. ) ;
#4724 = FACE_OUTER_BOUND ( 'NONE', #1540, .T. ) ;
#4725 = LINE ( 'NONE', #8954, #2647 ) ;
#4726 = CARTESIAN_POINT ( 'NONE',  ( 0.000000000000000000, 12.26510123303260080, 35.53030884539089129 ) ) ;
#4727 = DIRECTION ( 'NONE',  ( 0.000000000000000000, 0.000000000000000000, 1.000000000000000000 ) ) ;
#4728 = FACE_OUTER_BOUND ( 'NONE', #7782, .T. ) ;
#4729 = DIRECTION ( 'NONE',  ( -1.000000000000000000, 0.000000000000000000, 0.000000000000000000 ) ) ;
#4730 = DIRECTION ( 'NONE',  ( 1.000000000000000000, -0.000000000000000000, -0.000000000000000000 ) ) ;
#4731 = AXIS2_PLACEMENT_3D ( 'NONE', #4959, #5690, #8466 ) ;
#4732 = ORIENTED_EDGE ( 'NONE', *, *, #9027, .F. ) ;
#4733 = ORIENTED_EDGE ( 'NONE', *, *, #4603, .F. ) ;
#4734 = ORIENTED_EDGE ( 'NONE', *, *, #4616, .F. ) ;
#4736 = VERTEX_POINT ( 'NONE', #4277 ) ;
#4735 = CIRCLE ( 'NONE', #1805, 37.49900000000001654 ) ;
#4737 = VECTOR ( 'NONE', #1768, 1000.000000000000000 ) ;
#4738 = DIRECTION ( 'NONE',  ( -1.000000000000000000, 0.000000000000000000, 0.000000000000000000 ) ) ;
#4739 = CARTESIAN_POINT ( 'NONE',  ( 15.00000000000000178, 0.000000000000000000, 0.000000000000000000 ) ) ;
#4740 = CIRCLE ( 'NONE', #2533, 16.00000000000000000 ) ;
#4741 = DIRECTION ( 'NONE',  ( 0.000000000000000000, 0.000000000000000000, 1.000000000000000000 ) ) ;
#4742 = DIRECTION ( 'NONE',  ( -1.000000000000000000, 0.000000000000000000, 0.000000000000000000 ) ) ;
#4743 = AXIS2_PLACEMENT_3D ( 'NONE', #9041, #1417, #5633 ) ;
#4744 = VERTEX_POINT ( 'NONE', #3622 ) ;
#4745 = CIRCLE ( 'NONE', #778, 16.00000000000000000 ) ;
#4746 = AXIS2_PLACEMENT_3D ( 'NONE', #970, #3777, #333 ) ;
#4747 = ORIENTED_EDGE ( 'NONE', *, *, #3695, .T. ) ;
#4748 = ADVANCED_FACE ( 'NONE', ( #1657 ), #4458, .T. ) ;
#4749 = VERTEX_POINT ( 'NONE', #141 ) ;
#4750 = LINE ( 'NONE', #5523, #7091 ) ;
#4751 = CARTESIAN_POINT ( 'NONE',  ( 0.000000000000000000, -4.992566952385256052, 37.16516213103275845 ) ) ;
#4752 = EDGE_CURVE ( 'NONE', #5823, #4251, #7886, .T. ) ;
#4753 = VECTOR ( 'NONE', #1566, 1000.000000000000000 ) ;
#4754 = FACE_OUTER_BOUND ( 'NONE', #2142, .T. ) ;
#4755 = DIRECTION ( 'NONE',  ( -1.000000000000000000, 0.000000000000000000, 0.000000000000000000 ) ) ;
#4756 = CIRCLE ( 'NONE', #786, 16.00000000000000000 ) ;
#4757 = CIRCLE ( 'NONE', #7963, 8.000000000000001776 ) ;
#4758 = VECTOR ( 'NONE', #2715, 1000.000000000000000 ) ;
#4759 = ORIENTED_EDGE ( 'NONE', *, *, #1328, .T. ) ;
#4760 = AXIS2_PLACEMENT_3D ( 'NONE', #5067, #6388, #8347 ) ;
#4761 = DIRECTION ( 'NONE',  ( -1.000000000000000000, -0.000000000000000000, -0.000000000000000000 ) ) ;
#4762 = CARTESIAN_POINT ( 'NONE',  ( 15.00000000000000178, 13.55483219355728863, 11.06713717293244414 ) ) ;
#4763 = LINE ( 'NONE', #6681, #2263 ) ;
#4764 = ORIENTED_EDGE ( 'NONE', *, *, #5726, .F. ) ;
#4765 = EDGE_LOOP ( 'NONE', ( #2932, #7292, #3955, #730 ) ) ;
#4766 = ORIENTED_EDGE ( 'NONE', *, *, #2466, .T. ) ;
#4767 = CARTESIAN_POINT ( 'NONE',  ( 15.00000000000000178, 18.62763138773850713, 10.49404041845541968 ) ) ;
#4768 = DIRECTION ( 'NONE',  ( -1.000000000000000000, 0.000000000000000000, 0.000000000000000000 ) ) ;
#4769 = CARTESIAN_POINT ( 'NONE',  ( 15.00000000000000178, -6.336799421339698313, -16.31134495048489086 ) ) ;
#4770 = EDGE_CURVE ( 'NONE', #1325, #2467, #5772, .T. ) ;
#4771 = AXIS2_PLACEMENT_3D ( 'NONE', #1211, #4149, #7488 ) ;
#4772 = CARTESIAN_POINT ( 'NONE',  ( 15.00000000000000178, 35.38097989696513679, 12.42422080174650389 ) ) ;
#4773 = CYLINDRICAL_SURFACE ( 'NONE', #1213, 37.49900000000000944 ) ;
#4774 = DIRECTION ( 'NONE',  ( 0.000000000000000000, -0.4539904997395352582, -0.8910065241883737830 ) ) ;
#4775 = DIRECTION ( 'NONE',  ( -1.000000000000000000, 0.000000000000000000, 0.000000000000000000 ) ) ;
#4776 = ORIENTED_EDGE ( 'NONE', *, *, #978, .F. ) ;
#4777 = EDGE_CURVE ( 'NONE', #8425, #2670, #4550, .T. ) ;
#4778 = ORIENTED_EDGE ( 'NONE', *, *, #6256, .T. ) ;
#4779 = VERTEX_POINT ( 'NONE', #907 ) ;
#4780 = ORIENTED_EDGE ( 'NONE', *, *, #474, .F. ) ;
#4781 = AXIS2_PLACEMENT_3D ( 'NONE', #8035, #1621, #3733 ) ;
#4782 = ORIENTED_EDGE ( 'NONE', *, *, #5978, .T. ) ;
#4783 = CARTESIAN_POINT ( 'NONE',  ( -10.00000000000000000, 0.000000000000000000, 0.000000000000000000 ) ) ;
#4784 = CARTESIAN_POINT ( 'NONE',  ( 15.00000000000000178, 0.8828120875905738352, -37.48860685352291000 ) ) ;
#4785 = VECTOR ( 'NONE', #3320, 1000.000000000000000 ) ;
#4786 = CARTESIAN_POINT ( 'NONE',  ( 15.00000000000000178, 0.000000000000000000, 0.000000000000000000 ) ) ;
#4787 = DIRECTION ( 'NONE',  ( 0.000000000000000000, 0.000000000000000000, 1.000000000000000000 ) ) ;
#4788 = AXIS2_PLACEMENT_3D ( 'NONE', #6022, #7479, #8793 ) ;
#4789 = ORIENTED_EDGE ( 'NONE', *, *, #3874, .F. ) ;
#4790 = VECTOR ( 'NONE', #1019, 1000.000000000000000 ) ;
#4791 = ORIENTED_EDGE ( 'NONE', *, *, #5100, .T. ) ;
#4792 = EDGE_CURVE ( 'NONE', #6190, #1944, #7218, .T. ) ;
#4793 = ORIENTED_EDGE ( 'NONE', *, *, #6481, .T. ) ;
#4794 = DIRECTION ( 'NONE',  ( -1.000000000000000000, -0.000000000000000000, -0.000000000000000000 ) ) ;
#4795 = CARTESIAN_POINT ( 'NONE',  ( 0.000000000000000000, 41.81611651403867569, -3.925862922255721976 ) ) ;
#4796 = DIRECTION ( 'NONE',  ( -1.000000000000000000, 0.000000000000000000, 0.000000000000000000 ) ) ;
#4797 = DIRECTION ( 'NONE',  ( -1.000000000000000000, -0.000000000000000000, 0.000000000000000000 ) ) ;
#4798 = EDGE_CURVE ( 'NONE', #7131, #45, #2112, .T. ) ;
#4799 = AXIS2_PLACEMENT_3D ( 'NONE', #5442, #19, #7663 ) ;
#4800 = CARTESIAN_POINT ( 'NONE',  ( 7.500000000000002665, 40.98264845739763018, -9.188173127306853871 ) ) ;
#4801 = EDGE_LOOP ( 'NONE', ( #6164, #368, #8580, #8795 ) ) ;
#4802 = CARTESIAN_POINT ( 'NONE',  ( 0.000000000000000000, 32.34446384430010824, -26.79245525562679120 ) ) ;
#4803 = FACE_OUTER_BOUND ( 'NONE', #3046, .T. ) ;
#4804 = CARTESIAN_POINT ( 'NONE',  ( 15.00000000000000178, 16.53603053422206770, -8.931325931664654050 ) ) ;
#4805 = ORIENTED_EDGE ( 'NONE', *, *, #8785, .F. ) ;
#4806 = ORIENTED_EDGE ( 'NONE', *, *, #1450, .T. ) ;
#4807 = CIRCLE ( 'NONE', #7576, 16.00000000000000355 ) ;
#4808 = DIRECTION ( 'NONE',  ( -1.000000000000000000, -0.000000000000000000, 0.000000000000000000 ) ) ;
#4809 = CARTESIAN_POINT ( 'NONE',  ( 0.000000000000000000, 0.000000000000000000, 0.000000000000000000 ) ) ;
#4810 = LINE ( 'NONE', #3521, #4001 ) ;
#4811 = FACE_OUTER_BOUND ( 'NONE', #5766, .T. ) ;
#4812 = CYLINDRICAL_SURFACE ( 'NONE', #8891, 8.000000000000000000 ) ;
#4813 = CYLINDRICAL_SURFACE ( 'NONE', #7207, 8.000000000000001776 ) ;
#4814 = EDGE_CURVE ( 'NONE', #3830, #7670, #5751, .T. ) ;
#4815 = CARTESIAN_POINT ( 'NONE',  ( 7.500000000000002665, 3.925862922256778464, -41.81611651403857621 ) ) ;
#4816 = CARTESIAN_POINT ( 'NONE',  ( 0.000000000000000000, 0.000000000000000000, 0.000000000000000000 ) ) ;
#4817 = AXIS2_PLACEMENT_3D ( 'NONE', #8082, #6809, #7486 ) ;
#4818 = ORIENTED_EDGE ( 'NONE', *, *, #1727, .F. ) ;
#4819 = EDGE_LOOP ( 'NONE', ( #8329, #492, #1096, #2572 ) ) ;
#4820 = ORIENTED_EDGE ( 'NONE', *, *, #4792, .F. ) ;
#4821 = ORIENTED_EDGE ( 'NONE', *, *, #8718, .T. ) ;
#4822 = ADVANCED_FACE ( 'NONE', ( #184 ), #1607, .T. ) ;
#4823 = VERTEX_POINT ( 'NONE', #8650 ) ;
#4824 = CYLINDRICAL_SURFACE ( 'NONE', #8656, 37.49900000000000944 ) ;
#4825 = DIRECTION ( 'NONE',  ( 0.000000000000000000, 0.000000000000000000, 1.000000000000000000 ) ) ;
#4826 = EDGE_CURVE ( 'NONE', #6753, #8951, #6076, .T. ) ;
#4827 = AXIS2_PLACEMENT_3D ( 'NONE', #4921, #7019, #863 ) ;
#4828 = CARTESIAN_POINT ( 'NONE',  ( 7.500000000000002665, 15.17386234660381206, 15.92965478239621469 ) ) ;
#4829 = AXIS2_PLACEMENT_3D ( 'NONE', #1104, #6010, #4549 ) ;
#4830 = CYLINDRICAL_SURFACE ( 'NONE', #5625, 37.49900000000000944 ) ;
#4831 = DIRECTION ( 'NONE',  ( -1.000000000000000000, 0.000000000000000000, -0.000000000000000000 ) ) ;
#4832 = AXIS2_PLACEMENT_3D ( 'NONE', #3654, #6319, #1458 ) ;
#4833 = EDGE_LOOP ( 'NONE', ( #4452, #3775, #3773, #5311 ) ) ;
#4834 = CIRCLE ( 'NONE', #6003, 42.00000000000000000 ) ;
#4835 = ORIENTED_EDGE ( 'NONE', *, *, #8122, .F. ) ;
#4836 = CARTESIAN_POINT ( 'NONE',  ( 15.00000000000000178, 0.000000000000000000, 17.49900000000000233 ) ) ;
#4837 = AXIS2_PLACEMENT_3D ( 'NONE', #2657, #4775, #8111 ) ;
#4838 = DIRECTION ( 'NONE',  ( -1.000000000000000000, -0.000000000000000000, -0.000000000000000000 ) ) ;
#4839 = CARTESIAN_POINT ( 'NONE',  ( 15.00000000000000178, -0.8828120875897931263, -37.48860685352292421 ) ) ;
#4840 = CARTESIAN_POINT ( 'NONE',  ( 0.000000000000000000, 22.74946021919175365, -29.81001611430984966 ) ) ;
#4841 = VERTEX_POINT ( 'NONE', #4412 ) ;
#4842 = AXIS2_PLACEMENT_3D ( 'NONE', #6634, #362, #5230 ) ;
#4843 = VERTEX_POINT ( 'NONE', #1747 ) ;
#4844 = CARTESIAN_POINT ( 'NONE',  ( 7.500000000000002665, -40.98264845739755913, 9.188173127307150523 ) ) ;
#4845 = DIRECTION ( 'NONE',  ( -1.000000000000000000, 0.000000000000000000, 0.000000000000000000 ) ) ;
#4846 = LINE ( 'NONE', #6897, #6084 ) ;
#4847 = CARTESIAN_POINT ( 'NONE',  ( 15.00000000000000178, 18.62763138773854266, -2.494040418455146568 ) ) ;
#4848 = EDGE_CURVE ( 'NONE', #1921, #3079, #5786, .T. ) ;
#4849 = EDGE_LOOP ( 'NONE', ( #5211, #4582, #3968, #6510 ) ) ;
#4850 = ORIENTED_EDGE ( 'NONE', *, *, #4245, .F. ) ;
#4851 = ORIENTED_EDGE ( 'NONE', *, *, #8781, .T. ) ;
#4852 = CARTESIAN_POINT ( 'NONE',  ( 0.000000000000000000, -3.925862922256474707, 41.81611651403860463 ) ) ;
#4853 = CARTESIAN_POINT ( 'NONE',  ( 15.00000000000000178, 0.000000000000000000, 0.000000000000000000 ) ) ;
#4854 = FACE_OUTER_BOUND ( 'NONE', #8969, .T. ) ;
#4855 = CARTESIAN_POINT ( 'NONE',  ( 0.000000000000000000, 12.42422080174638133, 35.38097989696516521 ) ) ;
#4856 = EDGE_CURVE ( 'NONE', #5539, #7568, #1800, .T. ) ;
#4857 = DIRECTION ( 'NONE',  ( -1.000000000000000000, 0.000000000000000000, 0.000000000000000000 ) ) ;
#4858 = DIRECTION ( 'NONE',  ( 0.000000000000000000, 0.000000000000000000, -1.000000000000000000 ) ) ;
#4859 = ORIENTED_EDGE ( 'NONE', *, *, #6598, .F. ) ;
#4860 = ORIENTED_EDGE ( 'NONE', *, *, #118, .T. ) ;
#4861 = ORIENTED_EDGE ( 'NONE', *, *, #1035, .F. ) ;
#4862 = ORIENTED_EDGE ( 'NONE', *, *, #2404, .F. ) ;
#4863 = ORIENTED_EDGE ( 'NONE', *, *, #1775, .T. ) ;
#4864 = EDGE_CURVE ( 'NONE', #6745, #277, #6913, .T. ) ;
#4865 = LINE ( 'NONE', #6247, #7063 ) ;
#4866 = UNCERTAINTY_MEASURE_WITH_UNIT (LENGTH_MEASURE( 1.000000000000000082E-05 ), #7404, 'distance_accuracy_value', 'NONE');
#4867 = CARTESIAN_POINT ( 'NONE',  ( 15.00000000000000178, 37.22597642581158084, -5.202137450156516962 ) ) ;
#4868 = DIRECTION ( 'NONE',  ( -1.000000000000000000, -0.000000000000000000, -0.000000000000000000 ) ) ;
#4869 = CIRCLE ( 'NONE', #7935, 42.00000000000000000 ) ;
#4870 = CARTESIAN_POINT ( 'NONE',  ( 15.00000000000000178, 16.94522934049210505, 8.128228055638912153 ) ) ;
#4871 = EDGE_CURVE ( 'NONE', #6466, #4779, #5176, .T. ) ;
#4872 = DIRECTION ( 'NONE',  ( -1.000000000000000000, 0.000000000000000000, 0.000000000000000000 ) ) ;
#4873 = ADVANCED_FACE ( 'NONE', ( #7841 ), #6603, .T. ) ;
#4874 = ADVANCED_FACE ( 'NONE', ( #8701 ), #2430, .T. ) ;
#4875 = ORIENTED_EDGE ( 'NONE', *, *, #3840, .T. ) ;
#4876 = AXIS2_PLACEMENT_3D ( 'NONE', #6051, #2563, #5373 ) ;
#4877 = ORIENTED_EDGE ( 'NONE', *, *, #4073, .F. ) ;
#4878 = CARTESIAN_POINT ( 'NONE',  ( 15.00000000000000178, -22.74946021919153338, 29.81001611431001663 ) ) ;
#4879 = CARTESIAN_POINT ( 'NONE',  ( 0.000000000000000000, 35.47612816024556537, -22.48208911017462341 ) ) ;
#4880 = CYLINDRICAL_SURFACE ( 'NONE', #559, 42.00000000000000000 ) ;
#4881 = CARTESIAN_POINT ( 'NONE',  ( 0.000000000000000000, 37.16516213103277977, 4.992566952385124601 ) ) ;
#4882 = EDGE_CURVE ( 'NONE', #1776, #7527, #7795, .T. ) ;
#4883 = DIRECTION ( 'NONE',  ( 0.000000000000000000, 0.5877852522924685852, 0.8090169943749508930 ) ) ;
#4884 = EDGE_CURVE ( 'NONE', #3291, #3035, #6047, .T. ) ;
#4885 = VECTOR ( 'NONE', #7616, 1000.000000000000000 ) ;
#4886 = CIRCLE ( 'NONE', #2246, 37.49900000000000944 ) ;
#4887 = AXIS2_PLACEMENT_3D ( 'NONE', #8336, #2157, #8511 ) ;
#4888 = ORIENTED_EDGE ( 'NONE', *, *, #5970, .T. ) ;
#4889 = EDGE_CURVE ( 'NONE', #5823, #122, #195, .T. ) ;
#4890 = VECTOR ( 'NONE', #8416, 1000.000000000000000 ) ;
#4891 = ORIENTED_EDGE ( 'NONE', *, *, #6789, .F. ) ;
#4892 = DIRECTION ( 'NONE',  ( -1.000000000000000000, -0.000000000000000000, 0.000000000000000000 ) ) ;
#4893 = FACE_OUTER_BOUND ( 'NONE', #2375, .T. ) ;
#4894 = AXIS2_PLACEMENT_3D ( 'NONE', #4371, #5597, #4185 ) ;
#4895 = CIRCLE ( 'NONE', #925, 37.49900000000002365 ) ;
#4896 = CARTESIAN_POINT ( 'NONE',  ( 0.000000000000000000, 37.22597642581149557, 5.202137450157030329 ) ) ;
#4897 = DIRECTION ( 'NONE',  ( -1.000000000000000000, 0.000000000000000000, 0.000000000000000000 ) ) ;
#4898 = EDGE_CURVE ( 'NONE', #873, #1321, #1659, .T. ) ;
#4899 = VECTOR ( 'NONE', #227, 1000.000000000000000 ) ;
#4900 = VERTEX_POINT ( 'NONE', #8830 ) ;
#4901 = ORIENTED_EDGE ( 'NONE', *, *, #6138, .T. ) ;
#4902 = VECTOR ( 'NONE', #5968, 1000.000000000000000 ) ;
#4903 = CIRCLE ( 'NONE', #1086, 8.000000000000000000 ) ;
#4904 = DIRECTION ( 'NONE',  ( -1.000000000000000000, 0.000000000000000000, 0.000000000000000000 ) ) ;
#4905 = CARTESIAN_POINT ( 'NONE',  ( 15.00000000000000178, -27.75498641678721157, -31.52238457039628727 ) ) ;
#4906 = EDGE_CURVE ( 'NONE', #6354, #6396, #6485, .T. ) ;
#4907 = DIRECTION ( 'NONE',  ( 0.000000000000000000, 0.000000000000000000, 1.000000000000000000 ) ) ;
#4908 = CYLINDRICAL_SURFACE ( 'NONE', #3419, 8.000000000000000000 ) ;
#4909 = AXIS2_PLACEMENT_3D ( 'NONE', #2646, #490, #1087 ) ;
#4910 = CARTESIAN_POINT ( 'NONE',  ( -10.00000000000000000, 0.000000000000000000, 0.000000000000000000 ) ) ;
#4911 = EDGE_CURVE ( 'NONE', #8920, #2694, #3213, .T. ) ;
#4912 = CARTESIAN_POINT ( 'NONE',  ( 0.000000000000000000, -3.925862922255864085, -41.81611651403866148 ) ) ;
#4913 = ORIENTED_EDGE ( 'NONE', *, *, #4427, .T. ) ;
#4914 = ORIENTED_EDGE ( 'NONE', *, *, #8144, .F. ) ;
#4915 = ORIENTED_EDGE ( 'NONE', *, *, #2416, .T. ) ;
#4916 = ORIENTED_EDGE ( 'NONE', *, *, #6509, .F. ) ;
#4917 = ORIENTED_EDGE ( 'NONE', *, *, #3633, .T. ) ;
#4918 = EDGE_CURVE ( 'NONE', #4024, #4601, #2655, .T. ) ;
#4919 = AXIS2_PLACEMENT_3D ( 'NONE', #2898, #7650, #2250 ) ;
#4920 = DIRECTION ( 'NONE',  ( -1.000000000000000000, -0.000000000000000000, -0.000000000000000000 ) ) ;
#4921 = CARTESIAN_POINT ( 'NONE',  ( 15.00000000000000178, 0.000000000000000000, 0.000000000000000000 ) ) ;
#4922 = DIRECTION ( 'NONE',  ( -1.000000000000000000, 0.000000000000000000, 0.000000000000000000 ) ) ;
#4923 = DIRECTION ( 'NONE',  ( -1.000000000000000000, -0.000000000000000000, -0.000000000000000000 ) ) ;
#4924 = FACE_OUTER_BOUND ( 'NONE', #4177, .T. ) ;
#4925 = CARTESIAN_POINT ( 'NONE',  ( 15.00000000000000178, -4.992566952385256940, 37.16516213103276556 ) ) ;
#4926 = CIRCLE ( 'NONE', #8707, 37.49900000000000944 ) ;
#4927 = ORIENTED_EDGE ( 'NONE', *, *, #1962, .F. ) ;
#4928 = DIRECTION ( 'NONE',  ( -1.000000000000000000, -0.000000000000000000, 0.000000000000000000 ) ) ;
#4929 = CIRCLE ( 'NONE', #3170, 16.00000000000000000 ) ;
#4930 = APPLICATION_PROTOCOL_DEFINITION ( 'draft international standard', 'automotive_design', 1998, #244 ) ;
#4931 = CARTESIAN_POINT ( 'NONE',  ( 15.00000000000000178, 0.000000000000000000, 0.000000000000000000 ) ) ;
#4932 = DIRECTION ( 'NONE',  ( 1.000000000000000000, -0.000000000000000000, 0.000000000000000000 ) ) ;
#4933 = CARTESIAN_POINT ( 'NONE',  ( 15.00000000000000178, -33.00180498840060750, 17.80606268964527672 ) ) ;
#4934 = EDGE_LOOP ( 'NONE', ( #8980, #7001, #7829, #7380 ) ) ;
#4935 = CIRCLE ( 'NONE', #8861, 42.00000000000000000 ) ;
#4936 = ORIENTED_EDGE ( 'NONE', *, *, #1625, .F. ) ;
#4937 = EDGE_CURVE ( 'NONE', #1696, #4291, #1807, .T. ) ;
#4938 = DIRECTION ( 'NONE',  ( -1.000000000000000000, -0.000000000000000000, -0.000000000000000000 ) ) ;
#4939 = CARTESIAN_POINT ( 'NONE',  ( 0.000000000000000000, -33.80338159004273280, -16.23288003029534465 ) ) ;
#4940 = CIRCLE ( 'NONE', #6399, 8.000000000000001776 ) ;
#4941 = DIRECTION ( 'NONE',  ( -1.000000000000000000, 0.000000000000000000, -0.000000000000000000 ) ) ;
#4942 = CARTESIAN_POINT ( 'NONE',  ( 0.000000000000000000, -37.58145647212453611, -0.6853352020794525323 ) ) ;
#4943 = AXIS2_PLACEMENT_3D ( 'NONE', #7300, #344, #5939 ) ;
#4944 = EDGE_LOOP ( 'NONE', ( #8476, #1152, #1737, #1279 ) ) ;
#4945 = ORIENTED_EDGE ( 'NONE', *, *, #1447, .T. ) ;
#4946 = CARTESIAN_POINT ( 'NONE',  ( 0.000000000000000000, 40.68715046381927891, 10.41901085202093569 ) ) ;
#4947 = CARTESIAN_POINT ( 'NONE',  ( 0.000000000000000000, 2.912696353505813462, 21.80633394113447920 ) ) ;
#4948 = LINE ( 'NONE', #6280, #193 ) ;
#4949 = CYLINDRICAL_SURFACE ( 'NONE', #4301, 6.000000000000000888 ) ;
#4950 = FACE_OUTER_BOUND ( 'NONE', #6746, .T. ) ;
#4951 = DIRECTION ( 'NONE',  ( -1.000000000000000000, 0.000000000000000000, 0.000000000000000000 ) ) ;
#4952 = VERTEX_POINT ( 'NONE', #6011 ) ;
#4953 = CARTESIAN_POINT ( 'NONE',  ( 0.000000000000000000, 36.88895765772643642, -6.736453364083154760 ) ) ;
#4954 = ORIENTED_EDGE ( 'NONE', *, *, #6407, .F. ) ;
#4955 = ORIENTED_EDGE ( 'NONE', *, *, #1004, .F. ) ;
#4956 = ORIENTED_EDGE ( 'NONE', *, *, #308, .F. ) ;
#4957 = ORIENTED_EDGE ( 'NONE', *, *, #2046, .F. ) ;
#4958 = EDGE_CURVE ( 'NONE', #8129, #7472, #2090, .T. ) ;
#4959 = CARTESIAN_POINT ( 'NONE',  ( 15.00000000000000178, 21.53537804866080663, 30.80686688397018358 ) ) ;
#4960 = FACE_OUTER_BOUND ( 'NONE', #8229, .T. ) ;
#4961 = AXIS2_PLACEMENT_3D ( 'NONE', #6984, #4973, #6263 ) ;
#4962 = DIRECTION ( 'NONE',  ( -1.000000000000000000, -0.000000000000000000, 0.000000000000000000 ) ) ;
#4963 = DIRECTION ( 'NONE',  ( 0.000000000000000000, -0.3090169943749349057, -0.9510565162951577500 ) ) ;
#4964 = AXIS2_PLACEMENT_3D ( 'NONE', #4617, #3831, #2492 ) ;
#4965 = DIRECTION ( 'NONE',  ( -1.000000000000000000, 0.000000000000000000, 0.000000000000000000 ) ) ;
#4966 = DIRECTION ( 'NONE',  ( 0.000000000000000000, -0.9510565162951500895, -0.3090169943749582759 ) ) ;
#4967 = ORIENTED_EDGE ( 'NONE', *, *, #5665, .T. ) ;
#4968 = ORIENTED_EDGE ( 'NONE', *, *, #170, .T. ) ;
#4969 = ORIENTED_EDGE ( 'NONE', *, *, #2800, .T. ) ;
#4970 = CARTESIAN_POINT ( 'NONE',  ( 0.000000000000000000, -18.48663108841354230, -3.384281271888015752 ) ) ;
#4971 = AXIS2_PLACEMENT_3D ( 'NONE', #1017, #7937, #2483 ) ;
#4972 = EDGE_CURVE ( 'NONE', #3034, #4009, #8666, .T. ) ;
#4973 = DIRECTION ( 'NONE',  ( 1.000000000000000000, 0.000000000000000000, 0.000000000000000000 ) ) ;
#4974 = DIRECTION ( 'NONE',  ( 0.000000000000000000, 0.000000000000000000, 1.000000000000000000 ) ) ;
#4975 = CARTESIAN_POINT ( 'NONE',  ( 0.000000000000000000, 0.000000000000000000, 0.000000000000000000 ) ) ;
#4976 = AXIS2_PLACEMENT_3D ( 'NONE', #1688, #5362, #358 ) ;
#4977 = CIRCLE ( 'NONE', #4541, 16.00000000000000000 ) ;
#4978 = ORIENTED_EDGE ( 'NONE', *, *, #6121, .F. ) ;
#4979 = ORIENTED_EDGE ( 'NONE', *, *, #2314, .T. ) ;
#4980 = VECTOR ( 'NONE', #5548, 1000.000000000000000 ) ;
#4981 = DIRECTION ( 'NONE',  ( -1.000000000000000000, 0.000000000000000000, 0.000000000000000000 ) ) ;
#4982 = EDGE_CURVE ( 'NONE', #4703, #6175, #4740, .T. ) ;
#4983 = DIRECTION ( 'NONE',  ( -1.000000000000000000, 0.000000000000000000, 0.000000000000000000 ) ) ;
#4984 = ADVANCED_FACE ( 'NONE', ( #2515 ), #3350, .T. ) ;
#4985 = DIRECTION ( 'NONE',  ( -1.000000000000000000, 0.000000000000000000, -0.000000000000000000 ) ) ;
#4986 = AXIS2_PLACEMENT_3D ( 'NONE', #3381, #4892, #7081 ) ;
#4987 = DIRECTION ( 'NONE',  ( -1.000000000000000000, -0.000000000000000000, 0.000000000000000000 ) ) ;
#4988 = CARTESIAN_POINT ( 'NONE',  ( 15.00000000000000178, -9.471478019455027209, -14.71414642875964773 ) ) ;
#4989 = EDGE_CURVE ( 'NONE', #3247, #5368, #6773, .T. ) ;
#4990 = ADVANCED_FACE ( 'NONE', ( #7508 ), #1237, .T. ) ;
#4991 = ORIENTED_EDGE ( 'NONE', *, *, #8593, .F. ) ;
#4992 = ORIENTED_EDGE ( 'NONE', *, *, #579, .F. ) ;
#4993 = CARTESIAN_POINT ( 'NONE',  ( 0.000000000000000000, 21.80633394113447210, 2.912696353505892510 ) ) ;
#4994 = DIRECTION ( 'NONE',  ( -1.000000000000000000, 0.000000000000000000, 0.000000000000000000 ) ) ;
#4995 = CIRCLE ( 'NONE', #7323, 42.00000000000000000 ) ;
#4996 = CARTESIAN_POINT ( 'NONE',  ( 0.000000000000000000, -21.63912866391139644, 3.968388925834726244 ) ) ;
#4997 = DIRECTION ( 'NONE',  ( -1.000000000000000000, -0.000000000000000000, -0.000000000000000000 ) ) ;
#4998 = CARTESIAN_POINT ( 'NONE',  ( 0.000000000000000000, -37.16516213103280819, 4.992566952384871470 ) ) ;
#4999 = VERTEX_POINT ( 'NONE', #2617 ) ;
#5000 = ORIENTED_EDGE ( 'NONE', *, *, #6811, .F. ) ;
#5001 = ADVANCED_FACE ( 'NONE', ( #7465 ), #4773, .T. ) ;
#5002 = ORIENTED_EDGE ( 'NONE', *, *, #3010, .T. ) ;
#5003 = ORIENTED_EDGE ( 'NONE', *, *, #607, .T. ) ;
#5004 = EDGE_LOOP ( 'NONE', ( #1969, #2710, #2387, #498 ) ) ;
#5005 = DIRECTION ( 'NONE',  ( 1.000000000000000000, 0.000000000000000000, 0.000000000000000000 ) ) ;
#5006 = DIRECTION ( 'NONE',  ( -1.000000000000000000, 0.000000000000000000, 0.000000000000000000 ) ) ;
#5007 = DIRECTION ( 'NONE',  ( 0.000000000000000000, 0.000000000000000000, 1.000000000000000000 ) ) ;
#5008 = CARTESIAN_POINT ( 'NONE',  ( -10.00000000000000000, 0.000000000000000000, 0.000000000000000000 ) ) ;
#5009 = CARTESIAN_POINT ( 'NONE',  ( 0.000000000000000000, -26.79245525562737029, 32.34446384429961796 ) ) ;
#5010 = LINE ( 'NONE', #4925, #7700 ) ;
#5011 = AXIS2_PLACEMENT_3D ( 'NONE', #3513, #27, #2821 ) ;
#5012 = ORIENTED_EDGE ( 'NONE', *, *, #3637, .T. ) ;
#5013 = ORIENTED_EDGE ( 'NONE', *, *, #4578, .T. ) ;
#5014 = DIRECTION ( 'NONE',  ( -1.000000000000000000, 0.000000000000000000, 0.000000000000000000 ) ) ;
#5015 = LINE ( 'NONE', #5794, #2168 ) ;
#5016 = FACE_OUTER_BOUND ( 'NONE', #8375, .T. ) ;
#5017 = FACE_OUTER_BOUND ( 'NONE', #7093, .T. ) ;
#5018 = ADVANCED_FACE ( 'NONE', ( #3992 ), #6783, .T. ) ;
#5019 = ORIENTED_EDGE ( 'NONE', *, *, #4241, .F. ) ;
#5020 = ADVANCED_FACE ( 'NONE', ( #3310 ), #6106, .T. ) ;
#5021 = ORIENTED_EDGE ( 'NONE', *, *, #8764, .F. ) ;
#5022 = CARTESIAN_POINT ( 'NONE',  ( 15.00000000000000178, 40.68715046381943523, -10.41901085202037081 ) ) ;
#5023 = AXIS2_PLACEMENT_3D ( 'NONE', #777, #6380, #92 ) ;
#5024 = DIRECTION ( 'NONE',  ( 1.000000000000000000, 0.000000000000000000, 0.000000000000000000 ) ) ;
#5025 = EDGE_CURVE ( 'NONE', #8837, #2344, #7639, .T. ) ;
#5026 = EDGE_CURVE ( 'NONE', #7279, #3303, #3133, .T. ) ;
#5027 = CIRCLE ( 'NONE', #2524, 16.00000000000000000 ) ;
#5028 = CARTESIAN_POINT ( 'NONE',  ( 15.00000000000000178, -26.79245525562690133, -32.34446384430000876 ) ) ;
#5029 = AXIS2_PLACEMENT_3D ( 'NONE', #6695, #8737, #419 ) ;
#5030 = DIRECTION ( 'NONE',  ( 0.000000000000000000, -0.7071067811865389130, -0.7071067811865563435 ) ) ;
#5031 = AXIS2_PLACEMENT_3D ( 'NONE', #5566, #62, #2857 ) ;
#5032 = DIRECTION ( 'NONE',  ( 0.000000000000000000, -0.3090169943749349057, -0.9510565162951577500 ) ) ;
#5033 = VECTOR ( 'NONE', #6281, 1000.000000000000000 ) ;
#5034 = PRODUCT_DEFINITION_FORMATION_WITH_SPECIFIED_SOURCE ( 'ANY', '', #4704, .NOT_KNOWN. ) ;
#5035 = ORIENTED_EDGE ( 'NONE', *, *, #997, .F. ) ;
#5036 = AXIS2_PLACEMENT_3D ( 'NONE', #4175, #463, #6107 ) ;
#5037 = ORIENTED_EDGE ( 'NONE', *, *, #3082, .T. ) ;
#5038 = CIRCLE ( 'NONE', #1522, 10.00000000000000000 ) ;
#5039 = DIRECTION ( 'NONE',  ( 1.000000000000000000, 0.000000000000000000, 0.000000000000000000 ) ) ;
#5040 = LINE ( 'NONE', #5725, #7024 ) ;
#5041 = AXIS2_PLACEMENT_3D ( 'NONE', #7478, #8886, #4741 ) ;
#5042 = CYLINDRICAL_SURFACE ( 'NONE', #2984, 16.00000000000000000 ) ;
#5043 = AXIS2_PLACEMENT_3D ( 'NONE', #5955, #7360, #361 ) ;
#5044 = DIRECTION ( 'NONE',  ( -1.000000000000000000, -0.000000000000000000, 0.000000000000000000 ) ) ;
#5045 = PLANE ( 'NONE',  #6446 ) ;
#5046 = CIRCLE ( 'NONE', #1082, 17.49899999999999878 ) ;
#5047 = ORIENTED_EDGE ( 'NONE', *, *, #7079, .F. ) ;
#5048 = ORIENTED_EDGE ( 'NONE', *, *, #2305, .F. ) ;
#5049 = AXIS2_PLACEMENT_3D ( 'NONE', #1704, #1106, #282 ) ;
#5050 = AXIS2_PLACEMENT_3D ( 'NONE', #7579, #3422, #8309 ) ;
#5051 = ORIENTED_EDGE ( 'NONE', *, *, #456, .T. ) ;
#5052 = VERTEX_POINT ( 'NONE', #3603 ) ;
#5053 = ORIENTED_EDGE ( 'NONE', *, *, #7470, .T. ) ;
#5054 = EDGE_CURVE ( 'NONE', #2865, #5066, #2703, .T. ) ;
#5055 = AXIS2_PLACEMENT_3D ( 'NONE', #8009, #1552, #4359 ) ;
#5056 = AXIS2_PLACEMENT_3D ( 'NONE', #3590, #4928, #1437 ) ;
#5057 = CARTESIAN_POINT ( 'NONE',  ( 0.000000000000000000, 0.000000000000000000, 0.000000000000000000 ) ) ;
#5058 = DIRECTION ( 'NONE',  ( 0.000000000000000000, -0.9510565162951499785, -0.3090169943749581649 ) ) ;
#5059 = LINE ( 'NONE', #7840, #4753 ) ;
#5060 = CARTESIAN_POINT ( 'NONE',  ( 7.500000000000002665, 27.75498641678742828, 31.52238457039609187 ) ) ;
#5061 = CARTESIAN_POINT ( 'NONE',  ( 15.00000000000000178, -10.96151621346513672, 35.95386929396252640 ) ) ;
#5062 = ADVANCED_FACE ( 'NONE', ( #7174 ), #890, .T. ) ;
#5063 = CARTESIAN_POINT ( 'NONE',  ( 0.000000000000000000, 0.000000000000000000, 0.000000000000000000 ) ) ;
#5064 = EDGE_LOOP ( 'NONE', ( #2300, #466, #7229, #133 ) ) ;
#5065 = ORIENTED_EDGE ( 'NONE', *, *, #4260, .F. ) ;
#5066 = VERTEX_POINT ( 'NONE', #2272 ) ;
#5067 = CARTESIAN_POINT ( 'NONE',  ( 15.00000000000000178, -30.00120703465221439, 22.64427369931158651 ) ) ;
#5068 = LINE ( 'NONE', #7203, #4674 ) ;
#5069 = FACE_OUTER_BOUND ( 'NONE', #1149, .T. ) ;
#5070 = CYLINDRICAL_SURFACE ( 'NONE', #5075, 10.00000000000000000 ) ;
#5071 = CIRCLE ( 'NONE', #7535, 42.00000000000000000 ) ;
#5072 = ORIENTED_EDGE ( 'NONE', *, *, #3745, .F. ) ;
#5073 = EDGE_CURVE ( 'NONE', #6668, #4386, #3270, .T. ) ;
#5074 = VERTEX_POINT ( 'NONE', #3647 ) ;
#5075 = AXIS2_PLACEMENT_3D ( 'NONE', #3636, #2217, #1399 ) ;
#5076 = DIRECTION ( 'NONE',  ( 0.000000000000000000, -0.8090169943749531134, 0.5877852522924653655 ) ) ;
#5077 = DIRECTION ( 'NONE',  ( -1.000000000000000000, -0.000000000000000000, 0.000000000000000000 ) ) ;
#5078 = FACE_OUTER_BOUND ( 'NONE', #2520, .T. ) ;
#5079 = DIRECTION ( 'NONE',  ( -1.000000000000000000, -0.000000000000000000, -0.000000000000000000 ) ) ;
#5080 = DIRECTION ( 'NONE',  ( 0.000000000000000000, 0.000000000000000000, -1.000000000000000000 ) ) ;
#5081 = ORIENTED_EDGE ( 'NONE', *, *, #7642, .F. ) ;
#5082 = ORIENTED_EDGE ( 'NONE', *, *, #1925, .F. ) ;
#5083 = CIRCLE ( 'NONE', #6979, 15.99999999999999822 ) ;
#5084 = DIRECTION ( 'NONE',  ( -1.000000000000000000, -0.000000000000000000, -0.000000000000000000 ) ) ;
#5085 = DIRECTION ( 'NONE',  ( -1.000000000000000000, 0.000000000000000000, 0.000000000000000000 ) ) ;
#5086 = DIRECTION ( 'NONE',  ( 1.000000000000000000, -0.000000000000000000, -0.000000000000000000 ) ) ;
#5087 = EDGE_CURVE ( 'NONE', #7890, #4736, #342, .T. ) ;
#5088 = AXIS2_PLACEMENT_3D ( 'NONE', #2781, #6776, #500 ) ;
#5089 = DIRECTION ( 'NONE',  ( -1.000000000000000000, 0.000000000000000000, 0.000000000000000000 ) ) ;
#5090 = DIRECTION ( 'NONE',  ( 0.000000000000000000, 0.8910065241883657894, 0.4539904997395509678 ) ) ;
#5091 = AXIS2_PLACEMENT_3D ( 'NONE', #3929, #3237, #6030 ) ;
#5092 = ORIENTED_EDGE ( 'NONE', *, *, #4427, .F. ) ;
#5093 = EDGE_LOOP ( 'NONE', ( #5293, #1280, #6007, #1589 ) ) ;
#5094 = ORIENTED_EDGE ( 'NONE', *, *, #5342, .F. ) ;
#5095 = VERTEX_POINT ( 'NONE', #4988 ) ;
#5096 = ORIENTED_EDGE ( 'NONE', *, *, #7967, .T. ) ;
#5097 = ADVANCED_FACE ( 'NONE', ( #8493 ), #4813, .T. ) ;
#5098 = CARTESIAN_POINT ( 'NONE',  ( 15.00000000000000178, -0.6853352020793225252, 37.58145647212453611 ) ) ;
#5099 = CARTESIAN_POINT ( 'NONE',  ( 15.00000000000000178, -37.22597642581153821, -5.202137450156789633 ) ) ;
#5100 = EDGE_CURVE ( 'NONE', #8741, #8732, #1509, .T. ) ;
#5101 = DIRECTION ( 'NONE',  ( 0.000000000000000000, 0.000000000000000000, -1.000000000000000000 ) ) ;
#5102 = DIRECTION ( 'NONE',  ( 0.000000000000000000, 0.000000000000000000, 1.000000000000000000 ) ) ;
#5103 = DIRECTION ( 'NONE',  ( 0.000000000000000000, 0.8090169943749445647, 0.5877852522924771339 ) ) ;
#5104 = DIRECTION ( 'NONE',  ( 0.000000000000000000, 0.000000000000000000, 1.000000000000000000 ) ) ;
#5105 = EDGE_CURVE ( 'NONE', #1346, #2865, #3858, .T. ) ;
#5106 = ORIENTED_EDGE ( 'NONE', *, *, #5116, .F. ) ;
#5107 = ADVANCED_FACE ( 'NONE', ( #2318 ), #5124, .T. ) ;
#5108 = VERTEX_POINT ( 'NONE', #4084 ) ;
#5109 = ADVANCED_FACE ( 'NONE', ( #6907 ), #7595, .T. ) ;
#5110 = CARTESIAN_POINT ( 'NONE',  ( 15.00000000000000178, 4.460989585140963776, 16.92083251265327348 ) ) ;
#5111 = FACE_BOUND ( 'NONE', #7321, .T. ) ;
#5112 = DIRECTION ( 'NONE',  ( -1.000000000000000000, -0.000000000000000000, -0.000000000000000000 ) ) ;
#5113 = CARTESIAN_POINT ( 'NONE',  ( 15.00000000000000178, -27.05870788708251240, 26.08949754953013311 ) ) ;
#5114 = CARTESIAN_POINT ( 'NONE',  ( 0.000000000000000000, -3.384281271887947362, 18.48663108841355651 ) ) ;
#5115 = ORIENTED_EDGE ( 'NONE', *, *, #1094, .T. ) ;
#5116 = EDGE_CURVE ( 'NONE', #1118, #8665, #8950, .T. ) ;
#5117 = ORIENTED_EDGE ( 'NONE', *, *, #6752, .F. ) ;
#5118 = CARTESIAN_POINT ( 'NONE',  ( 0.000000000000000000, 0.000000000000000000, 0.000000000000000000 ) ) ;
#5119 = FACE_OUTER_BOUND ( 'NONE', #5348, .T. ) ;
#5120 = CYLINDRICAL_SURFACE ( 'NONE', #8664, 8.000000000000001776 ) ;
#5121 = CARTESIAN_POINT ( 'NONE',  ( 15.00000000000000178, 36.88895765772644353, -6.736453364083156536 ) ) ;
#5122 = CARTESIAN_POINT ( 'NONE',  ( 15.00000000000000178, 4.460989585141200031, -16.92083251265320953 ) ) ;
#5123 = AXIS2_PLACEMENT_3D ( 'NONE', #4867, #7646, #8338 ) ;
#5124 = CYLINDRICAL_SURFACE ( 'NONE', #4593, 17.49900000000000233 ) ;
#5125 = AXIS2_PLACEMENT_3D ( 'NONE', #3472, #8827, #2567 ) ;
#5126 = PRODUCT_DEFINITION_CONTEXT ( 'detailed design', #7430, 'design' ) ;
#5127 = ORIENTED_EDGE ( 'NONE', *, *, #6952, .T. ) ;
#5128 = VERTEX_POINT ( 'NONE', #590 ) ;
#5129 = DIRECTION ( 'NONE',  ( 0.000000000000000000, 0.5877852522924686962, 0.8090169943749506709 ) ) ;
#5130 = DIRECTION ( 'NONE',  ( -1.000000000000000000, -0.000000000000000000, -0.000000000000000000 ) ) ;
#5131 = CYLINDRICAL_SURFACE ( 'NONE', #6489, 10.00000000000000000 ) ;
#5132 = CIRCLE ( 'NONE', #8333, 17.49900000000000233 ) ;
#5133 = CARTESIAN_POINT ( 'NONE',  ( 15.00000000000000178, 37.01155633439067572, -6.555932627142019520 ) ) ;
#5134 = DIRECTION ( 'NONE',  ( -1.000000000000000000, 0.000000000000000000, 0.000000000000000000 ) ) ;
#5135 = ADVANCED_FACE ( 'NONE', ( #6445 ), #7816, .T. ) ;
#5136 = ORIENTED_EDGE ( 'NONE', *, *, #6606, .T. ) ;
#5137 = ORIENTED_EDGE ( 'NONE', *, *, #7417, .T. ) ;
#5138 = ORIENTED_EDGE ( 'NONE', *, *, #3926, .F. ) ;
#5139 = EDGE_LOOP ( 'NONE', ( #4542, #6417, #8016, #5604 ) ) ;
#5140 = CIRCLE ( 'NONE', #2491, 17.49900000000000233 ) ;
#5141 = VERTEX_POINT ( 'NONE', #3392 ) ;
#5142 = CARTESIAN_POINT ( 'NONE',  ( 0.000000000000000000, -12.26510123303235034, -35.53030884539097656 ) ) ;
#5143 = CARTESIAN_POINT ( 'NONE',  ( 15.00000000000000178, -17.80606268964516303, -33.00180498840067855 ) ) ;
#5144 = EDGE_CURVE ( 'NONE', #2095, #3368, #4391, .T. ) ;
#5145 = DIRECTION ( 'NONE',  ( -1.000000000000000000, -0.000000000000000000, -0.000000000000000000 ) ) ;
#5146 = DIRECTION ( 'NONE',  ( -1.000000000000000000, 0.000000000000000000, 0.000000000000000000 ) ) ;
#5147 = DIRECTION ( 'NONE',  ( 0.000000000000000000, 0.000000000000000000, 1.000000000000000000 ) ) ;
#5148 = CARTESIAN_POINT ( 'NONE',  ( 0.000000000000000000, 17.80606268964539751, 33.00180498840054355 ) ) ;
#5149 = ORIENTED_EDGE ( 'NONE', *, *, #1752, .T. ) ;
#5150 = ORIENTED_EDGE ( 'NONE', *, *, #7288, .T. ) ;
#5151 = ORIENTED_EDGE ( 'NONE', *, *, #539, .F. ) ;
#5152 = LINE ( 'NONE', #1667, #6788 ) ;
#5153 = CARTESIAN_POINT ( 'NONE',  ( 15.00000000000000000, 0.000000000000000000, 0.000000000000000000 ) ) ;
#5154 = CARTESIAN_POINT ( 'NONE',  ( 0.000000000000000000, -37.16516213103274424, -4.992566952385386614 ) ) ;
#5155 = CARTESIAN_POINT ( 'NONE',  ( 0.000000000000000000, 12.96676809804148078, 13.60411018104322523 ) ) ;
#5156 = DIRECTION ( 'NONE',  ( -1.000000000000000000, -0.000000000000000000, -0.000000000000000000 ) ) ;
#5157 = VERTEX_POINT ( 'NONE', #8959 ) ;
#5158 = ADVANCED_FACE ( 'NONE', ( #1497 ), #6187, .T. ) ;
#5159 = AXIS2_PLACEMENT_3D ( 'NONE', #5496, #8272, #7813 ) ;
#5160 = DIRECTION ( 'NONE',  ( 0.000000000000000000, 0.000000000000000000, -1.000000000000000000 ) ) ;
#5161 = DIRECTION ( 'NONE',  ( 0.000000000000000000, 0.1564344650402312020, -0.9876883405951375483 ) ) ;
#5162 = ADVANCED_FACE ( 'NONE', ( #2959 ), #6487, .T. ) ;
#5163 = EDGE_CURVE ( 'NONE', #276, #2536, #3155, .T. ) ;
#5164 = CARTESIAN_POINT ( 'NONE',  ( 7.500000000000002665, -38.55633173626998200, -16.65560815589453370 ) ) ;
#5165 = DIRECTION ( 'NONE',  ( 0.000000000000000000, 0.000000000000000000, 1.000000000000000000 ) ) ;
#5166 = DIRECTION ( 'NONE',  ( 0.000000000000000000, 0.000000000000000000, 1.000000000000000000 ) ) ;
#5167 = LINE ( 'NONE', #352, #8269 ) ;
#5168 = AXIS2_PLACEMENT_3D ( 'NONE', #458, #6864, #8914 ) ;
#5169 = EDGE_CURVE ( 'NONE', #784, #8353, #3887, .T. ) ;
#5170 = CIRCLE ( 'NONE', #2674, 42.00000000000000000 ) ;
#5171 = VERTEX_POINT ( 'NONE', #2543 ) ;
#5172 = ORIENTED_EDGE ( 'NONE', *, *, #6120, .T. ) ;
#5173 = DIRECTION ( 'NONE',  ( -1.000000000000000000, -0.000000000000000000, -0.000000000000000000 ) ) ;
#5174 = AXIS2_PLACEMENT_3D ( 'NONE', #625, #2741, #3018 ) ;
#5175 = CARTESIAN_POINT ( 'NONE',  ( 15.00000000000000178, -37.58145647212454321, 0.6853352020789114096 ) ) ;
#5176 = CIRCLE ( 'NONE', #909, 37.49900000000001654 ) ;
#5177 = FACE_OUTER_BOUND ( 'NONE', #2390, .T. ) ;
#5178 = EDGE_CURVE ( 'NONE', #8548, #686, #5991, .T. ) ;
#5179 = CARTESIAN_POINT ( 'NONE',  ( 0.000000000000000000, -39.04073710021334165, -15.48615015657624383 ) ) ;
#5180 = FACE_BOUND ( 'NONE', #5465, .T. ) ;
#5181 = ORIENTED_EDGE ( 'NONE', *, *, #3553, .F. ) ;
#5182 = CIRCLE ( 'NONE', #1365, 16.00000000000000000 ) ;
#5183 = VECTOR ( 'NONE', #5773, 1000.000000000000000 ) ;
#5184 = ORIENTED_EDGE ( 'NONE', *, *, #331, .T. ) ;
#5185 = AXIS2_PLACEMENT_3D ( 'NONE', #3960, #1894, #2025 ) ;
#5186 = VERTEX_POINT ( 'NONE', #7400 ) ;
#5187 = ORIENTED_EDGE ( 'NONE', *, *, #3701, .T. ) ;
#5188 = EDGE_CURVE ( 'NONE', #4192, #7680, #2420, .T. ) ;
#5189 = ORIENTED_EDGE ( 'NONE', *, *, #7849, .F. ) ;
#5190 = CYLINDRICAL_SURFACE ( 'NONE', #8944, 8.000000000000001776 ) ;
#5191 = DIRECTION ( 'NONE',  ( -1.000000000000000000, 0.000000000000000000, 0.000000000000000000 ) ) ;
#5192 = CIRCLE ( 'NONE', #4163, 16.00000000000000000 ) ;
#5193 = ADVANCED_FACE ( 'NONE', ( #3112 ), #2497, .T. ) ;
#5194 = AXIS2_PLACEMENT_3D ( 'NONE', #8454, #2966, #1457 ) ;
#5195 = DIRECTION ( 'NONE',  ( -1.000000000000000000, -0.000000000000000000, 0.000000000000000000 ) ) ;
#5196 = CIRCLE ( 'NONE', #2838, 8.000000000000001776 ) ;
#5197 = CARTESIAN_POINT ( 'NONE',  ( 0.000000000000000000, -13.60411018104308667, -12.96676809804161756 ) ) ;
#5198 = CARTESIAN_POINT ( 'NONE',  ( 15.00000000000000178, -16.31134495048478072, -6.336799421339980753 ) ) ;
#5199 = FACE_OUTER_BOUND ( 'NONE', #818, .T. ) ;
#5200 = CIRCLE ( 'NONE', #8686, 42.00000000000000000 ) ;
#5201 = VERTEX_POINT ( 'NONE', #262 ) ;
#5202 = ORIENTED_EDGE ( 'NONE', *, *, #3201, .F. ) ;
#5203 = ORIENTED_EDGE ( 'NONE', *, *, #5789, .T. ) ;
#5204 = AXIS2_PLACEMENT_3D ( 'NONE', #5213, #6536, #8080 ) ;
#5205 = CYLINDRICAL_SURFACE ( 'NONE', #3567, 8.000000000000001776 ) ;
#5206 = DIRECTION ( 'NONE',  ( 0.000000000000000000, 0.000000000000000000, 1.000000000000000000 ) ) ;
#5207 = FACE_OUTER_BOUND ( 'NONE', #5590, .T. ) ;
#5208 = CARTESIAN_POINT ( 'NONE',  ( 0.000000000000000000, 0.000000000000000000, 0.000000000000000000 ) ) ;
#5209 = DIRECTION ( 'NONE',  ( 0.000000000000000000, -0.7071067811865536790, 0.7071067811865414665 ) ) ;
#5210 = VECTOR ( 'NONE', #5086, 1000.000000000000000 ) ;
#5211 = ORIENTED_EDGE ( 'NONE', *, *, #5528, .T. ) ;
#5212 = CARTESIAN_POINT ( 'NONE',  ( 7.500000000000002665, -19.83898331853677632, -9.508666619816835919 ) ) ;
#5213 = CARTESIAN_POINT ( 'NONE',  ( 15.00000000000000178, 12.26510123303309285, -35.53030884539072076 ) ) ;
#5214 = CIRCLE ( 'NONE', #1249, 6.000000000000000888 ) ;
#5215 = CIRCLE ( 'NONE', #1250, 15.99999999999999645 ) ;
#5216 = DIRECTION ( 'NONE',  ( -1.000000000000000000, -0.000000000000000000, 0.000000000000000000 ) ) ;
#5217 = DIRECTION ( 'NONE',  ( 0.000000000000000000, 0.8090169943749487835, -0.5877852522924714718 ) ) ;
#5218 = EDGE_CURVE ( 'NONE', #310, #8932, #5071, .T. ) ;
#5219 = CARTESIAN_POINT ( 'NONE',  ( 0.000000000000000000, 37.48860685352291711, -0.8828120875901858122 ) ) ;
#5220 = CARTESIAN_POINT ( 'NONE',  ( 15.00000000000000000, 0.000000000000000000, 0.000000000000000000 ) ) ;
#5221 = EDGE_CURVE ( 'NONE', #8730, #4116, #2575, .T. ) ;
#5222 = VECTOR ( 'NONE', #6892, 1000.000000000000000 ) ;
#5223 = VERTEX_POINT ( 'NONE', #989 ) ;
#5224 = CARTESIAN_POINT ( 'NONE',  ( 0.000000000000000000, 0.6853352020790518528, 37.58145647212453611 ) ) ;
#5225 = DIRECTION ( 'NONE',  ( 0.000000000000000000, 0.000000000000000000, -1.000000000000000000 ) ) ;
#5226 = VECTOR ( 'NONE', #5472, 1000.000000000000000 ) ;
#5227 = FACE_OUTER_BOUND ( 'NONE', #8554, .T. ) ;
#5228 = AXIS2_PLACEMENT_3D ( 'NONE', #7802, #7162, #4883 ) ;
#5229 = CARTESIAN_POINT ( 'NONE',  ( 15.00000000000000178, -18.48663108841358849, 3.384281271887748854 ) ) ;
#5230 = DIRECTION ( 'NONE',  ( 0.000000000000000000, -0.8910065241883626808, -0.4539904997395568520 ) ) ;
#5231 = ORIENTED_EDGE ( 'NONE', *, *, #5803, .T. ) ;
#5232 = ORIENTED_EDGE ( 'NONE', *, *, #4213, .T. ) ;
#5233 = ORIENTED_EDGE ( 'NONE', *, *, #5675, .T. ) ;
#5234 = VERTEX_POINT ( 'NONE', #8084 ) ;
#5235 = ORIENTED_EDGE ( 'NONE', *, *, #2807, .F. ) ;
#5236 = CIRCLE ( 'NONE', #6815, 21.99999999999999645 ) ;
#5237 = DIRECTION ( 'NONE',  ( 0.000000000000000000, 0.000000000000000000, 1.000000000000000000 ) ) ;
#5238 = DIRECTION ( 'NONE',  ( -1.000000000000000000, 0.000000000000000000, 0.000000000000000000 ) ) ;
#5239 = AXIS2_PLACEMENT_3D ( 'NONE', #2906, #5795, #3055 ) ;
#5240 = FACE_OUTER_BOUND ( 'NONE', #402, .T. ) ;
#5241 = CARTESIAN_POINT ( 'NONE',  ( 15.00000000000000178, 12.26510123303260080, 35.53030884539089129 ) ) ;
#5242 = CYLINDRICAL_SURFACE ( 'NONE', #5629, 37.49900000000000944 ) ;
#5243 = DIRECTION ( 'NONE',  ( 0.000000000000000000, 0.000000000000000000, -1.000000000000000000 ) ) ;
#5244 = ORIENTED_EDGE ( 'NONE', *, *, #6438, .F. ) ;
#5245 = EDGE_LOOP ( 'NONE', ( #1436, #5002, #8998, #8098 ) ) ;
#5246 = EDGE_LOOP ( 'NONE', ( #1601, #7298, #7714, #3189 ) ) ;
#5247 = CARTESIAN_POINT ( 'NONE',  ( 7.500000000000002665, -10.41901085202051291, -40.68715046381939970 ) ) ;
#5248 = DIRECTION ( 'NONE',  ( 1.000000000000000000, 0.000000000000000000, 0.000000000000000000 ) ) ;
#5249 = DIRECTION ( 'NONE',  ( 0.000000000000000000, 0.000000000000000000, 1.000000000000000000 ) ) ;
#5250 = DIRECTION ( 'NONE',  ( -1.000000000000000000, 0.000000000000000000, 0.000000000000000000 ) ) ;
#5251 = CARTESIAN_POINT ( 'NONE',  ( 0.000000000000000000, 38.55633173627033727, -16.65560815589370236 ) ) ;
#5252 = VERTEX_POINT ( 'NONE', #3063 ) ;
#5253 = VECTOR ( 'NONE', #2616, 1000.000000000000000 ) ;
#5254 = EDGE_CURVE ( 'NONE', #5875, #6426, #4926, .T. ) ;
#5255 = DIRECTION ( 'NONE',  ( -1.000000000000000000, -0.000000000000000000, -0.000000000000000000 ) ) ;
#5256 = CYLINDRICAL_SURFACE ( 'NONE', #5492, 21.99999999999999289 ) ;
#5257 = DIRECTION ( 'NONE',  ( -1.000000000000000000, 0.000000000000000000, -0.000000000000000000 ) ) ;
#5258 = CARTESIAN_POINT ( 'NONE',  ( -10.00000000000000000, 0.000000000000000000, 0.000000000000000000 ) ) ;
#5259 = DIRECTION ( 'NONE',  ( 0.000000000000000000, 0.000000000000000000, 1.000000000000000000 ) ) ;
#5260 = DIRECTION ( 'NONE',  ( 0.000000000000000000, 0.000000000000000000, 1.000000000000000000 ) ) ;
#5261 = VECTOR ( 'NONE', #4796, 1000.000000000000000 ) ;
#5262 = EDGE_CURVE ( 'NONE', #5686, #7313, #5855, .T. ) ;
#5263 = EDGE_LOOP ( 'NONE', ( #8547, #1150, #7056, #5655 ) ) ;
#5264 = EDGE_CURVE ( 'NONE', #7778, #8816, #5167, .T. ) ;
#5265 = DIRECTION ( 'NONE',  ( -1.000000000000000000, -0.000000000000000000, -0.000000000000000000 ) ) ;
#5266 = DIRECTION ( 'NONE',  ( 0.000000000000000000, 0.000000000000000000, -1.000000000000000000 ) ) ;
#5267 = CIRCLE ( 'NONE', #4689, 8.000000000000000000 ) ;
#5268 = CARTESIAN_POINT ( 'NONE',  ( 15.00000000000000178, 36.88895765772634405, 6.736453364083681450 ) ) ;
#5269 = EDGE_CURVE ( 'NONE', #2499, #5336, #8560, .T. ) ;
#5270 = DIRECTION ( 'NONE',  ( 0.000000000000000000, 0.000000000000000000, 1.000000000000000000 ) ) ;
#5271 = CARTESIAN_POINT ( 'NONE',  ( 7.500000000000002665, 15.48615015657582106, 39.04073710021351218 ) ) ;
#5272 = CIRCLE ( 'NONE', #574, 42.00000000000000000 ) ;
#5273 = ORIENTED_EDGE ( 'NONE', *, *, #2164, .F. ) ;
#5274 = ADVANCED_FACE ( 'NONE', ( #2453 ), #8003, .T. ) ;
#5275 = VERTEX_POINT ( 'NONE', #1817 ) ;
#5276 = AXIS2_PLACEMENT_3D ( 'NONE', #7173, #2361, #800 ) ;
#5277 = ORIENTED_EDGE ( 'NONE', *, *, #761, .T. ) ;
#5278 = EDGE_LOOP ( 'NONE', ( #1648, #1301, #2887, #2151 ) ) ;
#5279 = APPLICATION_CONTEXT ( 'automotive_design' ) ;
#5280 = ORIENTED_EDGE ( 'NONE', *, *, #1328, .F. ) ;
#5281 = DIRECTION ( 'NONE',  ( 1.000000000000000000, 0.000000000000000000, 0.000000000000000000 ) ) ;
#5282 = LINE ( 'NONE', #4588, #8519 ) ;
#5283 = ADVANCED_FACE ( 'NONE', ( #7348 ), #1127, .T. ) ;
#5284 = CARTESIAN_POINT ( 'NONE',  ( 0.000000000000000000, 0.000000000000000000, 0.000000000000000000 ) ) ;
#5285 = CARTESIAN_POINT ( 'NONE',  ( 15.00000000000000178, 0.000000000000000000, 0.000000000000000000 ) ) ;
#5286 = CARTESIAN_POINT ( 'NONE',  ( 0.000000000000000000, -30.80686688396994910, -21.53537804866112992 ) ) ;
#5287 = CARTESIAN_POINT ( 'NONE',  ( 0.000000000000000000, -32.34446384429951848, -26.79245525562749819 ) ) ;
#5288 = EDGE_CURVE ( 'NONE', #7527, #1709, #8986, .T. ) ;
#5289 = VERTEX_POINT ( 'NONE', #445 ) ;
#5290 = AXIS2_PLACEMENT_3D ( 'NONE', #646, #3451, #8340 ) ;
#5291 = ORIENTED_EDGE ( 'NONE', *, *, #2577, .F. ) ;
#5292 = ORIENTED_EDGE ( 'NONE', *, *, #7057, .F. ) ;
#5293 = ORIENTED_EDGE ( 'NONE', *, *, #5608, .T. ) ;
#5294 = DIRECTION ( 'NONE',  ( -1.000000000000000000, 0.000000000000000000, 0.000000000000000000 ) ) ;
#5295 = DIRECTION ( 'NONE',  ( -1.000000000000000000, 0.000000000000000000, 0.000000000000000000 ) ) ;
#5296 = CYLINDRICAL_SURFACE ( 'NONE', #3040, 16.00000000000000000 ) ;
#5297 = DIRECTION ( 'NONE',  ( 0.000000000000000000, -0.8090169943749530024, 0.5877852522924653655 ) ) ;
#5298 = ORIENTED_EDGE ( 'NONE', *, *, #7952, .T. ) ;
#5299 = EDGE_CURVE ( 'NONE', #234, #8730, #3238, .T. ) ;
#5300 = LINE ( 'NONE', #7259, #1001 ) ;
#5301 = DIRECTION ( 'NONE',  ( -1.000000000000000000, 0.000000000000000000, -0.000000000000000000 ) ) ;
#5302 = CARTESIAN_POINT ( 'NONE',  ( 15.00000000000000178, -33.17418723428319538, 17.67226234102815141 ) ) ;
#5303 = CARTESIAN_POINT ( 'NONE',  ( 0.000000000000000000, 16.53603053422206770, -8.931325931664654050 ) ) ;
#5304 = CARTESIAN_POINT ( 'NONE',  ( 0.000000000000000000, -41.91543099594819921, 2.663952781845994711 ) ) ;
#5305 = EDGE_CURVE ( 'NONE', #7779, #3446, #1111, .T. ) ;
#5306 = DIRECTION ( 'NONE',  ( -1.000000000000000000, -0.000000000000000000, -0.000000000000000000 ) ) ;
#5307 = EDGE_CURVE ( 'NONE', #5410, #7459, #936, .T. ) ;
#5308 = VECTOR ( 'NONE', #6442, 1000.000000000000000 ) ;
#5309 = EDGE_CURVE ( 'NONE', #7044, #6024, #2679, .T. ) ;
#5310 = EDGE_CURVE ( 'NONE', #7113, #882, #1256, .T. ) ;
#5311 = ORIENTED_EDGE ( 'NONE', *, *, #2726, .F. ) ;
#5312 = CARTESIAN_POINT ( 'NONE',  ( 15.00000000000000178, -41.81611651403864727, 3.925862922256032395 ) ) ;
#5313 = CARTESIAN_POINT ( 'NONE',  ( 15.00000000000000178, -40.68715046381921496, -10.41901085202121990 ) ) ;
#5314 = AXIS2_PLACEMENT_3D ( 'NONE', #8646, #8561, #8603 ) ;
#5315 = DIRECTION ( 'NONE',  ( 0.000000000000000000, 0.000000000000000000, 1.000000000000000000 ) ) ;
#5316 = DIRECTION ( 'NONE',  ( -1.000000000000000000, 0.000000000000000000, -0.000000000000000000 ) ) ;
#5317 = VERTEX_POINT ( 'NONE', #4019 ) ;
#5318 = ORIENTED_EDGE ( 'NONE', *, *, #1168, .F. ) ;
#5319 = AXIS2_PLACEMENT_3D ( 'NONE', #6904, #678, #2784 ) ;
#5320 = ORIENTED_EDGE ( 'NONE', *, *, #3512, .T. ) ;
#5321 = ORIENTED_EDGE ( 'NONE', *, *, #294, .F. ) ;
#5322 = VERTEX_POINT ( 'NONE', #1261 ) ;
#5323 = DIRECTION ( 'NONE',  ( 1.000000000000000000, 0.000000000000000000, 0.000000000000000000 ) ) ;
#5324 = CYLINDRICAL_SURFACE ( 'NONE', #7351, 37.49900000000000944 ) ;
#5325 = DIRECTION ( 'NONE',  ( -1.000000000000000000, 0.000000000000000000, 0.000000000000000000 ) ) ;
#5326 = DIRECTION ( 'NONE',  ( 0.000000000000000000, 0.000000000000000000, 1.000000000000000000 ) ) ;
#5327 = AXIS2_PLACEMENT_3D ( 'NONE', #5285, #3948, #8064 ) ;
#5328 = CARTESIAN_POINT ( 'NONE',  ( 15.00000000000000178, 33.00180498840073540, -17.80606268964504579 ) ) ;
#5329 = CARTESIAN_POINT ( 'NONE',  ( 0.000000000000000000, 0.000000000000000000, 0.000000000000000000 ) ) ;
#5330 = AXIS2_PLACEMENT_3D ( 'NONE', #4092, #6878, #1245 ) ;
#5331 = VERTEX_POINT ( 'NONE', #6761 ) ;
#5332 = AXIS2_PLACEMENT_3D ( 'NONE', #2327, #1689, #3843 ) ;
#5333 = ORIENTED_EDGE ( 'NONE', *, *, #7667, .T. ) ;
#5334 = VERTEX_POINT ( 'NONE', #572 ) ;
#5335 = ADVANCED_FACE ( 'NONE', ( #8939 ), #611, .T. ) ;
#5336 = VERTEX_POINT ( 'NONE', #1344 ) ;
#5337 = VECTOR ( 'NONE', #569, 1000.000000000000000 ) ;
#5338 = VECTOR ( 'NONE', #4730, 1000.000000000000000 ) ;
#5339 = CIRCLE ( 'NONE', #7220, 16.00000000000000000 ) ;
#5340 = DIRECTION ( 'NONE',  ( 0.000000000000000000, 0.5877852522924685852, 0.8090169943749507819 ) ) ;
#5341 = FACE_OUTER_BOUND ( 'NONE', #136, .T. ) ;
#5342 = EDGE_CURVE ( 'NONE', #370, #3265, #5443, .T. ) ;
#5343 = AXIS2_PLACEMENT_3D ( 'NONE', #3452, #4005, #1288 ) ;
#5344 = DIRECTION ( 'NONE',  ( 0.000000000000000000, 0.000000000000000000, 1.000000000000000000 ) ) ;
#5345 = DIRECTION ( 'NONE',  ( -1.000000000000000000, 0.000000000000000000, 0.000000000000000000 ) ) ;
#5346 = CIRCLE ( 'NONE', #4017, 15.99999999999999822 ) ;
#5347 = AXIS2_PLACEMENT_3D ( 'NONE', #1863, #8262, #654 ) ;
#5348 = EDGE_LOOP ( 'NONE', ( #2921, #3618, #6635, #4448 ) ) ;
#5349 = CIRCLE ( 'NONE', #7955, 17.49900000000000233 ) ;
#5350 = AXIS2_PLACEMENT_3D ( 'NONE', #1174, #7490, #8270 ) ;
#5351 = ORIENTED_EDGE ( 'NONE', *, *, #1575, .F. ) ;
#5352 = ORIENTED_EDGE ( 'NONE', *, *, #4007, .F. ) ;
#5353 = DIRECTION ( 'NONE',  ( -1.000000000000000000, 0.000000000000000000, 0.000000000000000000 ) ) ;
#5354 = DIRECTION ( 'NONE',  ( -1.000000000000000000, -0.000000000000000000, -0.000000000000000000 ) ) ;
#5355 = AXIS2_PLACEMENT_3D ( 'NONE', #5449, #3203, #1916 ) ;
#5356 = CARTESIAN_POINT ( 'NONE',  ( 0.000000000000000000, 4.460989585141199143, -16.92083251265320598 ) ) ;
#5357 = DIRECTION ( 'NONE',  ( 0.000000000000000000, 0.000000000000000000, 1.000000000000000000 ) ) ;
#5358 = DIRECTION ( 'NONE',  ( 0.000000000000000000, 0.000000000000000000, 1.000000000000000000 ) ) ;
#5359 = ORIENTED_EDGE ( 'NONE', *, *, #3173, .T. ) ;
#5360 = EDGE_CURVE ( 'NONE', #1698, #2854, #3417, .T. ) ;
#5361 = CARTESIAN_POINT ( 'NONE',  ( 7.500000000000002665, -21.80633394113448986, 2.912696353505737967 ) ) ;
#5362 = DIRECTION ( 'NONE',  ( -1.000000000000000000, 0.000000000000000000, -0.000000000000000000 ) ) ;
#5363 = LINE ( 'NONE', #3383, #8977 ) ;
#5364 = FACE_OUTER_BOUND ( 'NONE', #6593, .T. ) ;
#5365 = CIRCLE ( 'NONE', #7685, 37.49900000000001654 ) ;
#5366 = VERTEX_POINT ( 'NONE', #483 ) ;
#5367 = ORIENTED_EDGE ( 'NONE', *, *, #2807, .T. ) ;
#5368 = VERTEX_POINT ( 'NONE', #6087 ) ;
#5369 = ORIENTED_EDGE ( 'NONE', *, *, #1570, .F. ) ;
#5370 = ORIENTED_EDGE ( 'NONE', *, *, #485, .F. ) ;
#5371 = EDGE_CURVE ( 'NONE', #2374, #4250, #7532, .T. ) ;
#5372 = AXIS2_PLACEMENT_3D ( 'NONE', #7942, #5156, #3143 ) ;
#5373 = DIRECTION ( 'NONE',  ( 0.000000000000000000, 0.000000000000000000, 1.000000000000000000 ) ) ;
#5374 = DIRECTION ( 'NONE',  ( 0.000000000000000000, 0.000000000000000000, 1.000000000000000000 ) ) ;
#5375 = DIRECTION ( 'NONE',  ( 0.000000000000000000, 0.000000000000000000, 1.000000000000000000 ) ) ;
#5376 = DIRECTION ( 'NONE',  ( -1.000000000000000000, -0.000000000000000000, 0.000000000000000000 ) ) ;
#5377 = DIRECTION ( 'NONE',  ( -1.000000000000000000, 0.000000000000000000, -0.000000000000000000 ) ) ;
#5378 = CARTESIAN_POINT ( 'NONE',  ( 15.00000000000000178, 8.931325931664828133, -16.53603053422197178 ) ) ;
#5379 =( LENGTH_UNIT ( ) NAMED_UNIT ( * ) SI_UNIT ( .MILLI., .METRE. ) );
#5380 = VERTEX_POINT ( 'NONE', #3975 ) ;
#5381 = AXIS2_PLACEMENT_3D ( 'NONE', #6297, #8518, #1569 ) ;
#5382 = EDGE_CURVE ( 'NONE', #3124, #5380, #7835, .T. ) ;
#5383 = VERTEX_POINT ( 'NONE', #1996 ) ;
#5384 = ORIENTED_EDGE ( 'NONE', *, *, #700, .F. ) ;
#5385 = ORIENTED_EDGE ( 'NONE', *, *, #4402, .F. ) ;
#5386 = EDGE_CURVE ( 'NONE', #90, #6659, #8984, .T. ) ;
#5387 = AXIS2_PLACEMENT_3D ( 'NONE', #5208, #8710, #4657 ) ;
#5388 = FACE_OUTER_BOUND ( 'NONE', #3081, .T. ) ;
#5389 = CYLINDRICAL_SURFACE ( 'NONE', #7996, 37.49900000000000944 ) ;
#5390 = DIRECTION ( 'NONE',  ( 0.000000000000000000, -0.9510565162951565288, 0.3090169943749382364 ) ) ;
#5391 = EDGE_CURVE ( 'NONE', #4779, #2202, #6851, .T. ) ;
#5392 = FACE_OUTER_BOUND ( 'NONE', #6181, .T. ) ;
#5393 = CIRCLE ( 'NONE', #6551, 17.49900000000000233 ) ;
#5394 = EDGE_CURVE ( 'NONE', #1649, #4126, #3463, .T. ) ;
#5395 = ORIENTED_EDGE ( 'NONE', *, *, #5535, .T. ) ;
#5396 = ORIENTED_EDGE ( 'NONE', *, *, #5178, .F. ) ;
#5397 = ORIENTED_EDGE ( 'NONE', *, *, #6752, .T. ) ;
#5398 = CARTESIAN_POINT ( 'NONE',  ( 15.00000000000000000, 0.000000000000000000, 10.00000000000000000 ) ) ;
#5399 = LINE ( 'NONE', #349, #2909 ) ;
#5400 = DIRECTION ( 'NONE',  ( 0.000000000000000000, 0.000000000000000000, 1.000000000000000000 ) ) ;
#5401 = FACE_OUTER_BOUND ( 'NONE', #8866, .T. ) ;
#5402 = ADVANCED_FACE ( 'NONE', ( #5401 ), #2037, .T. ) ;
#5403 = ORIENTED_EDGE ( 'NONE', *, *, #9049, .F. ) ;
#5404 = DIRECTION ( 'NONE',  ( -1.000000000000000000, -0.000000000000000000, -0.000000000000000000 ) ) ;
#5405 = CARTESIAN_POINT ( 'NONE',  ( 15.00000000000000178, 0.000000000000000000, 0.000000000000000000 ) ) ;
#5406 = AXIS2_PLACEMENT_3D ( 'NONE', #2654, #2568, #549 ) ;
#5407 = CYLINDRICAL_SURFACE ( 'NONE', #5355, 16.00000000000000000 ) ;
#5408 = VECTOR ( 'NONE', #5801, 1000.000000000000000 ) ;
#5409 = VERTEX_POINT ( 'NONE', #5527 ) ;
#5410 = VERTEX_POINT ( 'NONE', #7443 ) ;
#5411 = ORIENTED_EDGE ( 'NONE', *, *, #7659, .F. ) ;
#5412 = ORIENTED_EDGE ( 'NONE', *, *, #165, .T. ) ;
#5413 = EDGE_LOOP ( 'NONE', ( #7206, #4090, #2322, #299 ) ) ;
#5414 = DIRECTION ( 'NONE',  ( 0.000000000000000000, 0.3090169943749411785, 0.9510565162951555296 ) ) ;
#5415 = DIRECTION ( 'NONE',  ( 0.000000000000000000, 0.4539904997395479702, -0.8910065241883673437 ) ) ;
#5416 = CARTESIAN_POINT ( 'NONE',  ( 0.000000000000000000, -33.80338159004296017, 16.23288003029485793 ) ) ;
#5417 = AXIS2_PLACEMENT_3D ( 'NONE', #7270, #8725, #5225 ) ;
#5418 = DIRECTION ( 'NONE',  ( 0.000000000000000000, 0.000000000000000000, 1.000000000000000000 ) ) ;
#5419 = DIRECTION ( 'NONE',  ( -1.000000000000000000, 0.000000000000000000, 0.000000000000000000 ) ) ;
#5420 = DIRECTION ( 'NONE',  ( -1.000000000000000000, -0.000000000000000000, 0.000000000000000000 ) ) ;
#5421 = DIRECTION ( 'NONE',  ( -1.000000000000000000, 0.000000000000000000, 0.000000000000000000 ) ) ;
#5422 = CIRCLE ( 'NONE', #8901, 37.49900000000001654 ) ;
#5423 = EDGE_CURVE ( 'NONE', #1499, #8951, #9026, .T. ) ;
#5424 = EDGE_LOOP ( 'NONE', ( #8453, #1039, #1424, #7352 ) ) ;
#5425 = VERTEX_POINT ( 'NONE', #8180 ) ;
#5426 = VERTEX_POINT ( 'NONE', #4840 ) ;
#5427 = AXIS2_PLACEMENT_3D ( 'NONE', #813, #5589, #2103 ) ;
#5428 = ORIENTED_EDGE ( 'NONE', *, *, #1155, .T. ) ;
#5429 = EDGE_CURVE ( 'NONE', #2095, #7961, #4631, .T. ) ;
#5430 = CARTESIAN_POINT ( 'NONE',  ( 15.00000000000000178, -21.32104025579137030, 30.84782396557210404 ) ) ;
#5431 = LINE ( 'NONE', #2712, #4785 ) ;
#5432 = LINE ( 'NONE', #7565, #4758 ) ;
#5433 = CARTESIAN_POINT ( 'NONE',  ( 0.000000000000000000, -35.47612816024506088, -22.48208911017540146 ) ) ;
#5434 = AXIS2_PLACEMENT_3D ( 'NONE', #8, #5648, #6422 ) ;
#5435 = ORIENTED_EDGE ( 'NONE', *, *, #4633, .F. ) ;
#5436 = ORIENTED_EDGE ( 'NONE', *, *, #612, .T. ) ;
#5437 = AXIS2_PLACEMENT_3D ( 'NONE', #2973, #1644, #948 ) ;
#5438 = ORIENTED_EDGE ( 'NONE', *, *, #3168, .T. ) ;
#5439 = LINE ( 'NONE', #8851, #3293 ) ;
#5440 = DIRECTION ( 'NONE',  ( -1.000000000000000000, -0.000000000000000000, 0.000000000000000000 ) ) ;
#5441 = LINE ( 'NONE', #7530, #1291 ) ;
#5442 = CARTESIAN_POINT ( 'NONE',  ( 0.000000000000000000, 0.000000000000000000, 0.000000000000000000 ) ) ;
#5443 = LINE ( 'NONE', #8855, #5941 ) ;
#5444 = EDGE_CURVE ( 'NONE', #2023, #4102, #4189, .T. ) ;
#5445 = ORIENTED_EDGE ( 'NONE', *, *, #761, .F. ) ;
#5446 = EDGE_CURVE ( 'NONE', #135, #5052, #4713, .T. ) ;
#5447 = CARTESIAN_POINT ( 'NONE',  ( 0.000000000000000000, 38.55633173627010279, 16.65560815589424948 ) ) ;
#5448 = CARTESIAN_POINT ( 'NONE',  ( 15.00000000000000178, 17.47118961583599628, 0.9861715913088272556 ) ) ;
#5449 = CARTESIAN_POINT ( 'NONE',  ( 15.00000000000000178, -10.96151621346513672, 35.95386929396252640 ) ) ;
#5450 = EDGE_CURVE ( 'NONE', #5052, #9021, #5365, .T. ) ;
#5451 = AXIS2_PLACEMENT_3D ( 'NONE', #8491, #2360, #5165 ) ;
#5452 = VERTEX_POINT ( 'NONE', #5664 ) ;
#5453 = ORIENTED_EDGE ( 'NONE', *, *, #1103, .F. ) ;
#5454 = DIRECTION ( 'NONE',  ( -1.000000000000000000, 0.000000000000000000, 0.000000000000000000 ) ) ;
#5455 = CARTESIAN_POINT ( 'NONE',  ( 15.00000000000000178, 0.000000000000000000, 0.000000000000000000 ) ) ;
#5456 = DIRECTION ( 'NONE',  ( 0.000000000000000000, 0.000000000000000000, -1.000000000000000000 ) ) ;
#5457 = DIRECTION ( 'NONE',  ( -1.000000000000000000, 0.000000000000000000, -0.000000000000000000 ) ) ;
#5458 = DIRECTION ( 'NONE',  ( 0.000000000000000000, 0.000000000000000000, 1.000000000000000000 ) ) ;
#5459 = CARTESIAN_POINT ( 'NONE',  ( 0.000000000000000000, 0.000000000000000000, 0.000000000000000000 ) ) ;
#5460 = CARTESIAN_POINT ( 'NONE',  ( 15.00000000000000178, 0.000000000000000000, 0.000000000000000000 ) ) ;
#5461 = DIRECTION ( 'NONE',  ( 0.000000000000000000, 0.000000000000000000, 1.000000000000000000 ) ) ;
#5462 = CIRCLE ( 'NONE', #6912, 8.000000000000001776 ) ;
#5463 = ORIENTED_EDGE ( 'NONE', *, *, #3985, .T. ) ;
#5464 = ADVANCED_FACE ( 'NONE', ( #7853 ), #5709, .T. ) ;
#5465 = EDGE_LOOP ( 'NONE', ( #7690, #321 ) ) ;
#5466 = ORIENTED_EDGE ( 'NONE', *, *, #7864, .T. ) ;
#5468 = VERTEX_POINT ( 'NONE', #879 ) ;
#5467 = AXIS2_PLACEMENT_3D ( 'NONE', #905, #2469, #8647 ) ;
#5469 = EDGE_CURVE ( 'NONE', #1346, #5539, #8417, .T. ) ;
#5470 = AXIS2_PLACEMENT_3D ( 'NONE', #6028, #3882, #1123 ) ;
#5471 = CARTESIAN_POINT ( 'NONE',  ( 0.000000000000000000, 0.000000000000000000, 0.000000000000000000 ) ) ;
#5472 = DIRECTION ( 'NONE',  ( 1.000000000000000000, 0.000000000000000000, -0.000000000000000000 ) ) ;
#5473 = AXIS2_PLACEMENT_3D ( 'NONE', #8587, #2224, #8544 ) ;
#5474 = FACE_OUTER_BOUND ( 'NONE', #3137, .T. ) ;
#5475 = DIRECTION ( 'NONE',  ( -1.000000000000000000, -0.000000000000000000, -0.000000000000000000 ) ) ;
#5476 = CIRCLE ( 'NONE', #8957, 17.49900000000000233 ) ;
#5477 = AXIS2_PLACEMENT_3D ( 'NONE', #16, #2810, #2259 ) ;
#5478 = ORIENTED_EDGE ( 'NONE', *, *, #7111, .T. ) ;
#5479 = CIRCLE ( 'NONE', #3867, 42.00000000000000000 ) ;
#5480 = AXIS2_PLACEMENT_3D ( 'NONE', #9022, #2762, #8747 ) ;
#5481 = ORIENTED_EDGE ( 'NONE', *, *, #7492, .T. ) ;
#5482 = VERTEX_POINT ( 'NONE', #7712 ) ;
#5483 = CYLINDRICAL_SURFACE ( 'NONE', #5347, 16.00000000000000000 ) ;
#5484 = DIRECTION ( 'NONE',  ( 0.000000000000000000, -0.9510565162951499785, -0.3090169943749581649 ) ) ;
#5485 = CARTESIAN_POINT ( 'NONE',  ( 7.500000000000002665, 9.508666619816908749, -19.83898331853675145 ) ) ;
#5486 = DIRECTION ( 'NONE',  ( -1.000000000000000000, -0.000000000000000000, 0.000000000000000000 ) ) ;
#5487 = DIRECTION ( 'NONE',  ( -1.000000000000000000, 0.000000000000000000, 0.000000000000000000 ) ) ;
#5488 = AXIS2_PLACEMENT_3D ( 'NONE', #7716, #5024, #6441 ) ;
#5489 = CIRCLE ( 'NONE', #4319, 16.00000000000000355 ) ;
#5490 = ORIENTED_EDGE ( 'NONE', *, *, #9032, .T. ) ;
#5491 = CIRCLE ( 'NONE', #5055, 42.00000000000000000 ) ;
#5492 = AXIS2_PLACEMENT_3D ( 'NONE', #5987, #3924, #6711 ) ;
#5493 = CYLINDRICAL_SURFACE ( 'NONE', #4168, 37.49900000000000944 ) ;
#5494 = DIRECTION ( 'NONE',  ( -1.000000000000000000, 0.000000000000000000, 0.000000000000000000 ) ) ;
#5495 = EDGE_CURVE ( 'NONE', #3167, #6617, #4483, .T. ) ;
#5496 = CARTESIAN_POINT ( 'NONE',  ( 0.000000000000000000, -5.202137450156648413, 37.22597642581155952 ) ) ;
#5497 = ADVANCED_FACE ( 'NONE', ( #5017 ), #2813, .T. ) ;
#5498 = VERTEX_POINT ( 'NONE', #1579 ) ;
#5499 = ORIENTED_EDGE ( 'NONE', *, *, #4723, .T. ) ;
#5500 = ORIENTED_EDGE ( 'NONE', *, *, #30, .F. ) ;
#5501 = CARTESIAN_POINT ( 'NONE',  ( 15.00000000000000178, -21.80633394113448986, 2.912696353505736191 ) ) ;
#5502 = CARTESIAN_POINT ( 'NONE',  ( 15.00000000000000178, 0.000000000000000000, 0.000000000000000000 ) ) ;
#5503 = LINE ( 'NONE', #4683, #1811 ) ;
#5504 = DIRECTION ( 'NONE',  ( 0.000000000000000000, 0.000000000000000000, 1.000000000000000000 ) ) ;
#5505 = CARTESIAN_POINT ( 'NONE',  ( 15.00000000000000178, 13.60411018104335845, -12.96676809804133157 ) ) ;
#5506 = CYLINDRICAL_SURFACE ( 'NONE', #216, 16.00000000000000000 ) ;
#5507 = CARTESIAN_POINT ( 'NONE',  ( 0.000000000000000000, -33.17418723428319538, 17.67226234102815141 ) ) ;
#5508 = VERTEX_POINT ( 'NONE', #793 ) ;
#5509 = ORIENTED_EDGE ( 'NONE', *, *, #5999, .F. ) ;
#5510 = ORIENTED_EDGE ( 'NONE', *, *, #5651, .T. ) ;
#5511 = ORIENTED_EDGE ( 'NONE', *, *, #3868, .T. ) ;
#5512 = AXIS2_PLACEMENT_3D ( 'NONE', #1487, #7664, #3505 ) ;
#5513 = ORIENTED_EDGE ( 'NONE', *, *, #434, .T. ) ;
#5514 = FACE_OUTER_BOUND ( 'NONE', #4944, .T. ) ;
#5515 = DIRECTION ( 'NONE',  ( -1.000000000000000000, 0.000000000000000000, 0.000000000000000000 ) ) ;
#5516 = DIRECTION ( 'NONE',  ( -1.000000000000000000, 0.000000000000000000, 0.000000000000000000 ) ) ;
#5517 = CARTESIAN_POINT ( 'NONE',  ( 0.000000000000000000, 37.22597642581158084, -5.202137450156516962 ) ) ;
#5518 = CYLINDRICAL_SURFACE ( 'NONE', #1708, 16.00000000000000000 ) ;
#5519 = CIRCLE ( 'NONE', #4788, 16.00000000000000000 ) ;
#5520 = ORIENTED_EDGE ( 'NONE', *, *, #537, .T. ) ;
#5521 = AXIS2_PLACEMENT_3D ( 'NONE', #8394, #8266, #2129 ) ;
#5522 = ORIENTED_EDGE ( 'NONE', *, *, #6438, .T. ) ;
#5523 = CARTESIAN_POINT ( 'NONE',  ( 7.500000000000002665, 39.04073710021344823, 15.48615015657595784 ) ) ;
#5524 = DIRECTION ( 'NONE',  ( 0.000000000000000000, 0.000000000000000000, 1.000000000000000000 ) ) ;
#5525 = DIRECTION ( 'NONE',  ( 1.000000000000000000, -0.000000000000000000, -0.000000000000000000 ) ) ;
#5526 = AXIS2_PLACEMENT_3D ( 'NONE', #5759, #8542, #7862 ) ;
#5527 = CARTESIAN_POINT ( 'NONE',  ( 15.00000000000000178, 35.92658777277525672, -10.74501242461246697 ) ) ;
#5528 = EDGE_CURVE ( 'NONE', #567, #3888, #65, .T. ) ;
#5529 = ORIENTED_EDGE ( 'NONE', *, *, #7470, .F. ) ;
#5530 = DIRECTION ( 'NONE',  ( 0.000000000000000000, 0.000000000000000000, 1.000000000000000000 ) ) ;
#5531 = CARTESIAN_POINT ( 'NONE',  ( 0.000000000000000000, 0.000000000000000000, 0.000000000000000000 ) ) ;
#5532 = ADVANCED_FACE ( 'NONE', ( #4383 ), #5070, .F. ) ;
#5533 = CARTESIAN_POINT ( 'NONE',  ( 0.000000000000000000, 30.84782396557248774, -21.32104025579081963 ) ) ;
#5534 = CARTESIAN_POINT ( 'NONE',  ( 15.00000000000000178, 10.74501242461334094, -35.92658777277499382 ) ) ;
#5535 = EDGE_CURVE ( 'NONE', #112, #3760, #7844, .T. ) ;
#5536 = ORIENTED_EDGE ( 'NONE', *, *, #697, .T. ) ;
#5537 = VERTEX_POINT ( 'NONE', #3594 ) ;
#5538 = CIRCLE ( 'NONE', #3631, 37.49900000000000944 ) ;
#5539 = VERTEX_POINT ( 'NONE', #4197 ) ;
#5540 = CARTESIAN_POINT ( 'NONE',  ( 0.000000000000000000, 37.22597642581158084, -5.202137450156516962 ) ) ;
#5541 = EDGE_CURVE ( 'NONE', #4395, #3034, #1442, .T. ) ;
#5542 = CARTESIAN_POINT ( 'NONE',  ( 15.00000000000000178, 27.05870788708232055, 26.08949754953033562 ) ) ;
#5543 = CARTESIAN_POINT ( 'NONE',  ( 0.000000000000000000, 29.81001611431010190, 22.74946021919143035 ) ) ;
#5544 = DIRECTION ( 'NONE',  ( 0.000000000000000000, 0.9510565162951521989, 0.3090169943749515036 ) ) ;
#5545 = EDGE_CURVE ( 'NONE', #4226, #686, #6389, .T. ) ;
#5546 = ADVANCED_FACE ( 'NONE', ( #8441 ), #708, .T. ) ;
#5547 = CARTESIAN_POINT ( 'NONE',  ( 0.000000000000000000, 10.74501242461334094, -35.92658777277499382 ) ) ;
#5548 = DIRECTION ( 'NONE',  ( -1.000000000000000000, -0.000000000000000000, 0.000000000000000000 ) ) ;
#5549 = ORIENTED_EDGE ( 'NONE', *, *, #6999, .F. ) ;
#5550 = ORIENTED_EDGE ( 'NONE', *, *, #2726, .T. ) ;
#5551 = ORIENTED_EDGE ( 'NONE', *, *, #5299, .F. ) ;
#5552 = EDGE_LOOP ( 'NONE', ( #5882, #1324 ) ) ;
#5553 = ORIENTED_EDGE ( 'NONE', *, *, #428, .T. ) ;
#5554 = EDGE_CURVE ( 'NONE', #5752, #5834, #6969, .T. ) ;
#5555 = CARTESIAN_POINT ( 'NONE',  ( 15.00000000000000178, -13.60411018104326963, 12.96676809804142927 ) ) ;
#5556 = CARTESIAN_POINT ( 'NONE',  ( -10.00000000000000000, 0.000000000000000000, 0.000000000000000000 ) ) ;
#5557 = CIRCLE ( 'NONE', #2038, 16.00000000000000000 ) ;
#5558 = CARTESIAN_POINT ( 'NONE',  ( 15.00000000000000178, 6.736453364083550888, 36.88895765772636537 ) ) ;
#5559 = CIRCLE ( 'NONE', #1751, 42.00000000000000000 ) ;
#5560 = CARTESIAN_POINT ( 'NONE',  ( 7.500000000000002665, 39.04073710021366139, -15.48615015657541782 ) ) ;
#5561 = ADVANCED_FACE ( 'NONE', ( #2948 ), #4247, .T. ) ;
#5562 = CARTESIAN_POINT ( 'NONE',  ( 15.00000000000000178, 30.00120703465236005, -22.64427369931139467 ) ) ;
#5563 = EDGE_LOOP ( 'NONE', ( #2890, #1717, #410, #6523 ) ) ;
#5564 = AXIS2_PLACEMENT_3D ( 'NONE', #4348, #4987, #5030 ) ;
#5565 = EDGE_LOOP ( 'NONE', ( #594, #3105, #6793, #6066 ) ) ;
#5566 = CARTESIAN_POINT ( 'NONE',  ( 0.000000000000000000, -33.79645857604501913, -16.45098606841160915 ) ) ;
#5567 = MECHANICAL_DESIGN_GEOMETRIC_PRESENTATION_REPRESENTATION (  '', ( #3373 ), #1910 ) ;
#5568 = LINE ( 'NONE', #4105, #5337 ) ;
#5569 = CARTESIAN_POINT ( 'NONE',  ( 0.000000000000000000, 6.336799421339807559, 16.31134495048484467 ) ) ;
#5570 = DIRECTION ( 'NONE',  ( -1.000000000000000000, -0.000000000000000000, 0.000000000000000000 ) ) ;
#5571 = DIRECTION ( 'NONE',  ( 0.000000000000000000, 0.000000000000000000, 1.000000000000000000 ) ) ;
#5572 = ORIENTED_EDGE ( 'NONE', *, *, #1438, .F. ) ;
#5573 = VECTOR ( 'NONE', #3756, 1000.000000000000000 ) ;
#5574 = ORIENTED_EDGE ( 'NONE', *, *, #1175, .T. ) ;
#5575 = LINE ( 'NONE', #2220, #4697 ) ;
#5576 = DIRECTION ( 'NONE',  ( 0.000000000000000000, 1.000000000000000000, 3.491481338843133355E-15 ) ) ;
#5577 = EDGE_CURVE ( 'NONE', #60, #6792, #7033, .T. ) ;
#5578 = CARTESIAN_POINT ( 'NONE',  ( 15.00000000000000178, -15.48615015657609995, 39.04073710021338428 ) ) ;
#5579 = EDGE_CURVE ( 'NONE', #2844, #6915, #2862, .T. ) ;
#5580 = DIRECTION ( 'NONE',  ( -1.000000000000000000, 0.000000000000000000, 0.000000000000000000 ) ) ;
#5581 = ADVANCED_FACE ( 'NONE', ( #108 ), #1535, .T. ) ;
#5582 = ORIENTED_EDGE ( 'NONE', *, *, #1857, .T. ) ;
#5583 = ORIENTED_EDGE ( 'NONE', *, *, #4190, .T. ) ;
#5584 = ORIENTED_EDGE ( 'NONE', *, *, #6251, .F. ) ;
#5585 = CARTESIAN_POINT ( 'NONE',  ( 0.000000000000000000, 0.000000000000000000, 0.000000000000000000 ) ) ;
#5586 = LINE ( 'NONE', #7906, #4439 ) ;
#5587 = CARTESIAN_POINT ( 'NONE',  ( 50.00005079999999680, 0.000000000000000000, 0.000000000000000000 ) ) ;
#5588 = CARTESIAN_POINT ( 'NONE',  ( 15.00000000000000178, 0.000000000000000000, 0.000000000000000000 ) ) ;
#5589 = DIRECTION ( 'NONE',  ( 1.000000000000000000, 0.000000000000000000, 0.000000000000000000 ) ) ;
#5590 = EDGE_LOOP ( 'NONE', ( #8642, #846, #5810, #5974 ) ) ;
#5591 = VERTEX_POINT ( 'NONE', #6616 ) ;
#5592 = ORIENTED_EDGE ( 'NONE', *, *, #5699, .F. ) ;
#5593 = EDGE_LOOP ( 'NONE', ( #4271, #4861, #5962, #3266 ) ) ;
#5594 = ORIENTED_EDGE ( 'NONE', *, *, #3748, .T. ) ;
#5595 = CARTESIAN_POINT ( 'NONE',  ( 15.00000000000000178, 0.000000000000000000, 0.000000000000000000 ) ) ;
#5596 = DIRECTION ( 'NONE',  ( 0.000000000000000000, 0.000000000000000000, 1.000000000000000000 ) ) ;
#5597 = DIRECTION ( 'NONE',  ( -1.000000000000000000, 0.000000000000000000, -0.000000000000000000 ) ) ;
#5598 = DIRECTION ( 'NONE',  ( 0.000000000000000000, 0.4539904997395412534, 0.8910065241883706744 ) ) ;
#5599 = CIRCLE ( 'NONE', #1201, 42.00000000000000000 ) ;
#5600 = LINE ( 'NONE', #6383, #1085 ) ;
#5601 = DIRECTION ( 'NONE',  ( -1.000000000000000000, -0.000000000000000000, -0.000000000000000000 ) ) ;
#5602 = EDGE_CURVE ( 'NONE', #4952, #3327, #8568, .T. ) ;
#5603 = CIRCLE ( 'NONE', #2377, 15.99999999999999645 ) ;
#5604 = ORIENTED_EDGE ( 'NONE', *, *, #6120, .F. ) ;
#5605 = CIRCLE ( 'NONE', #8948, 37.49900000000001654 ) ;
#5606 = ORIENTED_EDGE ( 'NONE', *, *, #2011, .F. ) ;
#5607 = AXIS2_PLACEMENT_3D ( 'NONE', #2015, #6868, #4123 ) ;
#5608 = EDGE_CURVE ( 'NONE', #3011, #5186, #2722, .T. ) ;
#5609 = LINE ( 'NONE', #7706, #1092 ) ;
#5610 =( NAMED_UNIT ( * ) PLANE_ANGLE_UNIT ( ) SI_UNIT ( $, .RADIAN. ) );
#5611 = FACE_OUTER_BOUND ( 'NONE', #7653, .T. ) ;
#5612 = FACE_OUTER_BOUND ( 'NONE', #4765, .T. ) ;
#5613 = DIRECTION ( 'NONE',  ( -1.000000000000000000, 0.000000000000000000, 0.000000000000000000 ) ) ;
#5614 = CIRCLE ( 'NONE', #4446, 37.49900000000001654 ) ;
#5615 = CIRCLE ( 'NONE', #3424, 8.000000000000001776 ) ;
#5616 = AXIS2_PLACEMENT_3D ( 'NONE', #8072, #6470, #197 ) ;
#5617 = ORIENTED_EDGE ( 'NONE', *, *, #4864, .T. ) ;
#5618 = ORIENTED_EDGE ( 'NONE', *, *, #671, .T. ) ;
#5619 = DIRECTION ( 'NONE',  ( 0.000000000000000000, 0.000000000000000000, 1.000000000000000000 ) ) ;
#5620 = CARTESIAN_POINT ( 'NONE',  ( 15.00000000000000178, -5.202137450156123499, -37.22597642581163058 ) ) ;
#5621 = AXIS2_PLACEMENT_3D ( 'NONE', #6040, #6726, #7696 ) ;
#5622 = AXIS2_PLACEMENT_3D ( 'NONE', #4388, #3511, #3015 ) ;
#5623 = DIRECTION ( 'NONE',  ( 1.000000000000000000, 0.000000000000000000, 0.000000000000000000 ) ) ;
#5624 = CARTESIAN_POINT ( 'NONE',  ( 0.000000000000000000, -16.92083251265328769, 4.460989585140898939 ) ) ;
#5625 = AXIS2_PLACEMENT_3D ( 'NONE', #7608, #4137, #8430 ) ;
#5626 = ADVANCED_FACE ( 'NONE', ( #3104 ), #1762, .T. ) ;
#5627 = VERTEX_POINT ( 'NONE', #977 ) ;
#5628 = ORIENTED_EDGE ( 'NONE', *, *, #4238, .F. ) ;
#5629 = AXIS2_PLACEMENT_3D ( 'NONE', #1791, #3214, #5147 ) ;
#5630 = CARTESIAN_POINT ( 'NONE',  ( 50.00005079999999680, 1.224646799147353256E-15, -10.00000000000000000 ) ) ;
#5631 = CARTESIAN_POINT ( 'NONE',  ( 15.00000000000000178, 5.202137450156900655, -37.22597642581151689 ) ) ;
#5632 = DIRECTION ( 'NONE',  ( -1.000000000000000000, -0.000000000000000000, 0.000000000000000000 ) ) ;
#5633 = DIRECTION ( 'NONE',  ( 0.000000000000000000, -0.4539904997395351471, -0.8910065241883738940 ) ) ;
#5634 = DIRECTION ( 'NONE',  ( -1.000000000000000000, 0.000000000000000000, 0.000000000000000000 ) ) ;
#5635 = DIRECTION ( 'NONE',  ( -1.000000000000000000, 0.000000000000000000, 0.000000000000000000 ) ) ;
#5636 = ORIENTED_EDGE ( 'NONE', *, *, #1494, .T. ) ;
#5637 = CARTESIAN_POINT ( 'NONE',  ( 15.00000000000000178, 0.000000000000000000, 0.000000000000000000 ) ) ;
#5638 = EDGE_LOOP ( 'NONE', ( #5445, #8640, #2695, #7142 ) ) ;
#5639 = ORIENTED_EDGE ( 'NONE', *, *, #8265, .T. ) ;
#5640 = EDGE_CURVE ( 'NONE', #4749, #1425, #245, .T. ) ;
#5641 = ORIENTED_EDGE ( 'NONE', *, *, #3546, .T. ) ;
#5642 = ORIENTED_EDGE ( 'NONE', *, *, #6124, .T. ) ;
#5643 = AXIS2_PLACEMENT_3D ( 'NONE', #5993, #8007, #7964 ) ;
#5644 = CIRCLE ( 'NONE', #8145, 21.99999999999999645 ) ;
#5645 = CYLINDRICAL_SURFACE ( 'NONE', #4731, 16.00000000000000000 ) ;
#5646 = CARTESIAN_POINT ( 'NONE',  ( -10.00000000000000000, 0.000000000000000000, 0.000000000000000000 ) ) ;
#5647 = CARTESIAN_POINT ( 'NONE',  ( 0.000000000000000000, -16.53603053422212810, 8.931325931664536810 ) ) ;
#5648 = DIRECTION ( 'NONE',  ( -1.000000000000000000, -0.000000000000000000, -0.000000000000000000 ) ) ;
#5649 = DIRECTION ( 'NONE',  ( -1.000000000000000000, 0.000000000000000000, 0.000000000000000000 ) ) ;
#5650 = DIRECTION ( 'NONE',  ( 0.000000000000000000, -0.5877852522924625900, -0.8090169943749551118 ) ) ;
#5651 = EDGE_CURVE ( 'NONE', #1944, #6508, #3754, .T. ) ;
#5652 = VERTEX_POINT ( 'NONE', #8620 ) ;
#5653 = ADVANCED_FACE ( 'NONE', ( #8751 ), #5796, .T. ) ;
#5654 = EDGE_LOOP ( 'NONE', ( #8213, #4733, #7080, #6555 ) ) ;
#5655 = ORIENTED_EDGE ( 'NONE', *, *, #7917, .T. ) ;
#5656 = VECTOR ( 'NONE', #1895, 1000.000000000000000 ) ;
#5657 = CARTESIAN_POINT ( 'NONE',  ( 0.000000000000000000, 5.202137450156383736, 37.22597642581160216 ) ) ;
#5658 = EDGE_CURVE ( 'NONE', #1834, #5425, #1062, .T. ) ;
#5659 = AXIS2_PLACEMENT_3D ( 'NONE', #8888, #5475, #6751 ) ;
#5660 = SHAPE_DEFINITION_REPRESENTATION ( #7468, #698 ) ;
#5661 = DIRECTION ( 'NONE',  ( -1.000000000000000000, -0.000000000000000000, -0.000000000000000000 ) ) ;
#5662 = CARTESIAN_POINT ( 'NONE',  ( 0.000000000000000000, 9.471478019455346953, -14.71414642875943990 ) ) ;
#5663 = CARTESIAN_POINT ( 'NONE',  ( 7.500000000000002665, -21.63912866391134315, -3.968388925835035330 ) ) ;
#5664 = CARTESIAN_POINT ( 'NONE',  ( 0.000000000000000000, -37.58145647212454321, 16.68533520207891030 ) ) ;
#5665 = EDGE_CURVE ( 'NONE', #380, #23, #4491, .T. ) ;
#5666 = ORIENTED_EDGE ( 'NONE', *, *, #5254, .F. ) ;
#5667 = AXIS2_PLACEMENT_3D ( 'NONE', #783, #3586, #6384 ) ;
#5668 = VERTEX_POINT ( 'NONE', #2354 ) ;
#5669 = CARTESIAN_POINT ( 'NONE',  ( 15.00000000000000178, 4.992566952385532275, -37.16516213103273003 ) ) ;
#5670 = DIRECTION ( 'NONE',  ( 0.000000000000000000, 0.000000000000000000, 1.000000000000000000 ) ) ;
#5671 = VECTOR ( 'NONE', #2860, 1000.000000000000000 ) ;
#5672 = CARTESIAN_POINT ( 'NONE',  ( 15.00000000000000178, 0.000000000000000000, 0.000000000000000000 ) ) ;
#5673 = DIRECTION ( 'NONE',  ( 0.000000000000000000, 0.000000000000000000, 1.000000000000000000 ) ) ;
#5675 = EDGE_CURVE ( 'NONE', #4613, #6230, #966, .T. ) ;
#5674 = DIRECTION ( 'NONE',  ( 0.000000000000000000, 0.9510565162951544194, -0.3090169943749447312 ) ) ;
#5676 = CIRCLE ( 'NONE', #1719, 21.99999999999999289 ) ;
#5677 = AXIS2_PLACEMENT_3D ( 'NONE', #7343, #1071, #7249 ) ;
#5678 = ORIENTED_EDGE ( 'NONE', *, *, #1403, .T. ) ;
#5679 = ORIENTED_EDGE ( 'NONE', *, *, #5926, .F. ) ;
#5680 = DIRECTION ( 'NONE',  ( 0.000000000000000000, 0.000000000000000000, 1.000000000000000000 ) ) ;
#5681 = CARTESIAN_POINT ( 'NONE',  ( 15.00000000000000178, -14.71414642875961221, 9.471478019455089381 ) ) ;
#5682 = CARTESIAN_POINT ( 'NONE',  ( 15.00000000000000178, -2.663952781846430362, 41.91543099594817789 ) ) ;
#5683 = DIRECTION ( 'NONE',  ( 0.000000000000000000, 0.000000000000000000, 1.000000000000000000 ) ) ;
#5684 = CARTESIAN_POINT ( 'NONE',  ( 15.00000000000000178, 10.96151621346539606, -35.95386929396244113 ) ) ;
#5685 = ORIENTED_EDGE ( 'NONE', *, *, #8838, .F. ) ;
#5686 = VERTEX_POINT ( 'NONE', #4471 ) ;
#5687 = ORIENTED_EDGE ( 'NONE', *, *, #8610, .T. ) ;
#5688 = ORIENTED_EDGE ( 'NONE', *, *, #263, .T. ) ;
#5689 = ORIENTED_EDGE ( 'NONE', *, *, #4431, .F. ) ;
#5690 = DIRECTION ( 'NONE',  ( -1.000000000000000000, 0.000000000000000000, 0.000000000000000000 ) ) ;
#5691 = LINE ( 'NONE', #1745, #7497 ) ;
#5692 = EDGE_CURVE ( 'NONE', #686, #3820, #1992, .T. ) ;
#5693 = AXIS2_PLACEMENT_3D ( 'NONE', #7617, #3374, #7573 ) ;
#5694 = CARTESIAN_POINT ( 'NONE',  ( 15.00000000000000178, 37.01155633439067572, -6.555932627142019520 ) ) ;
#5695 = LINE ( 'NONE', #2849, #2642 ) ;
#5696 = DIRECTION ( 'NONE',  ( -1.000000000000000000, 0.000000000000000000, 0.000000000000000000 ) ) ;
#5697 = EDGE_CURVE ( 'NONE', #380, #2334, #5800, .T. ) ;
#5698 = DIRECTION ( 'NONE',  ( 0.000000000000000000, -0.1564344650402381687, 0.9876883405951364381 ) ) ;
#5699 = EDGE_CURVE ( 'NONE', #3221, #567, #6534, .T. ) ;
#5700 = EDGE_CURVE ( 'NONE', #4291, #2671, #1856, .T. ) ;
#5701 = VERTEX_POINT ( 'NONE', #3918 ) ;
#5702 = ORIENTED_EDGE ( 'NONE', *, *, #1047, .F. ) ;
#5703 = VERTEX_POINT ( 'NONE', #1020 ) ;
#5704 = CARTESIAN_POINT ( 'NONE',  ( 15.00000000000000178, 0.000000000000000000, 0.000000000000000000 ) ) ;
#5705 = VECTOR ( 'NONE', #3141, 1000.000000000000000 ) ;
#5706 =( NAMED_UNIT ( * ) PLANE_ANGLE_UNIT ( ) SI_UNIT ( $, .RADIAN. ) );
#5707 = DIRECTION ( 'NONE',  ( -1.000000000000000000, -0.000000000000000000, 0.000000000000000000 ) ) ;
#5708 = CARTESIAN_POINT ( 'NONE',  ( 15.00000000000000178, 26.79245525562714647, 32.34446384429980981 ) ) ;
#5709 = CYLINDRICAL_SURFACE ( 'NONE', #3317, 42.00000000000000000 ) ;
#5710 = CIRCLE ( 'NONE', #9042, 37.49900000000001654 ) ;
#5711 = CIRCLE ( 'NONE', #6435, 42.00000000000000000 ) ;
#5712 = ORIENTED_EDGE ( 'NONE', *, *, #1233, .F. ) ;
#5713 = EDGE_LOOP ( 'NONE', ( #2562, #5549, #4780, #6125 ) ) ;
#5714 = AXIS2_PLACEMENT_3D ( 'NONE', #6151, #3312, #2619 ) ;
#5715 = LINE ( 'NONE', #2869, #1148 ) ;
#5716 = DIRECTION ( 'NONE',  ( 0.000000000000000000, 0.000000000000000000, 1.000000000000000000 ) ) ;
#5717 = CARTESIAN_POINT ( 'NONE',  ( 0.000000000000000000, 21.53537804866080663, 30.80686688397018358 ) ) ;
#5718 = DIRECTION ( 'NONE',  ( 0.000000000000000000, 0.000000000000000000, 1.000000000000000000 ) ) ;
#5719 = DIRECTION ( 'NONE',  ( 1.000000000000000000, -0.000000000000000000, -0.000000000000000000 ) ) ;
#5720 = AXIS2_PLACEMENT_3D ( 'NONE', #5585, #8193, #8868 ) ;
#5721 = ADVANCED_FACE ( 'NONE', ( #3829 ), #4609, .T. ) ;
#5722 = ORIENTED_EDGE ( 'NONE', *, *, #3792, .F. ) ;
#5723 = ORIENTED_EDGE ( 'NONE', *, *, #2597, .F. ) ;
#5724 = DIRECTION ( 'NONE',  ( -1.000000000000000000, 0.000000000000000000, 0.000000000000000000 ) ) ;
#5725 = CARTESIAN_POINT ( 'NONE',  ( 7.500000000000002665, 38.55633173627033727, -16.65560815589370236 ) ) ;
#5726 = EDGE_CURVE ( 'NONE', #6617, #3291, #2280, .T. ) ;
#5727 = CARTESIAN_POINT ( 'NONE',  ( 15.00000000000000178, 0.000000000000000000, 0.000000000000000000 ) ) ;
#5728 = DIRECTION ( 'NONE',  ( -1.000000000000000000, -0.000000000000000000, -0.000000000000000000 ) ) ;
#5729 = CARTESIAN_POINT ( 'NONE',  ( 15.00000000000000178, -8.128228055638970773, 16.94522934049207663 ) ) ;
#5730 = ORIENTED_EDGE ( 'NONE', *, *, #4906, .T. ) ;
#5731 = EDGE_LOOP ( 'NONE', ( #5884, #4438, #2510, #3956 ) ) ;
#5732 = ORIENTED_EDGE ( 'NONE', *, *, #5144, .F. ) ;
#5733 = ORIENTED_EDGE ( 'NONE', *, *, #2558, .T. ) ;
#5734 = VERTEX_POINT ( 'NONE', #5251 ) ;
#5735 = CARTESIAN_POINT ( 'NONE',  ( 0.000000000000000000, -12.26510123303285127, 35.53030884539080603 ) ) ;
#5736 = DIRECTION ( 'NONE',  ( -1.000000000000000000, -0.000000000000000000, -0.000000000000000000 ) ) ;
#5737 = CARTESIAN_POINT ( 'NONE',  ( 15.00000000000000178, -12.26510123303235034, -35.53030884539097656 ) ) ;
#5738 = CARTESIAN_POINT ( 'NONE',  ( 7.500000000000002665, -16.65560815589384092, -38.55633173627028043 ) ) ;
#5739 = DIRECTION ( 'NONE',  ( 0.000000000000000000, -0.8090169943749530024, 0.5877852522924652545 ) ) ;
#5740 = CARTESIAN_POINT ( 'NONE',  ( 15.00000000000000178, 0.000000000000000000, 0.000000000000000000 ) ) ;
#5741 = EDGE_CURVE ( 'NONE', #7144, #8548, #3459, .T. ) ;
#5742 = CIRCLE ( 'NONE', #2077, 8.000000000000000000 ) ;
#5743 = ORIENTED_EDGE ( 'NONE', *, *, #7667, .F. ) ;
#5744 = EDGE_LOOP ( 'NONE', ( #9020, #6804, #6627, #4087 ) ) ;
#5745 = ORIENTED_EDGE ( 'NONE', *, *, #8643, .F. ) ;
#5746 = CARTESIAN_POINT ( 'NONE',  ( 15.00000000000000178, -2.912696353505966229, 21.80633394113445789 ) ) ;
#5747 = DIRECTION ( 'NONE',  ( 0.000000000000000000, 0.1564344650402313408, -0.9876883405951376593 ) ) ;
#5748 = DIRECTION ( 'NONE',  ( 0.000000000000000000, 0.3090169943749412340, 0.9510565162951556406 ) ) ;
#5749 = CARTESIAN_POINT ( 'NONE',  ( 7.500000000000002665, 3.968388925835111269, -21.63912866391133250 ) ) ;
#5750 = AXIS2_PLACEMENT_3D ( 'NONE', #3580, #6379, #733 ) ;
#5751 = CIRCLE ( 'NONE', #2969, 16.00000000000000000 ) ;
#5752 = VERTEX_POINT ( 'NONE', #8298 ) ;
#5753 = ORIENTED_EDGE ( 'NONE', *, *, #7801, .F. ) ;
#5754 = DIRECTION ( 'NONE',  ( 0.000000000000000000, 0.000000000000000000, 1.000000000000000000 ) ) ;
#5755 = AXIS2_PLACEMENT_3D ( 'NONE', #459, #588, #3253 ) ;
#5756 = FACE_OUTER_BOUND ( 'NONE', #6945, .T. ) ;
#5757 = CIRCLE ( 'NONE', #2237, 16.00000000000000355 ) ;
#5758 = LINE ( 'NONE', #8541, #2951 ) ;
#5759 = CARTESIAN_POINT ( 'NONE',  ( 15.00000000000000178, 17.67226234102874827, -33.17418723428287564 ) ) ;
#5760 = DIRECTION ( 'NONE',  ( 0.000000000000000000, 0.000000000000000000, 1.000000000000000000 ) ) ;
#5761 = AXIS2_PLACEMENT_3D ( 'NONE', #8294, #516, #2525 ) ;
#5762 = VECTOR ( 'NONE', #758, 1000.000000000000000 ) ;
#5763 = ORIENTED_EDGE ( 'NONE', *, *, #4036, .T. ) ;
#5764 = CIRCLE ( 'NONE', #8675, 17.49900000000000233 ) ;
#5765 = ADVANCED_FACE ( 'NONE', ( #1199 ), #5518, .T. ) ;
#5766 = EDGE_LOOP ( 'NONE', ( #7806, #2152, #6243, #6289 ) ) ;
#5767 = AXIS2_PLACEMENT_3D ( 'NONE', #469, #3405, #6748 ) ;
#5768 = DIRECTION ( 'NONE',  ( 0.000000000000000000, -0.9510565162951566398, 0.3090169943749382919 ) ) ;
#5769 = CARTESIAN_POINT ( 'NONE',  ( 15.00000000000000178, 26.08949754953023614, 27.05870788708242003 ) ) ;
#5770 = DIRECTION ( 'NONE',  ( 0.000000000000000000, 0.000000000000000000, 1.000000000000000000 ) ) ;
#5771 = EDGE_CURVE ( 'NONE', #5892, #5703, #8856, .T. ) ;
#5772 = CIRCLE ( 'NONE', #2996, 6.000000000000000888 ) ;
#5773 = DIRECTION ( 'NONE',  ( 1.000000000000000000, -0.000000000000000000, -0.000000000000000000 ) ) ;
#5774 = CYLINDRICAL_SURFACE ( 'NONE', #2783, 16.00000000000000000 ) ;
#5775 = VERTEX_POINT ( 'NONE', #1855 ) ;
#5776 = ADVANCED_FACE ( 'NONE', ( #5392 ), #1940, .T. ) ;
#5777 = ORIENTED_EDGE ( 'NONE', *, *, #3826, .T. ) ;
#5778 = ORIENTED_EDGE ( 'NONE', *, *, #4717, .F. ) ;
#5779 = ORIENTED_EDGE ( 'NONE', *, *, #1203, .F. ) ;
#5780 = ORIENTED_EDGE ( 'NONE', *, *, #8408, .F. ) ;
#5781 = AXIS2_PLACEMENT_3D ( 'NONE', #8637, #2368, #3027 ) ;
#5782 = AXIS2_PLACEMENT_3D ( 'NONE', #4103, #6807, #6888 ) ;
#5783 = CARTESIAN_POINT ( 'NONE',  ( 0.000000000000000000, 27.75498641678742828, 31.52238457039609187 ) ) ;
#5784 = CARTESIAN_POINT ( 'NONE',  ( 15.00000000000000178, -27.75498641678765210, 31.52238457039588937 ) ) ;
#5785 = DIRECTION ( 'NONE',  ( -1.000000000000000000, -0.000000000000000000, 0.000000000000000000 ) ) ;
#5786 = LINE ( 'NONE', #5738, #4581 ) ;
#5787 = CARTESIAN_POINT ( 'NONE',  ( 15.00000000000000178, -2.494040418455481412, 18.62763138773849647 ) ) ;
#5788 = DIRECTION ( 'NONE',  ( 0.000000000000000000, 0.000000000000000000, 1.000000000000000000 ) ) ;
#5789 = EDGE_CURVE ( 'NONE', #8694, #996, #4929, .T. ) ;
#5790 = ORIENTED_EDGE ( 'NONE', *, *, #6251, .T. ) ;
#5791 = ORIENTED_EDGE ( 'NONE', *, *, #1775, .F. ) ;
#5792 = ORIENTED_EDGE ( 'NONE', *, *, #6332, .T. ) ;
#5793 = CYLINDRICAL_SURFACE ( 'NONE', #52, 16.00000000000000000 ) ;
#5794 = CARTESIAN_POINT ( 'NONE',  ( 15.00000000000000178, -10.74501242461309225, 35.92658777277508619 ) ) ;
#5795 = DIRECTION ( 'NONE',  ( -1.000000000000000000, 0.000000000000000000, 0.000000000000000000 ) ) ;
#5796 = CYLINDRICAL_SURFACE ( 'NONE', #89, 37.49900000000000944 ) ;
#5797 = AXIS2_PLACEMENT_3D ( 'NONE', #6581, #3790, #5260 ) ;
#5798 = ORIENTED_EDGE ( 'NONE', *, *, #1663, .F. ) ;
#5799 = ORIENTED_EDGE ( 'NONE', *, *, #8752, .F. ) ;
#5800 = CIRCLE ( 'NONE', #3598, 17.49900000000000233 ) ;
#5801 = DIRECTION ( 'NONE',  ( -1.000000000000000000, -0.000000000000000000, 0.000000000000000000 ) ) ;
#5802 = CARTESIAN_POINT ( 'NONE',  ( 15.00000000000000178, 33.17418723428333038, -17.67226234102790627 ) ) ;
#5803 = EDGE_CURVE ( 'NONE', #5834, #7410, #7609, .T. ) ;
#5804 = CARTESIAN_POINT ( 'NONE',  ( 15.00000000000000178, 0.000000000000000000, 0.000000000000000000 ) ) ;
#5805 = CARTESIAN_POINT ( 'NONE',  ( 15.00000000000000178, -33.17418723428293958, -17.67226234102863103 ) ) ;
#5806 = LINE ( 'NONE', #8586, #8156 ) ;
#5807 = DIRECTION ( 'NONE',  ( -1.000000000000000000, 0.000000000000000000, -0.000000000000000000 ) ) ;
#5808 = CIRCLE ( 'NONE', #5667, 16.00000000000000000 ) ;
#5809 = EDGE_CURVE ( 'NONE', #111, #9021, #1334, .T. ) ;
#5810 = ORIENTED_EDGE ( 'NONE', *, *, #6647, .F. ) ;
#5811 = ORIENTED_EDGE ( 'NONE', *, *, #651, .F. ) ;
#5812 = AXIS2_PLACEMENT_3D ( 'NONE', #8576, #3593, #156 ) ;
#5813 = DIRECTION ( 'NONE',  ( -1.000000000000000000, -0.000000000000000000, -0.000000000000000000 ) ) ;
#5814 = FACE_OUTER_BOUND ( 'NONE', #3573, .T. ) ;
#5815 = DIRECTION ( 'NONE',  ( -1.000000000000000000, -0.000000000000000000, -0.000000000000000000 ) ) ;
#5816 = AXIS2_PLACEMENT_3D ( 'NONE', #7502, #1229, #6824 ) ;
#5817 = FACE_OUTER_BOUND ( 'NONE', #3077, .T. ) ;
#5818 = DIRECTION ( 'NONE',  ( 1.000000000000000000, 0.000000000000000000, 0.000000000000000000 ) ) ;
#5819 = AXIS2_PLACEMENT_3D ( 'NONE', #5990, #4623, #1125 ) ;
#5820 = EDGE_LOOP ( 'NONE', ( #5280, #8996, #7975, #3455 ) ) ;
#5821 = ORIENTED_EDGE ( 'NONE', *, *, #8223, .F. ) ;
#5822 = ORIENTED_EDGE ( 'NONE', *, *, #1164, .T. ) ;
#5823 = VERTEX_POINT ( 'NONE', #4095 ) ;
#5824 = ORIENTED_EDGE ( 'NONE', *, *, #5658, .T. ) ;
#5825 = EDGE_CURVE ( 'NONE', #2931, #764, #7258, .T. ) ;
#5826 = CARTESIAN_POINT ( 'NONE',  ( 15.00000000000000178, 0.000000000000000000, 0.000000000000000000 ) ) ;
#5827 = DIRECTION ( 'NONE',  ( -1.000000000000000000, -0.000000000000000000, 0.000000000000000000 ) ) ;
#5828 = DIRECTION ( 'NONE',  ( 0.000000000000000000, -0.5877852522924624790, -0.8090169943749551118 ) ) ;
#5829 = DIRECTION ( 'NONE',  ( 0.000000000000000000, 0.000000000000000000, 1.000000000000000000 ) ) ;
#5830 = FACE_OUTER_BOUND ( 'NONE', #6687, .T. ) ;
#5831 = EDGE_CURVE ( 'NONE', #8611, #370, #670, .T. ) ;
#5832 = DIRECTION ( 'NONE',  ( -1.000000000000000000, -0.000000000000000000, -0.000000000000000000 ) ) ;
#5833 = EDGE_LOOP ( 'NONE', ( #7053, #4317, #3541, #4165 ) ) ;
#5834 = VERTEX_POINT ( 'NONE', #3964 ) ;
#5835 = ORIENTED_EDGE ( 'NONE', *, *, #7309, .F. ) ;
#5836 = EDGE_CURVE ( 'NONE', #6916, #7331, #6102, .T. ) ;
#5837 = EDGE_CURVE ( 'NONE', #3035, #662, #7432, .T. ) ;
#5838 = VERTEX_POINT ( 'NONE', #473 ) ;
#5839 = AXIS2_PLACEMENT_3D ( 'NONE', #8197, #3257, #5458 ) ;
#5840 = CARTESIAN_POINT ( 'NONE',  ( 15.00000000000000178, 0.000000000000000000, 0.000000000000000000 ) ) ;
#5841 = CARTESIAN_POINT ( 'NONE',  ( 0.000000000000000000, -2.912696353505965341, 21.80633394113445789 ) ) ;
#5842 = CIRCLE ( 'NONE', #4235, 37.49900000000001654 ) ;
#5843 = EDGE_CURVE ( 'NONE', #6175, #3677, #1248, .T. ) ;
#5844 = DIRECTION ( 'NONE',  ( 0.000000000000000000, 0.000000000000000000, 1.000000000000000000 ) ) ;
#5845 = CARTESIAN_POINT ( 'NONE',  ( 15.00000000000000178, 0.000000000000000000, 0.000000000000000000 ) ) ;
#5846 = DIRECTION ( 'NONE',  ( 0.000000000000000000, 0.7071067811865439090, 0.7071067811865512365 ) ) ;
#5847 = DIRECTION ( 'NONE',  ( 0.000000000000000000, 0.5877852522924685852, 0.8090169943749508930 ) ) ;
#5848 = ORIENTED_EDGE ( 'NONE', *, *, #581, .F. ) ;
#5849 = CARTESIAN_POINT ( 'NONE',  ( 15.00000000000000178, 6.555932627142957436, -37.01155633439051940 ) ) ;
#5850 = FACE_OUTER_BOUND ( 'NONE', #6242, .T. ) ;
#5851 = EDGE_CURVE ( 'NONE', #6554, #6543, #393, .T. ) ;
#5852 = DIRECTION ( 'NONE',  ( 0.000000000000000000, 0.000000000000000000, 1.000000000000000000 ) ) ;
#5853 = DIRECTION ( 'NONE',  ( 0.000000000000000000, 0.000000000000000000, 1.000000000000000000 ) ) ;
#5854 = DIRECTION ( 'NONE',  ( -1.000000000000000000, -0.000000000000000000, -0.000000000000000000 ) ) ;
#5855 = LINE ( 'NONE', #6624, #3163 ) ;
#5856 = AXIS2_PLACEMENT_3D ( 'NONE', #5932, #5248, #1759 ) ;
#5857 = EDGE_CURVE ( 'NONE', #854, #7027, #4351, .T. ) ;
#5858 = CIRCLE ( 'NONE', #6866, 42.00000000000000000 ) ;
#5859 = EDGE_LOOP ( 'NONE', ( #6477, #4690, #5367, #955 ) ) ;
#5860 = ORIENTED_EDGE ( 'NONE', *, *, #3228, .F. ) ;
#5861 = EDGE_CURVE ( 'NONE', #8424, #6684, #3226, .T. ) ;
#5862 = CARTESIAN_POINT ( 'NONE',  ( 15.00000000000000178, -19.35373470438974408, -10.46102064772361118 ) ) ;
#5863 = DIRECTION ( 'NONE',  ( -1.000000000000000000, 0.000000000000000000, 0.000000000000000000 ) ) ;
#5864 = CIRCLE ( 'NONE', #6160, 21.99999999999999289 ) ;
#5865 = CARTESIAN_POINT ( 'NONE',  ( 7.500000000000002665, -40.68715046381936418, 10.41901085202063371 ) ) ;
#5866 = AXIS2_PLACEMENT_3D ( 'NONE', #1977, #6061, #3215 ) ;
#5867 = EDGE_CURVE ( 'NONE', #5409, #7278, #819, .T. ) ;
#5868 = CARTESIAN_POINT ( 'NONE',  ( 0.000000000000000000, 0.000000000000000000, 0.000000000000000000 ) ) ;
#5869 = CARTESIAN_POINT ( 'NONE',  ( 0.000000000000000000, 0.000000000000000000, 0.000000000000000000 ) ) ;
#5870 = ORIENTED_EDGE ( 'NONE', *, *, #4245, .T. ) ;
#5871 = EDGE_LOOP ( 'NONE', ( #3666, #7713, #6403, #3182 ) ) ;
#5872 = VERTEX_POINT ( 'NONE', #8930 ) ;
#5873 = ORIENTED_EDGE ( 'NONE', *, *, #8127, .F. ) ;
#5874 = AXIS2_PLACEMENT_3D ( 'NONE', #1388, #4868, #53 ) ;
#5875 = VERTEX_POINT ( 'NONE', #4700 ) ;
#5876 = DIRECTION ( 'NONE',  ( 0.000000000000000000, 0.000000000000000000, 1.000000000000000000 ) ) ;
#5877 = CARTESIAN_POINT ( 'NONE',  ( 0.000000000000000000, 0.000000000000000000, 0.000000000000000000 ) ) ;
#5878 = CARTESIAN_POINT ( 'NONE',  ( 15.00000000000000178, 2.912696353505817015, 21.80633394113448276 ) ) ;
#5879 = DIRECTION ( 'NONE',  ( -1.000000000000000000, 0.000000000000000000, 0.000000000000000000 ) ) ;
#5880 = LINE ( 'NONE', #5198, #7815 ) ;
#5881 = DIRECTION ( 'NONE',  ( -1.000000000000000000, 0.000000000000000000, 0.000000000000000000 ) ) ;
#5882 = ORIENTED_EDGE ( 'NONE', *, *, #2982, .F. ) ;
#5883 = ORIENTED_EDGE ( 'NONE', *, *, #1253, .T. ) ;
#5884 = ORIENTED_EDGE ( 'NONE', *, *, #2912, .T. ) ;
#5885 = EDGE_CURVE ( 'NONE', #7753, #8920, #5519, .T. ) ;
#5886 = DIRECTION ( 'NONE',  ( 0.000000000000000000, -0.5877852522924802425, 0.8090169943749422332 ) ) ;
#5887 = FACE_OUTER_BOUND ( 'NONE', #8172, .T. ) ;
#5888 = DIRECTION ( 'NONE',  ( 0.000000000000000000, 0.8090169943749486725, -0.5877852522924713607 ) ) ;
#5889 = DIRECTION ( 'NONE',  ( -1.000000000000000000, 0.000000000000000000, 0.000000000000000000 ) ) ;
#5890 = EDGE_CURVE ( 'NONE', #3574, #5066, #5644, .T. ) ;
#5891 = DIRECTION ( 'NONE',  ( 0.000000000000000000, 0.000000000000000000, 1.000000000000000000 ) ) ;
#5892 = VERTEX_POINT ( 'NONE', #5433 ) ;
#5893 = DIRECTION ( 'NONE',  ( -1.000000000000000000, 0.000000000000000000, 0.000000000000000000 ) ) ;
#5894 = DIRECTION ( 'NONE',  ( -1.000000000000000000, -0.000000000000000000, -0.000000000000000000 ) ) ;
#5895 = DIRECTION ( 'NONE',  ( -1.000000000000000000, 0.000000000000000000, 0.000000000000000000 ) ) ;
#5896 = DIRECTION ( 'NONE',  ( -1.000000000000000000, -0.000000000000000000, -0.000000000000000000 ) ) ;
#5897 = FACE_OUTER_BOUND ( 'NONE', #3430, .T. ) ;
#5898 = CARTESIAN_POINT ( 'NONE',  ( 15.00000000000000178, 0.000000000000000000, 0.000000000000000000 ) ) ;
#5899 = AXIS2_PLACEMENT_3D ( 'NONE', #6600, #2293, #5918 ) ;
#5900 = ORIENTED_EDGE ( 'NONE', *, *, #7801, .T. ) ;
#5901 = DIRECTION ( 'NONE',  ( 0.000000000000000000, 0.000000000000000000, 1.000000000000000000 ) ) ;
#5902 = CIRCLE ( 'NONE', #7945, 8.000000000000000000 ) ;
#5903 = DIRECTION ( 'NONE',  ( 0.000000000000000000, 0.3090169943749410120, 0.9510565162951557516 ) ) ;
#5904 = AXIS2_PLACEMENT_3D ( 'NONE', #5241, #7149, #3671 ) ;
#5905 = FACE_OUTER_BOUND ( 'NONE', #3181, .T. ) ;
#5906 = CIRCLE ( 'NONE', #1073, 37.49900000000001654 ) ;
#5907 = DIRECTION ( 'NONE',  ( 0.000000000000000000, 0.000000000000000000, 1.000000000000000000 ) ) ;
#5908 = ADVANCED_FACE ( 'NONE', ( #8210 ), #6339, .T. ) ;
#5909 = CARTESIAN_POINT ( 'NONE',  ( 7.500000000000002665, -36.13751322684404244, -21.40280677340409810 ) ) ;
#5910 = ORIENTED_EDGE ( 'NONE', *, *, #3533, .F. ) ;
#5911 =( GEOMETRIC_REPRESENTATION_CONTEXT ( 3 ) GLOBAL_UNCERTAINTY_ASSIGNED_CONTEXT ( ( #1383 ) ) GLOBAL_UNIT_ASSIGNED_CONTEXT ( ( #105, #5610, #6303 ) ) REPRESENTATION_CONTEXT ( 'NONE', 'WORKASPACE' ) );
#5912 = ORIENTED_EDGE ( 'NONE', *, *, #4031, .T. ) ;
#5913 = CIRCLE ( 'NONE', #5761, 15.99999999999999822 ) ;
#5914 = EDGE_LOOP ( 'NONE', ( #8244, #4334, #5021, #4364 ) ) ;
#5915 = ORIENTED_EDGE ( 'NONE', *, *, #1468, .T. ) ;
#5916 = ORIENTED_EDGE ( 'NONE', *, *, #6322, .F. ) ;
#5917 = DIRECTION ( 'NONE',  ( 0.000000000000000000, 0.8910065241883688980, -0.4539904997395448061 ) ) ;
#5918 = DIRECTION ( 'NONE',  ( 0.000000000000000000, -0.8090169943749402348, -0.5877852522924830181 ) ) ;
#5919 = COLOUR_RGB ( '',0.7921568627450980005, 0.8196078431372548767, 0.9333333333333333481 ) ;
#5920 = CYLINDRICAL_SURFACE ( 'NONE', #132, 42.00000000000000000 ) ;
#5921 = CIRCLE ( 'NONE', #7818, 8.000000000000001776 ) ;
#5922 = DIRECTION ( 'NONE',  ( 0.000000000000000000, -0.9510565162951566398, 0.3090169943749382919 ) ) ;
#5923 = CARTESIAN_POINT ( 'NONE',  ( 0.000000000000000000, 40.98264845739763018, -9.188173127306857424 ) ) ;
#5924 = CYLINDRICAL_SURFACE ( 'NONE', #7947, 16.00000000000000000 ) ;
#5925 = AXIS2_PLACEMENT_3D ( 'NONE', #2581, #6705, #5344 ) ;
#5926 = EDGE_CURVE ( 'NONE', #5834, #1695, #3740, .T. ) ;
#5927 = ORIENTED_EDGE ( 'NONE', *, *, #1447, .F. ) ;
#5928 = EDGE_LOOP ( 'NONE', ( #4720, #7454, #6044, #8589 ) ) ;
#5929 = VERTEX_POINT ( 'NONE', #55 ) ;
#5930 = AXIS2_PLACEMENT_3D ( 'NONE', #2214, #3632, #3457 ) ;
#5931 = CARTESIAN_POINT ( 'NONE',  ( 0.000000000000000000, 16.92083251265331612, -4.460989585140788805 ) ) ;
#5932 = CARTESIAN_POINT ( 'NONE',  ( 0.000000000000000000, 13.60411018104335845, -12.96676809804133157 ) ) ;
#5933 = CYLINDRICAL_SURFACE ( 'NONE', #1675, 16.00000000000000000 ) ;
#5934 = CARTESIAN_POINT ( 'NONE',  ( 15.00000000000000178, 21.53537804866125427, -30.80686688396986384 ) ) ;
#5935 = EDGE_CURVE ( 'NONE', #3120, #2842, #2590, .T. ) ;
#5936 = EDGE_CURVE ( 'NONE', #6965, #3782, #5215, .T. ) ;
#5937 = ORIENTED_EDGE ( 'NONE', *, *, #4602, .F. ) ;
#5938 = EDGE_CURVE ( 'NONE', #8274, #3531, #1400, .T. ) ;
#5939 = DIRECTION ( 'NONE',  ( 0.000000000000000000, -0.3090169943749349057, -0.9510565162951575280 ) ) ;
#5940 = LINE ( 'NONE', #2449, #8398 ) ;
#5941 = VECTOR ( 'NONE', #5487, 1000.000000000000000 ) ;
#5942 = LINE ( 'NONE', #3925, #1216 ) ;
#5943 = EDGE_CURVE ( 'NONE', #413, #4139, #6254, .T. ) ;
#5944 = LINE ( 'NONE', #1769, #8437 ) ;
#5945 = CYLINDRICAL_SURFACE ( 'NONE', #4660, 8.000000000000003553 ) ;
#5946 = DIRECTION ( 'NONE',  ( -1.000000000000000000, -0.000000000000000000, -0.000000000000000000 ) ) ;
#5947 = AXIS2_PLACEMENT_3D ( 'NONE', #5114, #3875, #8076 ) ;
#5948 = ORIENTED_EDGE ( 'NONE', *, *, #3262, .T. ) ;
#5949 = DIRECTION ( 'NONE',  ( -1.000000000000000000, 0.000000000000000000, -0.000000000000000000 ) ) ;
#5950 = CARTESIAN_POINT ( 'NONE',  ( 15.00000000000000178, 14.71414642875955003, 9.471478019455190633 ) ) ;
#5951 = EDGE_CURVE ( 'NONE', #7482, #8968, #4935, .T. ) ;
#5952 = CYLINDRICAL_SURFACE ( 'NONE', #2538, 42.00000000000000000 ) ;
#5953 = EDGE_CURVE ( 'NONE', #2523, #2064, #5010, .T. ) ;
#5954 = VECTOR ( 'NONE', #7524, 1000.000000000000000 ) ;
#5955 = CARTESIAN_POINT ( 'NONE',  ( -10.00000000000000000, 0.000000000000000000, 0.000000000000000000 ) ) ;
#5956 = CARTESIAN_POINT ( 'NONE',  ( 15.00000000000000178, 16.94522934049210505, 8.128228055638912153 ) ) ;
#5957 = ORIENTED_EDGE ( 'NONE', *, *, #6467, .T. ) ;
#5958 = EDGE_LOOP ( 'NONE', ( #5753, #4154, #5957, #8435 ) ) ;
#5959 = AXIS2_PLACEMENT_3D ( 'NONE', #6810, #529, #1342 ) ;
#5960 = ORIENTED_EDGE ( 'NONE', *, *, #3753, .T. ) ;
#5961 = ORIENTED_EDGE ( 'NONE', *, *, #8593, .T. ) ;
#5962 = ORIENTED_EDGE ( 'NONE', *, *, #1372, .T. ) ;
#5963 = CARTESIAN_POINT ( 'NONE',  ( 15.00000000000000178, -18.62763138773852489, 2.494040418455285568 ) ) ;
#5964 = DIRECTION ( 'NONE',  ( 0.000000000000000000, -0.9876883405951358830, -0.1564344650402420545 ) ) ;
#5965 = VECTOR ( 'NONE', #7305, 1000.000000000000000 ) ;
#5966 = DIRECTION ( 'NONE',  ( 0.000000000000000000, 0.4539904997395412534, 0.8910065241883706744 ) ) ;
#5967 = DIRECTION ( 'NONE',  ( 0.000000000000000000, 0.3090169943749482839, -0.9510565162951534202 ) ) ;
#5968 = DIRECTION ( 'NONE',  ( -1.000000000000000000, 0.000000000000000000, 0.000000000000000000 ) ) ;
#5969 = CARTESIAN_POINT ( 'NONE',  ( 7.500000000000002665, -15.92965478239626798, 15.17386234660375521 ) ) ;
#5970 = EDGE_CURVE ( 'NONE', #2200, #2843, #6522, .T. ) ;
#5971 = ORIENTED_EDGE ( 'NONE', *, *, #9027, .T. ) ;
#5972 = ORIENTED_EDGE ( 'NONE', *, *, #5726, .T. ) ;
#5973 = ORIENTED_EDGE ( 'NONE', *, *, #4, .F. ) ;
#5974 = ORIENTED_EDGE ( 'NONE', *, *, #5073, .T. ) ;
#5975 = EDGE_CURVE ( 'NONE', #1698, #2095, #974, .T. ) ;
#5976 = DIRECTION ( 'NONE',  ( 0.000000000000000000, 0.000000000000000000, 1.000000000000000000 ) ) ;
#5977 = CARTESIAN_POINT ( 'NONE',  ( 15.00000000000000178, -35.47612816024506088, -22.48208911017540146 ) ) ;
#5978 = EDGE_CURVE ( 'NONE', #1686, #2434, #8574, .T. ) ;
#5979 = DIRECTION ( 'NONE',  ( -1.000000000000000000, -0.000000000000000000, -0.000000000000000000 ) ) ;
#5980 = FACE_OUTER_BOUND ( 'NONE', #7102, .T. ) ;
#5981 = DIRECTION ( 'NONE',  ( -1.000000000000000000, 0.000000000000000000, -0.000000000000000000 ) ) ;
#5982 = EDGE_CURVE ( 'NONE', #3639, #613, #1693, .T. ) ;
#5983 = ADVANCED_FACE ( 'NONE', ( #8431 ), #7843, .T. ) ;
#5984 = ORIENTED_EDGE ( 'NONE', *, *, #6265, .T. ) ;
#5985 = VECTOR ( 'NONE', #3825, 1000.000000000000000 ) ;
#5986 = DIRECTION ( 'NONE',  ( -1.000000000000000000, 0.000000000000000000, 0.000000000000000000 ) ) ;
#5987 = CARTESIAN_POINT ( 'NONE',  ( -10.00000000000000000, 0.000000000000000000, 0.000000000000000000 ) ) ;
#5988 = CARTESIAN_POINT ( 'NONE',  ( 15.00000000000000178, -27.13269053701078448, -25.88420570971430124 ) ) ;
#5989 = FACE_OUTER_BOUND ( 'NONE', #2480, .T. ) ;
#5990 = CARTESIAN_POINT ( 'NONE',  ( 15.00000000000000178, 0.000000000000000000, 0.000000000000000000 ) ) ;
#5991 = LINE ( 'NONE', #6541, #3746 ) ;
#5992 = ORIENTED_EDGE ( 'NONE', *, *, #7052, .T. ) ;
#5993 = CARTESIAN_POINT ( 'NONE',  ( 15.00000000000000178, 0.000000000000000000, 0.000000000000000000 ) ) ;
#5994 = DIRECTION ( 'NONE',  ( 0.000000000000000000, 0.3090169943749411785, 0.9510565162951555296 ) ) ;
#5995 = AXIS2_PLACEMENT_3D ( 'NONE', #3620, #5736, #692 ) ;
#5996 = CIRCLE ( 'NONE', #7157, 15.99999999999999822 ) ;
#5997 = DIRECTION ( 'NONE',  ( 0.000000000000000000, 0.9510565162951523099, 0.3090169943749517256 ) ) ;
#5998 = CARTESIAN_POINT ( 'NONE',  ( 15.00000000000000178, 12.26510123303260080, 35.53030884539089129 ) ) ;
#5999 = EDGE_CURVE ( 'NONE', #3479, #1181, #8409, .T. ) ;
#6000 = AXIS2_PLACEMENT_3D ( 'NONE', #4487, #6547, #7965 ) ;
#6001 = ORIENTED_EDGE ( 'NONE', *, *, #3793, .T. ) ;
#6002 = ORIENTED_EDGE ( 'NONE', *, *, #1629, .T. ) ;
#6003 = AXIS2_PLACEMENT_3D ( 'NONE', #3789, #5079, #5718 ) ;
#6004 = ORIENTED_EDGE ( 'NONE', *, *, #1368, .F. ) ;
#6005 = ORIENTED_EDGE ( 'NONE', *, *, #7917, .F. ) ;
#6006 = EDGE_CURVE ( 'NONE', #1130, #6792, #5236, .T. ) ;
#6007 = ORIENTED_EDGE ( 'NONE', *, *, #6952, .F. ) ;
#6008 = CARTESIAN_POINT ( 'NONE',  ( 15.00000000000000178, -29.81001611430992781, -22.74946021919165062 ) ) ;
#6009 = CYLINDRICAL_SURFACE ( 'NONE', #627, 17.49900000000000233 ) ;
#6010 = DIRECTION ( 'NONE',  ( -1.000000000000000000, -0.000000000000000000, 0.000000000000000000 ) ) ;
#6011 = CARTESIAN_POINT ( 'NONE',  ( 0.000000000000000000, -25.88420570971383228, -27.13269053701123212 ) ) ;
#6012 = CARTESIAN_POINT ( 'NONE',  ( 15.00000000000000178, 0.000000000000000000, 37.49900000000000944 ) ) ;
#6013 = CARTESIAN_POINT ( 'NONE',  ( 15.00000000000000178, -36.13751322684434797, 21.40280677340357229 ) ) ;
#6014 = ORIENTED_EDGE ( 'NONE', *, *, #6434, .T. ) ;
#6015 = AXIS2_PLACEMENT_3D ( 'NONE', #4493, #1037, #3845 ) ;
#6016 = ORIENTED_EDGE ( 'NONE', *, *, #6434, .F. ) ;
#6017 = ORIENTED_EDGE ( 'NONE', *, *, #8946, .T. ) ;
#6018 = ORIENTED_EDGE ( 'NONE', *, *, #7106, .F. ) ;
#6019 = DIRECTION ( 'NONE',  ( -1.000000000000000000, -0.000000000000000000, -0.000000000000000000 ) ) ;
#6020 = CYLINDRICAL_SURFACE ( 'NONE', #4971, 17.49900000000000233 ) ;
#6021 = CARTESIAN_POINT ( 'NONE',  ( 15.00000000000000178, 36.13751322684419165, 21.40280677340383164 ) ) ;
#6022 = CARTESIAN_POINT ( 'NONE',  ( 15.00000000000000178, 35.53030884539101919, -12.26510123303223132 ) ) ;
#6023 = EDGE_CURVE ( 'NONE', #1785, #6663, #2863, .T. ) ;
#6024 = VERTEX_POINT ( 'NONE', #827 ) ;
#6025 = ORIENTED_EDGE ( 'NONE', *, *, #3243, .T. ) ;
#6026 = EDGE_LOOP ( 'NONE', ( #3516, #2403, #446, #2284 ) ) ;
#6027 = CARTESIAN_POINT ( 'NONE',  ( 15.00000000000000178, 31.52238457039637609, -27.75498641678710499 ) ) ;
#6028 = CARTESIAN_POINT ( 'NONE',  ( 15.00000000000000178, 6.555932627142957436, -37.01155633439051940 ) ) ;
#6029 = DIRECTION ( 'NONE',  ( 0.000000000000000000, 0.000000000000000000, 1.000000000000000000 ) ) ;
#6030 = DIRECTION ( 'NONE',  ( 0.000000000000000000, -1.000000000000000000, -1.040834085586084257E-14 ) ) ;
#6031 = DIRECTION ( 'NONE',  ( -1.000000000000000000, 0.000000000000000000, 0.000000000000000000 ) ) ;
#6032 = AXIS2_PLACEMENT_3D ( 'NONE', #5717, #1724, #7954 ) ;
#6033 = ADVANCED_FACE ( 'NONE', ( #3540 ), #3625, .T. ) ;
#6034 = ORIENTED_EDGE ( 'NONE', *, *, #6715, .F. ) ;
#6035 = DIRECTION ( 'NONE',  ( 0.000000000000000000, 0.9510565162951544194, -0.3090169943749446757 ) ) ;
#6036 = CARTESIAN_POINT ( 'NONE',  ( 0.000000000000000000, 2.663952781846140816, 41.91543099594818500 ) ) ;
#6037 = AXIS2_PLACEMENT_3D ( 'NONE', #4453, #4369, #4409 ) ;
#6038 = CYLINDRICAL_SURFACE ( 'NONE', #4324, 42.00000000000000000 ) ;
#6039 = EDGE_CURVE ( 'NONE', #8327, #7445, #4199, .T. ) ;
#6040 = CARTESIAN_POINT ( 'NONE',  ( 15.00000000000000178, 16.53603053422206770, 8.931325931664654050 ) ) ;
#6041 = EDGE_LOOP ( 'NONE', ( #4225, #7499, #3606, #7703 ) ) ;
#6042 = EDGE_CURVE ( 'NONE', #5627, #1651, #5808, .T. ) ;
#6043 = CARTESIAN_POINT ( 'NONE',  ( 0.000000000000000000, -21.80633394113444368, -2.912696353506039060 ) ) ;
#6044 = ORIENTED_EDGE ( 'NONE', *, *, #5541, .F. ) ;
#6045 = AXIS2_PLACEMENT_3D ( 'NONE', #886, #8320, #36 ) ;
#6046 = ORIENTED_EDGE ( 'NONE', *, *, #4354, .F. ) ;
#6047 = CIRCLE ( 'NONE', #8804, 8.000000000000003553 ) ;
#6048 = ORIENTED_EDGE ( 'NONE', *, *, #3512, .F. ) ;
#6049 = ORIENTED_EDGE ( 'NONE', *, *, #5221, .T. ) ;
#6050 = EDGE_CURVE ( 'NONE', #5171, #5539, #2993, .T. ) ;
#6051 = CARTESIAN_POINT ( 'NONE',  ( 15.00000000000000178, 0.000000000000000000, 0.000000000000000000 ) ) ;
#6052 = CARTESIAN_POINT ( 'NONE',  ( 15.00000000000000178, 0.000000000000000000, 0.000000000000000000 ) ) ;
#6053 = DIRECTION ( 'NONE',  ( -1.000000000000000000, 0.000000000000000000, 0.000000000000000000 ) ) ;
#6054 = DIRECTION ( 'NONE',  ( -1.000000000000000000, 0.000000000000000000, 0.000000000000000000 ) ) ;
#6055 = DIRECTION ( 'NONE',  ( 0.000000000000000000, 0.000000000000000000, 1.000000000000000000 ) ) ;
#6056 = EDGE_CURVE ( 'NONE', #4270, #2930, #7678, .T. ) ;
#6057 = AXIS2_PLACEMENT_3D ( 'NONE', #2904, #1395, #832 ) ;
#6058 = ADVANCED_FACE ( 'NONE', ( #6605 ), #187, .T. ) ;
#6059 = CIRCLE ( 'NONE', #4447, 16.00000000000000000 ) ;
#6060 = CYLINDRICAL_SURFACE ( 'NONE', #8817, 8.000000000000000000 ) ;
#6061 = DIRECTION ( 'NONE',  ( -1.000000000000000000, -0.000000000000000000, -0.000000000000000000 ) ) ;
#6062 = AXIS2_PLACEMENT_3D ( 'NONE', #5471, #4655, #8972 ) ;
#6063 = ORIENTED_EDGE ( 'NONE', *, *, #6490, .T. ) ;
#6064 = VECTOR ( 'NONE', #7729, 1000.000000000000000 ) ;
#6065 = ORIENTED_EDGE ( 'NONE', *, *, #2041, .T. ) ;
#6066 = ORIENTED_EDGE ( 'NONE', *, *, #5105, .T. ) ;
#6067 = ORIENTED_EDGE ( 'NONE', *, *, #8346, .F. ) ;
#6068 = AXIS2_PLACEMENT_3D ( 'NONE', #1828, #4630, #7408 ) ;
#6069 = CIRCLE ( 'NONE', #6795, 15.99999999999999822 ) ;
#6070 = CYLINDRICAL_SURFACE ( 'NONE', #8531, 42.00000000000000000 ) ;
#6071 = DIRECTION ( 'NONE',  ( -1.000000000000000000, 0.000000000000000000, 0.000000000000000000 ) ) ;
#6072 = CIRCLE ( 'NONE', #7224, 37.49900000000001654 ) ;
#6073 = EDGE_CURVE ( 'NONE', #4323, #84, #3817, .T. ) ;
#6074 = CARTESIAN_POINT ( 'NONE',  ( 15.00000000000000178, 30.84782396557218576, 21.32104025579127082 ) ) ;
#6075 = DIRECTION ( 'NONE',  ( -1.000000000000000000, -0.000000000000000000, 0.000000000000000000 ) ) ;
#6076 = CIRCLE ( 'NONE', #3292, 21.99999999999999645 ) ;
#6077 = AXIS2_PLACEMENT_3D ( 'NONE', #3785, #302, #7344 ) ;
#6078 = ORIENTED_EDGE ( 'NONE', *, *, #5577, .F. ) ;
#6079 = AXIS2_PLACEMENT_3D ( 'NONE', #8784, #2384, #4459 ) ;
#6080 = ORIENTED_EDGE ( 'NONE', *, *, #1379, .T. ) ;
#6081 = ORIENTED_EDGE ( 'NONE', *, *, #8878, .F. ) ;
#6082 = DIRECTION ( 'NONE',  ( 1.000000000000000000, -0.000000000000000000, -0.000000000000000000 ) ) ;
#6083 = CARTESIAN_POINT ( 'NONE',  ( 0.000000000000000000, 36.13751322684419165, 21.40280677340384230 ) ) ;
#6084 = VECTOR ( 'NONE', #2137, 1000.000000000000000 ) ;
#6085 = CARTESIAN_POINT ( 'NONE',  ( 0.000000000000000000, 0.000000000000000000, 0.000000000000000000 ) ) ;
#6086 = DIRECTION ( 'NONE',  ( -1.000000000000000000, -0.000000000000000000, -0.000000000000000000 ) ) ;
#6087 = CARTESIAN_POINT ( 'NONE',  ( 15.00000000000000178, 18.48663108841357072, 4.615718728112121028 ) ) ;
#6088 = AXIS2_PLACEMENT_3D ( 'NONE', #7869, #3240, #6035 ) ;
#6089 = ORIENTED_EDGE ( 'NONE', *, *, #6491, .F. ) ;
#6090 = AXIS2_PLACEMENT_3D ( 'NONE', #11, #2759, #2163 ) ;
#6091 = LINE ( 'NONE', #8858, #3514 ) ;
#6092 = DIRECTION ( 'NONE',  ( 1.000000000000000000, 0.000000000000000000, 0.000000000000000000 ) ) ;
#6093 = FACE_OUTER_BOUND ( 'NONE', #2084, .T. ) ;
#6094 = VECTOR ( 'NONE', #1726, 1000.000000000000000 ) ;
#6095 = VERTEX_POINT ( 'NONE', #242 ) ;
#6096 = ADVANCED_FACE ( 'NONE', ( #8067 ), #4374, .T. ) ;
#6097 = ORIENTED_EDGE ( 'NONE', *, *, #1035, .T. ) ;
#6098 = ORIENTED_EDGE ( 'NONE', *, *, #6344, .F. ) ;
#6099 = ORIENTED_EDGE ( 'NONE', *, *, #810, .T. ) ;
#6100 = EDGE_LOOP ( 'NONE', ( #7320, #412, #1574, #2275 ) ) ;
#6101 = DIRECTION ( 'NONE',  ( -1.000000000000000000, 0.000000000000000000, 0.000000000000000000 ) ) ;
#6102 = CIRCLE ( 'NONE', #8278, 37.49900000000000944 ) ;
#6103 = DIRECTION ( 'NONE',  ( 0.000000000000000000, 0.000000000000000000, 1.000000000000000000 ) ) ;
#6104 = DIRECTION ( 'NONE',  ( -1.000000000000000000, 0.000000000000000000, -0.000000000000000000 ) ) ;
#6105 = FACE_OUTER_BOUND ( 'NONE', #2067, .T. ) ;
#6106 = CYLINDRICAL_SURFACE ( 'NONE', #2527, 17.49900000000000233 ) ;
#6107 = DIRECTION ( 'NONE',  ( 0.000000000000000000, 0.000000000000000000, 1.000000000000000000 ) ) ;
#6108 = ORIENTED_EDGE ( 'NONE', *, *, #6023, .F. ) ;
#6109 = AXIS2_PLACEMENT_3D ( 'NONE', #9019, #7747, #7066 ) ;
#6110 = VERTEX_POINT ( 'NONE', #7196 ) ;
#6111 = ORIENTED_EDGE ( 'NONE', *, *, #5867, .T. ) ;
#6112 = ORIENTED_EDGE ( 'NONE', *, *, #3553, .T. ) ;
#6113 = CIRCLE ( 'NONE', #3333, 16.00000000000000000 ) ;
#6114 = CARTESIAN_POINT ( 'NONE',  ( -10.00000000000000000, 0.000000000000000000, 0.000000000000000000 ) ) ;
#6115 = CARTESIAN_POINT ( 'NONE',  ( 15.00000000000000178, 0.9861715913090103314, -17.47118961583598562 ) ) ;
#6116 = EDGE_CURVE ( 'NONE', #3478, #6365, #7988, .T. ) ;
#6117 = DIRECTION ( 'NONE',  ( 0.000000000000000000, 0.000000000000000000, 1.000000000000000000 ) ) ;
#6118 = DIRECTION ( 'NONE',  ( 0.000000000000000000, 0.000000000000000000, 1.000000000000000000 ) ) ;
#6119 = AXIS2_PLACEMENT_3D ( 'NONE', #3100, #5979, #8749 ) ;
#6120 = EDGE_CURVE ( 'NONE', #839, #3865, #3328, .T. ) ;
#6121 = EDGE_CURVE ( 'NONE', #3400, #310, #1862, .T. ) ;
#6122 = ORIENTED_EDGE ( 'NONE', *, *, #2120, .F. ) ;
#6123 = EDGE_LOOP ( 'NONE', ( #6353, #6140, #8818, #6492 ) ) ;
#6124 = EDGE_CURVE ( 'NONE', #2561, #3896, #3465, .T. ) ;
#6125 = ORIENTED_EDGE ( 'NONE', *, *, #1959, .T. ) ;
#6126 = CARTESIAN_POINT ( 'NONE',  ( 15.00000000000000178, -3.968388925834661407, -21.63912866391141065 ) ) ;
#6127 = DIRECTION ( 'NONE',  ( 0.000000000000000000, -0.4539904997395352582, -0.8910065241883737830 ) ) ;
#6128 = CARTESIAN_POINT ( 'NONE',  ( 7.500000000000002665, 15.17386234660404298, -15.92965478239599619 ) ) ;
#6129 = LINE ( 'NONE', #4196, #4066 ) ;
#6130 = DIRECTION ( 'NONE',  ( -1.000000000000000000, 0.000000000000000000, 0.000000000000000000 ) ) ;
#6131 = VECTOR ( 'NONE', #1669, 1000.000000000000000 ) ;
#6132 = EDGE_CURVE ( 'NONE', #2854, #5838, #4650, .T. ) ;
#6133 = ORIENTED_EDGE ( 'NONE', *, *, #139, .F. ) ;
#6134 = DIRECTION ( 'NONE',  ( 0.000000000000000000, 0.7071067811865436870, 0.7071067811865511255 ) ) ;
#6135 = DIRECTION ( 'NONE',  ( 0.000000000000000000, 0.000000000000000000, 1.000000000000000000 ) ) ;
#6136 = CIRCLE ( 'NONE', #4086, 8.000000000000001776 ) ;
#6137 = FACE_OUTER_BOUND ( 'NONE', #5593, .T. ) ;
#6138 = EDGE_CURVE ( 'NONE', #1695, #5468, #1120, .T. ) ;
#6139 = EDGE_CURVE ( 'NONE', #6659, #5380, #6977, .T. ) ;
#6140 = ORIENTED_EDGE ( 'NONE', *, *, #7309, .T. ) ;
#6141 = ORIENTED_EDGE ( 'NONE', *, *, #2800, .F. ) ;
#6142 = ORIENTED_EDGE ( 'NONE', *, *, #6759, .F. ) ;
#6143 = LINE ( 'NONE', #7682, #1303 ) ;
#6144 = AXIS2_PLACEMENT_3D ( 'NONE', #6514, #373, #5828 ) ;
#6145 = DIRECTION ( 'NONE',  ( 0.000000000000000000, 0.000000000000000000, -1.000000000000000000 ) ) ;
#6146 = DIRECTION ( 'NONE',  ( -1.000000000000000000, 0.000000000000000000, 0.000000000000000000 ) ) ;
#6147 = CIRCLE ( 'NONE', #2628, 16.00000000000000000 ) ;
#6148 = CYLINDRICAL_SURFACE ( 'NONE', #7434, 15.99999999999999645 ) ;
#6149 = DIRECTION ( 'NONE',  ( 0.000000000000000000, 0.000000000000000000, 1.000000000000000000 ) ) ;
#6150 = CARTESIAN_POINT ( 'NONE',  ( 0.000000000000000000, 0.000000000000000000, 0.000000000000000000 ) ) ;
#6151 = CARTESIAN_POINT ( 'NONE',  ( -10.00000000000000000, 0.000000000000000000, 0.000000000000000000 ) ) ;
#6152 = CIRCLE ( 'NONE', #7599, 10.00000000000000000 ) ;
#6153 = ORIENTED_EDGE ( 'NONE', *, *, #5288, .F. ) ;
#6154 = VERTEX_POINT ( 'NONE', #5148 ) ;
#6155 = VERTEX_POINT ( 'NONE', #868 ) ;
#6156 = CIRCLE ( 'NONE', #4104, 16.00000000000000000 ) ;
#6157 = EDGE_LOOP ( 'NONE', ( #2332, #3529, #2299, #4415 ) ) ;
#6158 = CARTESIAN_POINT ( 'NONE',  ( 0.000000000000000000, -33.00180498840035881, -17.80606268964574923 ) ) ;
#6159 = DIRECTION ( 'NONE',  ( -1.000000000000000000, -0.000000000000000000, -0.000000000000000000 ) ) ;
#6160 = AXIS2_PLACEMENT_3D ( 'NONE', #8403, #4938, #5619 ) ;
#6161 = LINE ( 'NONE', #5560, #7368 ) ;
#6162 = CARTESIAN_POINT ( 'NONE',  ( 15.00000000000000178, 37.22597642581158084, -5.202137450156516962 ) ) ;
#6163 = CIRCLE ( 'NONE', #6015, 17.49900000000000233 ) ;
#6164 = ORIENTED_EDGE ( 'NONE', *, *, #5935, .F. ) ;
#6165 = EDGE_CURVE ( 'NONE', #3446, #6900, #2343, .T. ) ;
#6166 = ORIENTED_EDGE ( 'NONE', *, *, #8614, .T. ) ;
#6167 = CIRCLE ( 'NONE', #3384, 17.49900000000000233 ) ;
#6168 = ORIENTED_EDGE ( 'NONE', *, *, #7611, .F. ) ;
#6169 = CARTESIAN_POINT ( 'NONE',  ( 0.000000000000000000, -21.40280677340397730, 36.13751322684411349 ) ) ;
#6170 = ADVANCED_FACE ( 'NONE', ( #5199 ), #5924, .T. ) ;
#6171 = CARTESIAN_POINT ( 'NONE',  ( 15.00000000000000178, 0.000000000000000000, 0.000000000000000000 ) ) ;
#6172 = CYLINDRICAL_SURFACE ( 'NONE', #8746, 37.49900000000000944 ) ;
#6173 = DIRECTION ( 'NONE',  ( -1.000000000000000000, -0.000000000000000000, -0.000000000000000000 ) ) ;
#6174 = DIRECTION ( 'NONE',  ( -1.000000000000000000, -0.000000000000000000, 0.000000000000000000 ) ) ;
#6175 = VERTEX_POINT ( 'NONE', #5287 ) ;
#6176 = CARTESIAN_POINT ( 'NONE',  ( 15.00000000000000178, -13.55483219355736146, 11.06713717293234822 ) ) ;
#6177 = CARTESIAN_POINT ( 'NONE',  ( 7.500000000000002665, -2.912696353505965341, 21.80633394113445789 ) ) ;
#6178 = CYLINDRICAL_SURFACE ( 'NONE', #3437, 16.00000000000000000 ) ;
#6179 = CIRCLE ( 'NONE', #6614, 8.000000000000001776 ) ;
#6180 = ORIENTED_EDGE ( 'NONE', *, *, #8774, .T. ) ;
#6181 = EDGE_LOOP ( 'NONE', ( #4891, #454, #2944, #2999 ) ) ;
#6182 = ORIENTED_EDGE ( 'NONE', *, *, #4007, .T. ) ;
#6183 = CARTESIAN_POINT ( 'NONE',  ( 0.000000000000000000, -0.9861715913088882068, 17.47118961583599273 ) ) ;
#6184 = DIRECTION ( 'NONE',  ( 0.000000000000000000, -0.1564344650402170744, -0.9876883405951398798 ) ) ;
#6185 = DIRECTION ( 'NONE',  ( 1.000000000000000000, 0.000000000000000000, 0.000000000000000000 ) ) ;
#6186 = CARTESIAN_POINT ( 'NONE',  ( 0.000000000000000000, 9.471478019455139119, 14.71414642875957846 ) ) ;
#6187 = CYLINDRICAL_SURFACE ( 'NONE', #1987, 21.99999999999999289 ) ;
#6188 = DIRECTION ( 'NONE',  ( 0.000000000000000000, 0.000000000000000000, 1.000000000000000000 ) ) ;
#6189 = DIRECTION ( 'NONE',  ( 0.000000000000000000, 0.000000000000000000, 1.000000000000000000 ) ) ;
#6190 = VERTEX_POINT ( 'NONE', #7241 ) ;
#6191 = CIRCLE ( 'NONE', #1798, 16.00000000000000000 ) ;
#6192 = VERTEX_POINT ( 'NONE', #1706 ) ;
#6193 = ORIENTED_EDGE ( 'NONE', *, *, #8722, .T. ) ;
#6194 = ORIENTED_EDGE ( 'NONE', *, *, #8036, .T. ) ;
#6196 = EDGE_LOOP ( 'NONE', ( #8823, #940, #1293, #8964 ) ) ;
#6195 = CIRCLE ( 'NONE', #188, 17.49900000000000233 ) ;
#6197 = CIRCLE ( 'NONE', #6771, 8.000000000000001776 ) ;
#6198 = DIRECTION ( 'NONE',  ( 0.000000000000000000, 0.000000000000000000, 1.000000000000000000 ) ) ;
#6199 = CYLINDRICAL_SURFACE ( 'NONE', #3321, 17.49900000000000233 ) ;
#6200 = MANIFOLD_SOLID_BREP ( 'Bore', #6985 ) ;
#6201 = AXIS2_PLACEMENT_3D ( 'NONE', #4970, #4193, #1576 ) ;
#6202 = CARTESIAN_POINT ( 'NONE',  ( 15.00000000000000178, 16.31134495048491573, -6.336799421339640581 ) ) ;
#6203 = DIRECTION ( 'NONE',  ( 0.000000000000000000, -6.982962677686266711E-15, 1.000000000000000000 ) ) ;
#6204 = AXIS2_PLACEMENT_3D ( 'NONE', #809, #1363, #2742 ) ;
#6205 = AXIS2_PLACEMENT_3D ( 'NONE', #1723, #5216, #3060 ) ;
#6206 = EDGE_CURVE ( 'NONE', #8424, #3167, #5132, .T. ) ;
#6207 = ORIENTED_EDGE ( 'NONE', *, *, #7058, .F. ) ;
#6208 = CIRCLE ( 'NONE', #7804, 37.49900000000001654 ) ;
#6209 = ORIENTED_EDGE ( 'NONE', *, *, #8843, .F. ) ;
#6210 = CARTESIAN_POINT ( 'NONE',  ( 15.00000000000000178, 0.000000000000000000, 0.000000000000000000 ) ) ;
#6211 = ADVANCED_FACE ( 'NONE', ( #421 ), #8876, .T. ) ;
#6212 = DIRECTION ( 'NONE',  ( 1.000000000000000000, -0.000000000000000000, 0.000000000000000000 ) ) ;
#6213 = CIRCLE ( 'NONE', #1380, 16.00000000000000000 ) ;
#6214 = EDGE_CURVE ( 'NONE', #84, #3747, #7603, .T. ) ;
#6215 = LINE ( 'NONE', #1259, #8578 ) ;
#6216 = CARTESIAN_POINT ( 'NONE',  ( 15.00000000000000178, 36.88895765772634405, 6.736453364083681450 ) ) ;
#6217 = CIRCLE ( 'NONE', #7374, 17.49900000000000233 ) ;
#6218 = CIRCLE ( 'NONE', #3296, 8.000000000000001776 ) ;
#6219 = EDGE_CURVE ( 'NONE', #5652, #1376, #2488, .T. ) ;
#6220 = VERTEX_POINT ( 'NONE', #592 ) ;
#6221 = CIRCLE ( 'NONE', #8256, 21.99999999999999645 ) ;
#6222 = CARTESIAN_POINT ( 'NONE',  ( 15.00000000000000178, 0.000000000000000000, 0.000000000000000000 ) ) ;
#6223 = EDGE_CURVE ( 'NONE', #4999, #7482, #871, .T. ) ;
#6224 = DIRECTION ( 'NONE',  ( 0.000000000000000000, 0.1564344650402242354, 0.9876883405951387696 ) ) ;
#6225 = EDGE_CURVE ( 'NONE', #247, #8149, #4648, .T. ) ;
#6226 = DIRECTION ( 'NONE',  ( -1.000000000000000000, 0.000000000000000000, 0.000000000000000000 ) ) ;
#6227 = DIRECTION ( 'NONE',  ( -1.000000000000000000, -0.000000000000000000, -0.000000000000000000 ) ) ;
#6228 = ADVANCED_FACE ( 'NONE', ( #1190 ), #3352, .T. ) ;
#6229 = ORIENTED_EDGE ( 'NONE', *, *, #1379, .F. ) ;
#6230 = VERTEX_POINT ( 'NONE', #8200 ) ;
#6231 = ORIENTED_EDGE ( 'NONE', *, *, #5771, .F. ) ;
#6232 = DIRECTION ( 'NONE',  ( -1.000000000000000000, 0.000000000000000000, -0.000000000000000000 ) ) ;
#6233 = EDGE_CURVE ( 'NONE', #6024, #5537, #8625, .T. ) ;
#6234 = DIRECTION ( 'NONE',  ( -1.000000000000000000, 0.000000000000000000, 0.000000000000000000 ) ) ;
#6235 = CARTESIAN_POINT ( 'NONE',  ( 15.00000000000000178, 0.000000000000000000, 0.000000000000000000 ) ) ;
#6236 = AXIS2_PLACEMENT_3D ( 'NONE', #8045, #1772, #3196 ) ;
#6237 = DIRECTION ( 'NONE',  ( 0.000000000000000000, 0.000000000000000000, 1.000000000000000000 ) ) ;
#6238 = DIRECTION ( 'NONE',  ( 0.000000000000000000, 0.000000000000000000, 1.000000000000000000 ) ) ;
#6239 = DIRECTION ( 'NONE',  ( -1.000000000000000000, -0.000000000000000000, 0.000000000000000000 ) ) ;
#6240 = DIRECTION ( 'NONE',  ( 0.000000000000000000, 0.9876883405951369932, 0.1564344650402347270 ) ) ;
#6241 = ORIENTED_EDGE ( 'NONE', *, *, #2120, .T. ) ;
#6242 = EDGE_LOOP ( 'NONE', ( #512, #7702, #3943, #2085 ) ) ;
#6243 = ORIENTED_EDGE ( 'NONE', *, *, #7739, .T. ) ;
#6244 = ORIENTED_EDGE ( 'NONE', *, *, #6920, .F. ) ;
#6245 = AXIS2_PLACEMENT_3D ( 'NONE', #4561, #922, #6667 ) ;
#6246 = ORIENTED_EDGE ( 'NONE', *, *, #8260, .T. ) ;
#6247 = CARTESIAN_POINT ( 'NONE',  ( 15.00000000000000178, -9.471478019455240371, 14.71414642875951273 ) ) ;
#6248 = UNCERTAINTY_MEASURE_WITH_UNIT (LENGTH_MEASURE( 1.000000000000000082E-05 ), #8852, 'distance_accuracy_value', 'NONE');
#6249 = CARTESIAN_POINT ( 'NONE',  ( 15.00000000000000178, 27.05870788708232055, 26.08949754953033562 ) ) ;
#6250 = LINE ( 'NONE', #5558, #3520 ) ;
#6251 = EDGE_CURVE ( 'NONE', #8732, #5734, #3227, .T. ) ;
#6252 = LINE ( 'NONE', #2803, #6798 ) ;
#6253 = DIRECTION ( 'NONE',  ( 0.000000000000000000, 0.000000000000000000, 1.000000000000000000 ) ) ;
#6254 = CIRCLE ( 'NONE', #8847, 8.000000000000001776 ) ;
#6255 = ORIENTED_EDGE ( 'NONE', *, *, #2294, .T. ) ;
#6256 = EDGE_CURVE ( 'NONE', #5252, #8353, #1, .T. ) ;
#6257 = AXIS2_PLACEMENT_3D ( 'NONE', #5113, #7120, #5748 ) ;
#6258 = ORIENTED_EDGE ( 'NONE', *, *, #2314, .F. ) ;
#6259 = ADVANCED_FACE ( 'NONE', ( #8242 ), #3260, .T. ) ;
#6260 = CARTESIAN_POINT ( 'NONE',  ( 0.000000000000000000, -12.42422080174663357, 35.38097989696509416 ) ) ;
#6261 = CARTESIAN_POINT ( 'NONE',  ( 0.000000000000000000, -10.96151621346460736, -35.95386929396268272 ) ) ;
#6262 = ADVANCED_FACE ( 'NONE', ( #8963 ), #1239, .T. ) ;
#6263 = DIRECTION ( 'NONE',  ( 0.000000000000000000, 0.000000000000000000, -1.000000000000000000 ) ) ;
#6264 = AXIS2_PLACEMENT_3D ( 'NONE', #2650, #5454, #755 ) ;
#6265 = EDGE_CURVE ( 'NONE', #2620, #4024, #1763, .T. ) ;
#6266 = CYLINDRICAL_SURFACE ( 'NONE', #7561, 16.00000000000000000 ) ;
#6267 = CIRCLE ( 'NONE', #2601, 42.00000000000000000 ) ;
#6268 = DIRECTION ( 'NONE',  ( -1.000000000000000000, -0.000000000000000000, 0.000000000000000000 ) ) ;
#6269 = EDGE_LOOP ( 'NONE', ( #6992, #7768, #4562, #7319 ) ) ;
#6270 = ORIENTED_EDGE ( 'NONE', *, *, #4150, .F. ) ;
#6271 = DIRECTION ( 'NONE',  ( 0.000000000000000000, 0.000000000000000000, -1.000000000000000000 ) ) ;
#6272 = DIRECTION ( 'NONE',  ( 1.000000000000000000, -0.000000000000000000, -0.000000000000000000 ) ) ;
#6273 = CYLINDRICAL_SURFACE ( 'NONE', #6762, 8.000000000000000000 ) ;
#6274 = CARTESIAN_POINT ( 'NONE',  ( 0.000000000000000000, 27.13269053701096212, 25.88420570971410584 ) ) ;
#6275 = ORIENTED_EDGE ( 'NONE', *, *, #2787, .F. ) ;
#6276 = ORIENTED_EDGE ( 'NONE', *, *, #435, .F. ) ;
#6277 = ORIENTED_EDGE ( 'NONE', *, *, #3932, .T. ) ;
#6278 = DIRECTION ( 'NONE',  ( 0.000000000000000000, -0.5877852522924624790, -0.8090169943749553338 ) ) ;
#6279 = VECTOR ( 'NONE', #7105, 1000.000000000000000 ) ;
#6280 = CARTESIAN_POINT ( 'NONE',  ( 7.500000000000002665, -22.48208911017525935, 35.47612816024516036 ) ) ;
#6281 = DIRECTION ( 'NONE',  ( -1.000000000000000000, 0.000000000000000000, -0.000000000000000000 ) ) ;
#6282 = ADVANCED_FACE ( 'NONE', ( #7377 ), #1107, .T. ) ;
#6283 = CARTESIAN_POINT ( 'NONE',  ( 15.00000000000000178, -41.81611651403859042, -3.925862922256613707 ) ) ;
#6284 = CARTESIAN_POINT ( 'NONE',  ( 15.00000000000000178, -15.92965478239626798, 15.17386234660375521 ) ) ;
#6285 = CYLINDRICAL_SURFACE ( 'NONE', #4701, 16.00000000000000000 ) ;
#6286 = VERTEX_POINT ( 'NONE', #6013 ) ;
#6287 = ADVANCED_FACE ( 'NONE', ( #3524 ), #7687, .T. ) ;
#6288 = VERTEX_POINT ( 'NONE', #1463 ) ;
#6289 = ORIENTED_EDGE ( 'NONE', *, *, #1893, .T. ) ;
#6290 = ORIENTED_EDGE ( 'NONE', *, *, #5444, .F. ) ;
#6291 = ORIENTED_EDGE ( 'NONE', *, *, #4433, .T. ) ;
#6292 = DIRECTION ( 'NONE',  ( -1.000000000000000000, -0.000000000000000000, 0.000000000000000000 ) ) ;
#6293 = LINE ( 'NONE', #3668, #2473 ) ;
#6294 = DIRECTION ( 'NONE',  ( 0.000000000000000000, -0.8090169943749402348, -0.5877852522924830181 ) ) ;
#6295 = DIRECTION ( 'NONE',  ( -1.000000000000000000, 0.000000000000000000, -0.000000000000000000 ) ) ;
#6296 = DIRECTION ( 'NONE',  ( -1.000000000000000000, 0.000000000000000000, 0.000000000000000000 ) ) ;
#6297 = CARTESIAN_POINT ( 'NONE',  ( 15.00000000000000178, 35.95386929396241271, 10.96151621346552041 ) ) ;
#6298 = AXIS2_PLACEMENT_3D ( 'NONE', #7356, #2456, #5266 ) ;
#6299 = VERTEX_POINT ( 'NONE', #2149 ) ;
#6300 = ORIENTED_EDGE ( 'NONE', *, *, #5371, .T. ) ;
#6301 = CIRCLE ( 'NONE', #4986, 37.49900000000001654 ) ;
#6302 = CYLINDRICAL_SURFACE ( 'NONE', #7796, 37.49900000000000944 ) ;
#6303 =( NAMED_UNIT ( * ) SI_UNIT ( $, .STERADIAN. ) SOLID_ANGLE_UNIT ( ) );
#6304 = CARTESIAN_POINT ( 'NONE',  ( 0.000000000000000000, -41.81611651403864727, 3.925862922256032395 ) ) ;
#6305 = CYLINDRICAL_SURFACE ( 'NONE', #540, 16.00000000000000000 ) ;
#6306 = PRODUCT_RELATED_PRODUCT_CATEGORY ( 'part', '', ( #377 ) ) ;
#6307 = CARTESIAN_POINT ( 'NONE',  ( 15.00000000000000178, 0.000000000000000000, 0.000000000000000000 ) ) ;
#6308 = ORIENTED_EDGE ( 'NONE', *, *, #3106, .F. ) ;
#6309 = AXIS2_PLACEMENT_3D ( 'NONE', #7828, #8639, #2371 ) ;
#6310 = ORIENTED_EDGE ( 'NONE', *, *, #8488, .T. ) ;
#6311 = DIRECTION ( 'NONE',  ( 0.000000000000000000, 0.000000000000000000, 1.000000000000000000 ) ) ;
#6312 = DIRECTION ( 'NONE',  ( 0.000000000000000000, -0.8090169943749402348, -0.5877852522924832401 ) ) ;
#6313 = LINE ( 'NONE', #8448, #3399 ) ;
#6314 = CARTESIAN_POINT ( 'NONE',  ( 0.000000000000000000, -22.48208911017525935, 35.47612816024516036 ) ) ;
#6315 = ADVANCED_FACE ( 'NONE', ( #4269 ), #8285, .T. ) ;
#6316 = ORIENTED_EDGE ( 'NONE', *, *, #4043, .F. ) ;
#6317 = ORIENTED_EDGE ( 'NONE', *, *, #3397, .F. ) ;
#6318 = CARTESIAN_POINT ( 'NONE',  ( 15.00000000000000178, 9.471478019455348729, -14.71414642875944345 ) ) ;
#6319 = DIRECTION ( 'NONE',  ( -1.000000000000000000, 0.000000000000000000, -0.000000000000000000 ) ) ;
#6320 = LINE ( 'NONE', #4265, #1658 ) ;
#6321 = DIRECTION ( 'NONE',  ( -1.000000000000000000, 0.000000000000000000, 0.000000000000000000 ) ) ;
#6322 = EDGE_CURVE ( 'NONE', #7722, #2964, #2192, .T. ) ;
#6323 = ADVANCED_FACE ( 'NONE', ( #8458 ), #6285, .T. ) ;
#6324 = DIRECTION ( 'NONE',  ( 0.000000000000000000, 0.4539904997395477482, -0.8910065241883673437 ) ) ;
#6325 = DIRECTION ( 'NONE',  ( 1.000000000000000000, -0.000000000000000000, -0.000000000000000000 ) ) ;
#6326 = ORIENTED_EDGE ( 'NONE', *, *, #6225, .T. ) ;
#6327 = ORIENTED_EDGE ( 'NONE', *, *, #1629, .F. ) ;
#6328 = ORIENTED_EDGE ( 'NONE', *, *, #1595, .F. ) ;
#6329 = VERTEX_POINT ( 'NONE', #1419 ) ;
#6330 = ADVANCED_FACE ( 'NONE', ( #3442 ), #682, .T. ) ;
#6331 = ORIENTED_EDGE ( 'NONE', *, *, #2577, .T. ) ;
#6332 = EDGE_CURVE ( 'NONE', #5498, #4749, #8194, .T. ) ;
#6333 = DIRECTION ( 'NONE',  ( -1.000000000000000000, 0.000000000000000000, -0.000000000000000000 ) ) ;
#6334 = DIRECTION ( 'NONE',  ( -1.000000000000000000, 0.000000000000000000, 0.000000000000000000 ) ) ;
#6335 = CARTESIAN_POINT ( 'NONE',  ( 0.000000000000000000, -9.471478019455238595, 14.71414642875950918 ) ) ;
#6336 = CARTESIAN_POINT ( 'NONE',  ( 15.00000000000000178, 19.83898331853697883, -9.508666619816422028 ) ) ;
#6337 = VECTOR ( 'NONE', #4768, 1000.000000000000000 ) ;
#6338 = CARTESIAN_POINT ( 'NONE',  ( 15.00000000000000178, 0.000000000000000000, 0.000000000000000000 ) ) ;
#6339 = CYLINDRICAL_SURFACE ( 'NONE', #4919, 17.49900000000000233 ) ;
#6340 = ORIENTED_EDGE ( 'NONE', *, *, #5857, .T. ) ;
#6341 = AXIS2_PLACEMENT_3D ( 'NONE', #5302, #1678, #2494 ) ;
#6342 = ORIENTED_EDGE ( 'NONE', *, *, #2005, .F. ) ;
#6343 = AXIS2_PLACEMENT_3D ( 'NONE', #8917, #4591, #507 ) ;
#6344 = EDGE_CURVE ( 'NONE', #8881, #4841, #4258, .T. ) ;
#6345 = DIRECTION ( 'NONE',  ( -1.000000000000000000, 0.000000000000000000, 0.000000000000000000 ) ) ;
#6346 = ITEM_DEFINED_TRANSFORMATION ( 'NONE', 'NONE', #6057,  #348 ) ;
#6347 = LINE ( 'NONE', #3415, #564 ) ;
#6348 = CYLINDRICAL_SURFACE ( 'NONE', #4053, 8.000000000000000000 ) ;
#6349 = CARTESIAN_POINT ( 'NONE',  ( 7.500000000000002665, 41.81611651403861885, 3.925862922256317056 ) ) ;
#6350 = DIRECTION ( 'NONE',  ( -1.000000000000000000, 0.000000000000000000, -0.000000000000000000 ) ) ;
#6351 = VECTOR ( 'NONE', #6713, 1000.000000000000000 ) ;
#6352 = CIRCLE ( 'NONE', #2391, 16.00000000000000000 ) ;
#6353 = ORIENTED_EDGE ( 'NONE', *, *, #283, .T. ) ;
#6354 = VERTEX_POINT ( 'NONE', #1506 ) ;
#6355 = CARTESIAN_POINT ( 'NONE',  ( 15.00000000000000178, -18.62763138773848581, -2.494040418455554242 ) ) ;
#6356 = FACE_OUTER_BOUND ( 'NONE', #3804, .T. ) ;
#6357 = CIRCLE ( 'NONE', #7517, 16.00000000000000000 ) ;
#6358 = CIRCLE ( 'NONE', #7518, 8.000000000000001776 ) ;
#6359 = AXIS2_PLACEMENT_3D ( 'NONE', #3339, #2688, #6135 ) ;
#6360 = CARTESIAN_POINT ( 'NONE',  ( 0.000000000000000000, -16.53603053422200375, -8.931325931664769513 ) ) ;
#6361 = DIRECTION ( 'NONE',  ( 0.000000000000000000, 0.000000000000000000, 1.000000000000000000 ) ) ;
#6362 = CIRCLE ( 'NONE', #2692, 37.49900000000001654 ) ;
#6363 = CIRCLE ( 'NONE', #3884, 37.49900000000001654 ) ;
#6364 = EDGE_LOOP ( 'NONE', ( #7469, #1402, #1831, #6258 ) ) ;
#6365 = VERTEX_POINT ( 'NONE', #3611 ) ;
#6366 = DIRECTION ( 'NONE',  ( 0.000000000000000000, 0.000000000000000000, 1.000000000000000000 ) ) ;
#6367 = CARTESIAN_POINT ( 'NONE',  ( 15.00000000000000178, 40.68715046381928602, 10.41901085202093213 ) ) ;
#6368 = ADVANCED_FACE ( 'NONE', ( #7010 ), #2884, .T. ) ;
#6369 = DIRECTION ( 'NONE',  ( -1.000000000000000000, -0.000000000000000000, 0.000000000000000000 ) ) ;
#6370 = EDGE_CURVE ( 'NONE', #7026, #329, #580, .T. ) ;
#6371 = DIRECTION ( 'NONE',  ( 0.000000000000000000, -1.000000000000000000, -1.047444401652940164E-14 ) ) ;
#6372 = CARTESIAN_POINT ( 'NONE',  ( 0.000000000000000000, 16.45098606841172995, -33.79645857604496229 ) ) ;
#6373 = VERTEX_POINT ( 'NONE', #1369 ) ;
#6374 = FACE_OUTER_BOUND ( 'NONE', #7115, .T. ) ;
#6375 = ORIENTED_EDGE ( 'NONE', *, *, #3985, .F. ) ;
#6376 = ORIENTED_EDGE ( 'NONE', *, *, #880, .F. ) ;
#6377 = ORIENTED_EDGE ( 'NONE', *, *, #5857, .F. ) ;
#6378 = EDGE_LOOP ( 'NONE', ( #2780, #7920, #8100, #7187 ) ) ;
#6379 = DIRECTION ( 'NONE',  ( -1.000000000000000000, -0.000000000000000000, -0.000000000000000000 ) ) ;
#6380 = DIRECTION ( 'NONE',  ( -1.000000000000000000, -0.000000000000000000, -0.000000000000000000 ) ) ;
#6381 = CYLINDRICAL_SURFACE ( 'NONE', #4894, 16.00000000000000000 ) ;
#6382 = LINE ( 'NONE', #8296, #876 ) ;
#6383 = CARTESIAN_POINT ( 'NONE',  ( 15.00000000000000178, -35.38097989696521495, 12.42422080174624810 ) ) ;
#6384 = DIRECTION ( 'NONE',  ( 0.000000000000000000, 0.000000000000000000, -1.000000000000000000 ) ) ;
#6385 = ORIENTED_EDGE ( 'NONE', *, *, #6214, .T. ) ;
#6386 = VERTEX_POINT ( 'NONE', #4998 ) ;
#6387 = CIRCLE ( 'NONE', #2432, 37.49900000000000944 ) ;
#6388 = DIRECTION ( 'NONE',  ( -1.000000000000000000, 0.000000000000000000, 0.000000000000000000 ) ) ;
#6389 = CIRCLE ( 'NONE', #5228, 16.00000000000000000 ) ;
#6390 = CYLINDRICAL_SURFACE ( 'NONE', #1287, 21.99999999999999289 ) ;
#6391 = FACE_OUTER_BOUND ( 'NONE', #1685, .T. ) ;
#6392 = EDGE_CURVE ( 'NONE', #5052, #9009, #3809, .T. ) ;
#6393 = DIRECTION ( 'NONE',  ( -1.000000000000000000, 0.000000000000000000, 0.000000000000000000 ) ) ;
#6394 = ORIENTED_EDGE ( 'NONE', *, *, #4241, .T. ) ;
#6395 = EDGE_CURVE ( 'NONE', #3888, #1832, #6583, .T. ) ;
#6396 = VERTEX_POINT ( 'NONE', #4912 ) ;
#6397 = CARTESIAN_POINT ( 'NONE',  ( 15.00000000000000178, 3.384281271888070375, -18.48663108841353164 ) ) ;
#6398 = CYLINDRICAL_SURFACE ( 'NONE', #5622, 42.00000000000000000 ) ;
#6399 = AXIS2_PLACEMENT_3D ( 'NONE', #5155, #6431, #8440 ) ;
#6400 = FACE_OUTER_BOUND ( 'NONE', #6609, .T. ) ;
#6401 = DIRECTION ( 'NONE',  ( 0.000000000000000000, 0.000000000000000000, 1.000000000000000000 ) ) ;
#6402 = CARTESIAN_POINT ( 'NONE',  ( -10.00000000000000000, 0.000000000000000000, 0.000000000000000000 ) ) ;
#6403 = ORIENTED_EDGE ( 'NONE', *, *, #2046, .T. ) ;
#6404 = EDGE_LOOP ( 'NONE', ( #4321, #954, #130, #2952, #8246, #1491, #5082, #5412, #3165, #4979, #3178, #3033, #1095, #2806, #8507, #4282, #2900, #5639, #1530, #543, #7188, #2506, #965, #1613, #1200, #7919, #2573, #2911, #2225, #522, #179, #4214, #8704, #717, #6001, #3093, #7723, #8496, #7866, #5642, #2211, #7820, #7016, #4050, #8654, #7794, #2658, #8434, #7184, #5553, #4791, #5790, #1859, #5232, #747, #3846, #5821, #4599, #8712, #5688, #3577, #2167, #8187, #553, #8705, #8598, #969, #235, #8794, #5900, #5583, #2133, #9012, #2660, #176, #6049, #6141, #1599, #3661, #685, #6098, #555, #8140, #3031, #7912, #9011, #1226, #4425, #3280, #6291, #6836, #2853, #4805, #2141, #7570, #1183, #317, #6277, #3931, #8922, #1571, #4223, #7705, #6978, #523, #2425, #6194, #6899, #3866, #2633, #2761, #1284, #378, #8421, #901, #7750, #4877, #4782, #5115, #2995, #7560, #255, #7412, #1911, #2910, #7543, #3900, #684, #7254, #8268, #8315, #4318, #4692, #5244, #1967, #3897, #7515, #7393, #8300, #6980, #7152, #3447, #8056, #653, #7002, #858, #8334, #8360, #5618, #2239, #7242, #4273, #486, #1507, #4060, #1664, #1022, #4680, #4375, #6014, #2218, #1348, #8247, #7017, #7679 ) ) ;
#6405 = CARTESIAN_POINT ( 'NONE',  ( -10.00000000000000000, 0.000000000000000000, 0.000000000000000000 ) ) ;
#6406 = DIRECTION ( 'NONE',  ( 0.000000000000000000, 0.000000000000000000, -1.000000000000000000 ) ) ;
#6407 = EDGE_CURVE ( 'NONE', #2608, #6416, #6963, .T. ) ;
#6408 = DIRECTION ( 'NONE',  ( -1.000000000000000000, 0.000000000000000000, 0.000000000000000000 ) ) ;
#6409 = DIRECTION ( 'NONE',  ( -1.000000000000000000, -0.000000000000000000, 0.000000000000000000 ) ) ;
#6410 = EDGE_CURVE ( 'NONE', #6911, #2842, #40, .T. ) ;
#6411 = DIRECTION ( 'NONE',  ( 0.000000000000000000, 0.000000000000000000, 1.000000000000000000 ) ) ;
#6412 = ORIENTED_EDGE ( 'NONE', *, *, #408, .T. ) ;
#6413 = ORIENTED_EDGE ( 'NONE', *, *, #4889, .T. ) ;
#6414 = CIRCLE ( 'NONE', #4232, 8.000000000000003553 ) ;
#6415 = ORIENTED_EDGE ( 'NONE', *, *, #5951, .F. ) ;
#6416 = VERTEX_POINT ( 'NONE', #4125 ) ;
#6417 = ORIENTED_EDGE ( 'NONE', *, *, #8366, .T. ) ;
#6418 = CARTESIAN_POINT ( 'NONE',  ( 15.00000000000000178, 18.62763138773854266, -2.494040418455146568 ) ) ;
#6419 = FACE_OUTER_BOUND ( 'NONE', #5820, .T. ) ;
#6420 = VECTOR ( 'NONE', #7441, 1000.000000000000000 ) ;
#6421 = CARTESIAN_POINT ( 'NONE',  ( 15.00000000000000178, 9.188173127307889487, -40.98264845739739570 ) ) ;
#6422 = DIRECTION ( 'NONE',  ( 0.000000000000000000, 0.000000000000000000, 1.000000000000000000 ) ) ;
#6423 = DIRECTION ( 'NONE',  ( 1.000000000000000000, -0.000000000000000000, 0.000000000000000000 ) ) ;
#6424 = DIRECTION ( 'NONE',  ( -1.000000000000000000, 0.000000000000000000, 0.000000000000000000 ) ) ;
#6425 = ORIENTED_EDGE ( 'NONE', *, *, #5970, .F. ) ;
#6426 = VERTEX_POINT ( 'NONE', #8420 ) ;
#6427 = VERTEX_POINT ( 'NONE', #632 ) ;
#6428 = DIRECTION ( 'NONE',  ( 0.000000000000000000, 0.000000000000000000, 1.000000000000000000 ) ) ;
#6429 = CIRCLE ( 'NONE', #3648, 37.49900000000001654 ) ;
#6430 = DIRECTION ( 'NONE',  ( -1.000000000000000000, 0.000000000000000000, 0.000000000000000000 ) ) ;
#6431 = DIRECTION ( 'NONE',  ( 1.000000000000000000, 0.000000000000000000, 0.000000000000000000 ) ) ;
#6432 = CARTESIAN_POINT ( 'NONE',  ( 0.000000000000000000, 30.00120703465236005, -22.64427369931139467 ) ) ;
#6433 = AXIS2_PLACEMENT_3D ( 'NONE', #2830, #757, #3569 ) ;
#6434 = EDGE_CURVE ( 'NONE', #7217, #2064, #1021, .T. ) ;
#6435 = AXIS2_PLACEMENT_3D ( 'NONE', #751, #6227, #3990 ) ;
#6436 = ORIENTED_EDGE ( 'NONE', *, *, #661, .T. ) ;
#6437 = ORIENTED_EDGE ( 'NONE', *, *, #1378, .T. ) ;
#6438 = EDGE_CURVE ( 'NONE', #5452, #6465, #6156, .T. ) ;
#6439 = AXIS2_PLACEMENT_3D ( 'NONE', #3994, #4688, #3951 ) ;
#6440 = CARTESIAN_POINT ( 'NONE',  ( 0.000000000000000000, -27.13269053701113975, 25.88420570971392465 ) ) ;
#6441 = DIRECTION ( 'NONE',  ( 0.000000000000000000, 0.000000000000000000, -1.000000000000000000 ) ) ;
#6442 = DIRECTION ( 'NONE',  ( -1.000000000000000000, 0.000000000000000000, 0.000000000000000000 ) ) ;
#6443 = EDGE_CURVE ( 'NONE', #5703, #6192, #1736, .T. ) ;
#6444 = LINE ( 'NONE', #3062, #7165 ) ;
#6445 = FACE_OUTER_BOUND ( 'NONE', #5245, .T. ) ;
#6446 = AXIS2_PLACEMENT_3D ( 'NONE', #5869, #1692, #228 ) ;
#6447 = ORIENTED_EDGE ( 'NONE', *, *, #8419, .T. ) ;
#6448 = ORIENTED_EDGE ( 'NONE', *, *, #474, .T. ) ;
#6449 = DIRECTION ( 'NONE',  ( 0.000000000000000000, -0.8090169943749402348, -0.5877852522924830181 ) ) ;
#6450 = DIRECTION ( 'NONE',  ( 0.000000000000000000, 0.000000000000000000, -1.000000000000000000 ) ) ;
#6451 = CYLINDRICAL_SURFACE ( 'NONE', #7977, 16.00000000000000000 ) ;
#6452 = CARTESIAN_POINT ( 'NONE',  ( 15.00000000000000178, 0.000000000000000000, 0.000000000000000000 ) ) ;
#6453 = CARTESIAN_POINT ( 'NONE',  ( 15.00000000000000178, -33.17418723428319538, 17.67226234102815141 ) ) ;
#6454 = VERTEX_POINT ( 'NONE', #8689 ) ;
#6455 = ORIENTED_EDGE ( 'NONE', *, *, #8324, .F. ) ;
#6456 = ORIENTED_EDGE ( 'NONE', *, *, #1101, .F. ) ;
#6457 = ORIENTED_EDGE ( 'NONE', *, *, #4031, .F. ) ;
#6458 = VERTEX_POINT ( 'NONE', #8553 ) ;
#6459 = DIRECTION ( 'NONE',  ( -1.000000000000000000, 0.000000000000000000, 0.000000000000000000 ) ) ;
#6460 = DIRECTION ( 'NONE',  ( -1.000000000000000000, 0.000000000000000000, -0.000000000000000000 ) ) ;
#6461 = DIRECTION ( 'NONE',  ( -1.000000000000000000, 0.000000000000000000, 0.000000000000000000 ) ) ;
#6462 = CARTESIAN_POINT ( 'NONE',  ( 15.00000000000000178, -26.08949754953043509, 27.05870788708222818 ) ) ;
#6463 = DIRECTION ( 'NONE',  ( -1.000000000000000000, 0.000000000000000000, 0.000000000000000000 ) ) ;
#6464 = DIRECTION ( 'NONE',  ( 1.000000000000000000, 0.000000000000000000, 0.000000000000000000 ) ) ;
#6465 = VERTEX_POINT ( 'NONE', #4363 ) ;
#6466 = VERTEX_POINT ( 'NONE', #2419 ) ;
#6467 = EDGE_CURVE ( 'NONE', #3782, #3576, #7903, .T. ) ;
#6468 = ORIENTED_EDGE ( 'NONE', *, *, #5073, .F. ) ;
#6469 = AXIS2_PLACEMENT_3D ( 'NONE', #1653, #1562, #1744 ) ;
#6470 = DIRECTION ( 'NONE',  ( -1.000000000000000000, -0.000000000000000000, -0.000000000000000000 ) ) ;
#6471 = DIRECTION ( 'NONE',  ( -0.7851308526041579361, 0.6193299155450737725, -5.931397894475745117E-17 ) ) ;
#6472 = FACE_OUTER_BOUND ( 'NONE', #6041, .T. ) ;
#6473 = CARTESIAN_POINT ( 'NONE',  ( 7.500000000000002665, -41.81611651403864727, 3.925862922256032395 ) ) ;
#6474 = DIRECTION ( 'NONE',  ( -1.000000000000000000, -0.000000000000000000, 0.000000000000000000 ) ) ;
#6475 = ADVANCED_FACE ( 'NONE', ( #1555 ), #5774, .T. ) ;
#6476 = ORIENTED_EDGE ( 'NONE', *, *, #7566, .F. ) ;
#6477 = ORIENTED_EDGE ( 'NONE', *, *, #657, .F. ) ;
#6478 = DIRECTION ( 'NONE',  ( 0.000000000000000000, -0.8910065241883721177, 0.4539904997395382003 ) ) ;
#6479 = AXIS2_PLACEMENT_3D ( 'NONE', #2653, #4082, #3903 ) ;
#6480 = DIRECTION ( 'NONE',  ( -1.000000000000000000, -0.000000000000000000, 0.000000000000000000 ) ) ;
#6481 = EDGE_CURVE ( 'NONE', #329, #4323, #1618, .T. ) ;
#6482 = DIRECTION ( 'NONE',  ( -1.000000000000000000, 0.000000000000000000, -0.000000000000000000 ) ) ;
#6483 = VECTOR ( 'NONE', #8757, 1000.000000000000000 ) ;
#6484 = FACE_OUTER_BOUND ( 'NONE', #4934, .T. ) ;
#6485 = CIRCLE ( 'NONE', #767, 16.00000000000000000 ) ;
#6486 = CARTESIAN_POINT ( 'NONE',  ( 15.00000000000000178, 0.000000000000000000, 0.000000000000000000 ) ) ;
#6487 = CYLINDRICAL_SURFACE ( 'NONE', #2868, 37.49900000000000944 ) ;
#6488 = EDGE_CURVE ( 'NONE', #584, #7974, #4554, .T. ) ;
#6489 = AXIS2_PLACEMENT_3D ( 'NONE', #3116, #1034, #3070 ) ;
#6490 = EDGE_CURVE ( 'NONE', #31, #2760, #3231, .T. ) ;
#6491 = EDGE_CURVE ( 'NONE', #4601, #7830, #153, .T. ) ;
#6492 = ORIENTED_EDGE ( 'NONE', *, *, #1454, .F. ) ;
#6493 = ORIENTED_EDGE ( 'NONE', *, *, #3286, .T. ) ;
#6494 = AXIS2_PLACEMENT_3D ( 'NONE', #8489, #798, #5716 ) ;
#6495 = CARTESIAN_POINT ( 'NONE',  ( 0.000000000000000000, -21.53537804866058281, -30.80686688397033635 ) ) ;
#6496 = CARTESIAN_POINT ( 'NONE',  ( 0.000000000000000000, 8.931325931664828133, -16.53603053422197178 ) ) ;
#6497 = VECTOR ( 'NONE', #9, 1000.000000000000000 ) ;
#6498 = CARTESIAN_POINT ( 'NONE',  ( 0.000000000000000000, 0.000000000000000000, 0.000000000000000000 ) ) ;
#6499 = CIRCLE ( 'NONE', #7662, 8.000000000000003553 ) ;
#6500 = CARTESIAN_POINT ( 'NONE',  ( 15.00000000000000178, -37.16516213103274424, -4.992566952385386614 ) ) ;
#6501 = DIRECTION ( 'NONE',  ( 0.000000000000000000, 0.000000000000000000, 1.000000000000000000 ) ) ;
#6502 = EDGE_CURVE ( 'NONE', #7671, #6288, #6163, .T. ) ;
#6503 = VECTOR ( 'NONE', #4014, 1000.000000000000000 ) ;
#6504 = VERTEX_POINT ( 'NONE', #174 ) ;
#6505 = ORIENTED_EDGE ( 'NONE', *, *, #2320, .T. ) ;
#6506 = AXIS2_PLACEMENT_3D ( 'NONE', #4025, #6816, #6134 ) ;
#6507 = ORIENTED_EDGE ( 'NONE', *, *, #4611, .F. ) ;
#6508 = VERTEX_POINT ( 'NONE', #995 ) ;
#6509 = EDGE_CURVE ( 'NONE', #1820, #5872, #5140, .T. ) ;
#6510 = ORIENTED_EDGE ( 'NONE', *, *, #5699, .T. ) ;
#6511 = AXIS2_PLACEMENT_3D ( 'NONE', #6818, #8769, #2502 ) ;
#6512 = DIRECTION ( 'NONE',  ( 0.000000000000000000, 0.000000000000000000, 1.000000000000000000 ) ) ;
#6513 = FACE_OUTER_BOUND ( 'NONE', #8880, .T. ) ;
#6514 = CARTESIAN_POINT ( 'NONE',  ( 0.000000000000000000, 8.128228055639098670, -16.94522934049201623 ) ) ;
#6515 = DIRECTION ( 'NONE',  ( 0.000000000000000000, 0.000000000000000000, 1.000000000000000000 ) ) ;
#6516 = CARTESIAN_POINT ( 'NONE',  ( 15.00000000000000178, -31.52238457039580055, -27.75498641678776579 ) ) ;
#6517 = FILL_AREA_STYLE_COLOUR ( '', #3036 ) ;
#6518 = AXIS2_PLACEMENT_3D ( 'NONE', #2365, #7913, #3889 ) ;
#6519 = ADVANCED_FACE ( 'NONE', ( #4403 ), #7918, .T. ) ;
#6520 = ORIENTED_EDGE ( 'NONE', *, *, #4982, .T. ) ;
#6521 = ORIENTED_EDGE ( 'NONE', *, *, #5495, .T. ) ;
#6522 = CIRCLE ( 'NONE', #4501, 42.00000000000000000 ) ;
#6523 = ORIENTED_EDGE ( 'NONE', *, *, #6638, .T. ) ;
#6524 = DIRECTION ( 'NONE',  ( 0.000000000000000000, 0.9876883405951372152, 0.1564344650402346160 ) ) ;
#6525 = DIRECTION ( 'NONE',  ( -1.000000000000000000, 0.000000000000000000, -0.000000000000000000 ) ) ;
#6526 = DIRECTION ( 'NONE',  ( 0.000000000000000000, 0.000000000000000000, 1.000000000000000000 ) ) ;
#6527 = EDGE_CURVE ( 'NONE', #122, #7736, #1479, .T. ) ;
#6528 = CYLINDRICAL_SURFACE ( 'NONE', #7141, 21.99999999999999289 ) ;
#6529 = CARTESIAN_POINT ( 'NONE',  ( 15.00000000000000178, -12.26510123303285127, 35.53030884539080603 ) ) ;
#6530 = CARTESIAN_POINT ( 'NONE',  ( 15.00000000000000178, -17.67226234102849958, 33.17418723428301064 ) ) ;
#6531 = AXIS2_PLACEMENT_3D ( 'NONE', #3836, #7264, #7307 ) ;
#6532 = EDGE_CURVE ( 'NONE', #8665, #4320, #2283, .T. ) ;
#6533 = ORIENTED_EDGE ( 'NONE', *, *, #4711, .T. ) ;
#6534 = CIRCLE ( 'NONE', #7997, 8.000000000000001776 ) ;
#6535 = DIRECTION ( 'NONE',  ( 0.000000000000000000, 0.5877852522924684742, 0.8090169943749507819 ) ) ;
#6536 = DIRECTION ( 'NONE',  ( -1.000000000000000000, -0.000000000000000000, 0.000000000000000000 ) ) ;
#6537 = EDGE_CURVE ( 'NONE', #3820, #8203, #270, .T. ) ;
#6538 = DIRECTION ( 'NONE',  ( -1.000000000000000000, -0.000000000000000000, 0.000000000000000000 ) ) ;
#6539 = CYLINDRICAL_SURFACE ( 'NONE', #8933, 16.00000000000000000 ) ;
#6540 = CARTESIAN_POINT ( 'NONE',  ( 15.00000000000000178, 13.55483219355744318, -11.06713717293224697 ) ) ;
#6541 = CARTESIAN_POINT ( 'NONE',  ( 7.500000000000002665, -32.34446384429990218, 26.79245525562703278 ) ) ;
#6542 = VECTOR ( 'NONE', #5881, 1000.000000000000000 ) ;
#6543 = VERTEX_POINT ( 'NONE', #7275 ) ;
#6544 = ORIENTED_EDGE ( 'NONE', *, *, #6921, .F. ) ;
#6545 = AXIS2_PLACEMENT_3D ( 'NONE', #1486, #3549, #4974 ) ;
#6546 = CARTESIAN_POINT ( 'NONE',  ( -10.00000000000000000, 0.000000000000000000, 0.000000000000000000 ) ) ;
#6547 = DIRECTION ( 'NONE',  ( -1.000000000000000000, -0.000000000000000000, -0.000000000000000000 ) ) ;
#6548 = DIRECTION ( 'NONE',  ( -1.000000000000000000, 0.000000000000000000, -0.000000000000000000 ) ) ;
#6549 = DIRECTION ( 'NONE',  ( 0.000000000000000000, 0.5877852522924741363, -0.8090169943749465631 ) ) ;
#6550 = DIRECTION ( 'NONE',  ( 1.000000000000000000, -0.000000000000000000, -0.000000000000000000 ) ) ;
#6551 = AXIS2_PLACEMENT_3D ( 'NONE', #8449, #7347, #4527 ) ;
#6552 = ORIENTED_EDGE ( 'NONE', *, *, #4814, .T. ) ;
#6553 = EDGE_LOOP ( 'NONE', ( #710, #5723, #4242, #1935 ) ) ;
#6554 = VERTEX_POINT ( 'NONE', #6591 ) ;
#6555 = ORIENTED_EDGE ( 'NONE', *, *, #7836, .T. ) ;
#6556 = ADVANCED_FACE ( 'NONE', ( #5180, #3073 ), #5045, .F. ) ;
#6557 = DIRECTION ( 'NONE',  ( -1.000000000000000000, 0.000000000000000000, 0.000000000000000000 ) ) ;
#6558 = CARTESIAN_POINT ( 'NONE',  ( 15.00000000000000178, -29.81001611431025466, 22.74946021919122785 ) ) ;
#6559 = CARTESIAN_POINT ( 'NONE',  ( 0.000000000000000000, 36.88895765772634405, 6.736453364083681450 ) ) ;
#6560 = DIRECTION ( 'NONE',  ( -1.000000000000000000, -0.000000000000000000, -0.000000000000000000 ) ) ;
#6561 = CYLINDRICAL_SURFACE ( 'NONE', #5049, 17.49900000000000233 ) ;
#6562 = DIRECTION ( 'NONE',  ( 0.000000000000000000, 0.000000000000000000, -1.000000000000000000 ) ) ;
#6563 = EDGE_LOOP ( 'NONE', ( #4046, #4888, #6270, #2454 ) ) ;
#6564 = ORIENTED_EDGE ( 'NONE', *, *, #8176, .T. ) ;
#6565 = EDGE_LOOP ( 'NONE', ( #1031, #3807, #3325, #8174 ) ) ;
#6566 = CIRCLE ( 'NONE', #4522, 8.000000000000001776 ) ;
#6567 = CARTESIAN_POINT ( 'NONE',  ( 0.000000000000000000, -37.01155633439053361, -6.555932627142831315 ) ) ;
#6568 = DIRECTION ( 'NONE',  ( -1.000000000000000000, -0.000000000000000000, -0.000000000000000000 ) ) ;
#6569 = CIRCLE ( 'NONE', #1888, 42.00000000000000000 ) ;
#6570 = CARTESIAN_POINT ( 'NONE',  ( 15.00000000000000178, -3.384281271887947362, 18.48663108841355651 ) ) ;
#6571 = CARTESIAN_POINT ( 'NONE',  ( 0.000000000000000000, 0.000000000000000000, 0.000000000000000000 ) ) ;
#6572 = DIRECTION ( 'NONE',  ( 0.000000000000000000, 0.000000000000000000, 1.000000000000000000 ) ) ;
#6573 = CARTESIAN_POINT ( 'NONE',  ( 15.00000000000000178, 0.000000000000000000, 0.000000000000000000 ) ) ;
#6574 = VERTEX_POINT ( 'NONE', #3030 ) ;
#6575 = LINE ( 'NONE', #4475, #7006 ) ;
#6576 = CYLINDRICAL_SURFACE ( 'NONE', #6947, 42.00000000000000000 ) ;
#6577 = AXIS2_PLACEMENT_3D ( 'NONE', #1824, #3241, #8811 ) ;
#6578 = DIRECTION ( 'NONE',  ( 0.000000000000000000, 0.000000000000000000, -1.000000000000000000 ) ) ;
#6579 = CYLINDRICAL_SURFACE ( 'NONE', #8791, 37.49900000000000944 ) ;
#6580 = CARTESIAN_POINT ( 'NONE',  ( -10.00000000000000000, 0.000000000000000000, 0.000000000000000000 ) ) ;
#6581 = CARTESIAN_POINT ( 'NONE',  ( 0.000000000000000000, 0.000000000000000000, 0.000000000000000000 ) ) ;
#6582 = AXIS2_PLACEMENT_3D ( 'NONE', #7294, #6568, #8790 ) ;
#6583 = CIRCLE ( 'NONE', #2778, 21.99999999999999289 ) ;
#6584 = ORIENTED_EDGE ( 'NONE', *, *, #2558, .F. ) ;
#6585 = DIRECTION ( 'NONE',  ( 0.000000000000000000, 0.000000000000000000, 1.000000000000000000 ) ) ;
#6586 = CARTESIAN_POINT ( 'NONE',  ( 15.00000000000000178, 0.000000000000000000, 0.000000000000000000 ) ) ;
#6587 = VECTOR ( 'NONE', #7809, 1000.000000000000000 ) ;
#6588 = DIRECTION ( 'NONE',  ( -1.000000000000000000, 0.000000000000000000, 0.000000000000000000 ) ) ;
#6589 = EDGE_CURVE ( 'NONE', #330, #6365, #6744, .T. ) ;
#6590 = CARTESIAN_POINT ( 'NONE',  ( 0.000000000000000000, 37.01155633439059045, 6.555932627142555091 ) ) ;
#6591 = CARTESIAN_POINT ( 'NONE',  ( 0.000000000000000000, -17.47118961583598917, -0.9861715913089493801 ) ) ;
#6592 = VERTEX_POINT ( 'NONE', #3118 ) ;
#6593 = EDGE_LOOP ( 'NONE', ( #4914, #2008, #814, #1844 ) ) ;
#6594 = ORIENTED_EDGE ( 'NONE', *, *, #7257, .F. ) ;
#6595 = ORIENTED_EDGE ( 'NONE', *, *, #7655, .T. ) ;
#6596 = CIRCLE ( 'NONE', #3074, 16.00000000000000355 ) ;
#6597 = ORIENTED_EDGE ( 'NONE', *, *, #723, .F. ) ;
#6598 = EDGE_CURVE ( 'NONE', #4649, #8510, #2933, .T. ) ;
#6599 = CARTESIAN_POINT ( 'NONE',  ( 0.000000000000000000, -39.04073710021356902, 15.48615015657567184 ) ) ;
#6600 = CARTESIAN_POINT ( 'NONE',  ( 0.000000000000000000, 0.000000000000000000, 0.000000000000000000 ) ) ;
#6601 = EDGE_CURVE ( 'NONE', #6504, #6668, #2350, .T. ) ;
#6602 = CARTESIAN_POINT ( 'NONE',  ( 0.000000000000000000, -10.46102064772353479, 19.35373470438978671 ) ) ;
#6603 = CYLINDRICAL_SURFACE ( 'NONE', #1067, 8.000000000000001776 ) ;
#6604 = DIRECTION ( 'NONE',  ( -1.000000000000000000, 0.000000000000000000, -0.000000000000000000 ) ) ;
#6605 = FACE_OUTER_BOUND ( 'NONE', #7526, .T. ) ;
#6606 = EDGE_CURVE ( 'NONE', #5468, #968, #8728, .T. ) ;
#6607 = ORIENTED_EDGE ( 'NONE', *, *, #1912, .F. ) ;
#6608 = ORIENTED_EDGE ( 'NONE', *, *, #808, .T. ) ;
#6609 = EDGE_LOOP ( 'NONE', ( #1252, #7140, #688, #4342 ) ) ;
#6610 = EDGE_CURVE ( 'NONE', #3589, #7856, #8202, .T. ) ;
#6611 = DIRECTION ( 'NONE',  ( -1.000000000000000000, -0.000000000000000000, 0.000000000000000000 ) ) ;
#6612 = CARTESIAN_POINT ( 'NONE',  ( 15.00000000000000178, 16.53603053422206770, -8.931325931664654050 ) ) ;
#6613 = DIRECTION ( 'NONE',  ( -1.000000000000000000, -0.000000000000000000, -0.000000000000000000 ) ) ;
#6614 = AXIS2_PLACEMENT_3D ( 'NONE', #2410, #3834, #5217 ) ;
#6615 = DIRECTION ( 'NONE',  ( -1.000000000000000000, -0.000000000000000000, 0.000000000000000000 ) ) ;
#6616 = CARTESIAN_POINT ( 'NONE',  ( 0.000000000000000000, 15.48615015657636640, -39.04073710021327770 ) ) ;
#6617 = VERTEX_POINT ( 'NONE', #2117 ) ;
#6618 = EDGE_CURVE ( 'NONE', #604, #7612, #7176, .T. ) ;
#6619 = LINE ( 'NONE', #1809, #3065 ) ;
#6620 = LINE ( 'NONE', #4476, #1973 ) ;
#6621 = CARTESIAN_POINT ( 'NONE',  ( 15.00000000000000178, -3.925862922255864085, -41.81611651403866148 ) ) ;
#6622 = CARTESIAN_POINT ( 'NONE',  ( 0.000000000000000000, -35.47612816024538773, 22.48208911017488632 ) ) ;
#6623 = DIRECTION ( 'NONE',  ( 1.000000000000000000, 0.000000000000000000, 0.000000000000000000 ) ) ;
#6624 = CARTESIAN_POINT ( 'NONE',  ( 7.500000000000002665, 21.40280677340371795, 36.13751322684427691 ) ) ;
#6625 = AXIS2_PLACEMENT_3D ( 'NONE', #643, #6333, #7783 ) ;
#6626 = AXIS2_PLACEMENT_3D ( 'NONE', #7925, #960, #1654 ) ;
#6627 = ORIENTED_EDGE ( 'NONE', *, *, #8946, .F. ) ;
#6628 =( NAMED_UNIT ( * ) SI_UNIT ( $, .STERADIAN. ) SOLID_ANGLE_UNIT ( ) );
#6629 = FACE_OUTER_BOUND ( 'NONE', #8059, .T. ) ;
#6630 = AXIS2_PLACEMENT_3D ( 'NONE', #5459, #3906, #7552 ) ;
#6631 = CIRCLE ( 'NONE', #1511, 17.49899999999999878 ) ;
#6632 = DIRECTION ( 'NONE',  ( 0.000000000000000000, -0.3090169943749548898, 0.9510565162951511997 ) ) ;
#6633 = FACE_OUTER_BOUND ( 'NONE', #639, .T. ) ;
#6634 = CARTESIAN_POINT ( 'NONE',  ( 15.00000000000000178, 0.000000000000000000, 0.000000000000000000 ) ) ;
#6635 = ORIENTED_EDGE ( 'NONE', *, *, #7901, .T. ) ;
#6636 =( GEOMETRIC_REPRESENTATION_CONTEXT ( 3 ) GLOBAL_UNCERTAINTY_ASSIGNED_CONTEXT ( ( #6248 ) ) GLOBAL_UNIT_ASSIGNED_CONTEXT ( ( #8852, #8177, #4709 ) ) REPRESENTATION_CONTEXT ( 'NONE', 'WORKASPACE' ) );
#6637 = AXIS2_PLACEMENT_3D ( 'NONE', #5229, #2459, #5907 ) ;
#6638 = EDGE_CURVE ( 'NONE', #4291, #2478, #6250, .T. ) ;
#6639 = VERTEX_POINT ( 'NONE', #6336 ) ;
#6640 = VECTOR ( 'NONE', #3184, 1000.000000000000000 ) ;
#6641 = ORIENTED_EDGE ( 'NONE', *, *, #4023, .T. ) ;
#6642 = EDGE_CURVE ( 'NONE', #2066, #1651, #7910, .T. ) ;
#6643 = ORIENTED_EDGE ( 'NONE', *, *, #311, .F. ) ;
#6644 = AXIS2_PLACEMENT_3D ( 'NONE', #737, #8565, #8383 ) ;
#6645 = VERTEX_POINT ( 'NONE', #2757 ) ;
#6646 = FACE_OUTER_BOUND ( 'NONE', #8331, .T. ) ;
#6647 = EDGE_CURVE ( 'NONE', #6668, #1193, #2896, .T. ) ;
#6648 = CARTESIAN_POINT ( 'NONE',  ( 15.00000000000000178, 0.000000000000000000, 0.000000000000000000 ) ) ;
#6649 = EDGE_CURVE ( 'NONE', #6617, #3205, #8429, .T. ) ;
#6650 = CIRCLE ( 'NONE', #924, 8.000000000000003553 ) ;
#6651 = VECTOR ( 'NONE', #8412, 1000.000000000000000 ) ;
#6652 = DIRECTION ( 'NONE',  ( -1.000000000000000000, 0.000000000000000000, -0.000000000000000000 ) ) ;
#6653 = CIRCLE ( 'NONE', #642, 15.99999999999999822 ) ;
#6654 = CARTESIAN_POINT ( 'NONE',  ( 15.00000000000000178, 0.000000000000000000, 0.000000000000000000 ) ) ;
#6655 = FACE_OUTER_BOUND ( 'NONE', #4663, .T. ) ;
#6656 = DIRECTION ( 'NONE',  ( -1.000000000000000000, -0.000000000000000000, -0.000000000000000000 ) ) ;
#6657 = CIRCLE ( 'NONE', #1819, 42.00000000000000000 ) ;
#6658 = EDGE_LOOP ( 'NONE', ( #5594, #8729, #6846, #6080 ) ) ;
#6659 = VERTEX_POINT ( 'NONE', #4234 ) ;
#6660 = ORIENTED_EDGE ( 'NONE', *, *, #3837, .T. ) ;
#6661 = CIRCLE ( 'NONE', #8402, 21.99999999999999645 ) ;
#6662 = AXIS2_PLACEMENT_3D ( 'NONE', #8715, #5894, #2406 ) ;
#6663 = VERTEX_POINT ( 'NONE', #7021 ) ;
#6664 = DIRECTION ( 'NONE',  ( -1.000000000000000000, 0.000000000000000000, 0.000000000000000000 ) ) ;
#6665 = DIRECTION ( 'NONE',  ( 1.000000000000000000, -0.000000000000000000, 0.000000000000000000 ) ) ;
#6666 = DIRECTION ( 'NONE',  ( 0.000000000000000000, -0.8090169943749531134, 0.5877852522924653655 ) ) ;
#6667 = DIRECTION ( 'NONE',  ( 0.000000000000000000, 0.000000000000000000, 1.000000000000000000 ) ) ;
#6668 = VERTEX_POINT ( 'NONE', #7786 ) ;
#6669 = CARTESIAN_POINT ( 'NONE',  ( 15.00000000000000178, -37.48860685352292421, 0.8828120875899240216 ) ) ;
#6670 = DIRECTION ( 'NONE',  ( 0.000000000000000000, 0.8090169943749486725, -0.5877852522924713607 ) ) ;
#6671 = EDGE_CURVE ( 'NONE', #5275, #6753, #8632, .T. ) ;
#6672 = CARTESIAN_POINT ( 'NONE',  ( 0.000000000000000000, 30.80686688397041451, -21.53537804866047978 ) ) ;
#6673 = DIRECTION ( 'NONE',  ( -1.000000000000000000, 0.000000000000000000, -0.000000000000000000 ) ) ;
#6674 = DIRECTION ( 'NONE',  ( -1.000000000000000000, -0.000000000000000000, 0.000000000000000000 ) ) ;
#6675 = CARTESIAN_POINT ( 'NONE',  ( 15.00000000000000178, 0.000000000000000000, 0.000000000000000000 ) ) ;
#6676 = ADVANCED_FACE ( 'NONE', ( #9017 ), #4135, .T. ) ;
#6677 = AXIS2_PLACEMENT_3D ( 'NONE', #4138, #561, #4658 ) ;
#6678 = ORIENTED_EDGE ( 'NONE', *, *, #7584, .T. ) ;
#6679 = DIRECTION ( 'NONE',  ( 0.000000000000000000, 0.4539904997395479702, -0.8910065241883673437 ) ) ;
#6680 = CARTESIAN_POINT ( 'NONE',  ( 0.000000000000000000, -18.62763138773852489, 10.49404041845528823 ) ) ;
#6681 = CARTESIAN_POINT ( 'NONE',  ( 7.500000000000002665, -15.92965478239605304, -15.17386234660398792 ) ) ;
#6682 = CYLINDRICAL_SURFACE ( 'NONE', #2547, 16.00000000000000000 ) ;
#6683 = CARTESIAN_POINT ( 'NONE',  ( 15.00000000000000178, 0.000000000000000000, 0.000000000000000000 ) ) ;
#6684 = VERTEX_POINT ( 'NONE', #1331 ) ;
#6685 = ORIENTED_EDGE ( 'NONE', *, *, #4433, .F. ) ;
#6686 = CIRCLE ( 'NONE', #2732, 37.49900000000000944 ) ;
#6687 = EDGE_LOOP ( 'NONE', ( #1849, #8373, #6111, #3230 ) ) ;
#6688 = ORIENTED_EDGE ( 'NONE', *, *, #6881, .F. ) ;
#6689 = EDGE_CURVE ( 'NONE', #2661, #5334, #8913, .T. ) ;
#6690 = VERTEX_POINT ( 'NONE', #7648 ) ;
#6691 = DIRECTION ( 'NONE',  ( -1.000000000000000000, 0.000000000000000000, 0.000000000000000000 ) ) ;
#6692 = VECTOR ( 'NONE', #2922, 1000.000000000000000 ) ;
#6693 = DIRECTION ( 'NONE',  ( 0.000000000000000000, 0.000000000000000000, 1.000000000000000000 ) ) ;
#6694 = CARTESIAN_POINT ( 'NONE',  ( 7.500000000000002665, -9.188173127306994203, -40.98264845739759465 ) ) ;
#6695 = CARTESIAN_POINT ( 'NONE',  ( 0.000000000000000000, -33.79645857604525361, 16.45098606841114020 ) ) ;
#6696 = LINE ( 'NONE', #8066, #2256 ) ;
#6697 = DIRECTION ( 'NONE',  ( 0.000000000000000000, 0.000000000000000000, 1.000000000000000000 ) ) ;
#6698 = ORIENTED_EDGE ( 'NONE', *, *, #4150, .T. ) ;
#6699 = ORIENTED_EDGE ( 'NONE', *, *, #3816, .F. ) ;
#6700 = ORIENTED_EDGE ( 'NONE', *, *, #6481, .F. ) ;
#6701 = EDGE_LOOP ( 'NONE', ( #4677, #6308, #6317, #4540 ) ) ;
#6702 = CARTESIAN_POINT ( 'NONE',  ( 15.00000000000000178, -31.52238457039618780, 27.75498641678731815 ) ) ;
#6703 = CARTESIAN_POINT ( 'NONE',  ( 0.000000000000000000, 12.96676809804166552, -13.60411018104304048 ) ) ;
#6704 = EDGE_CURVE ( 'NONE', #149, #453, #6382, .T. ) ;
#6705 = DIRECTION ( 'NONE',  ( -1.000000000000000000, 0.000000000000000000, 0.000000000000000000 ) ) ;
#6706 = CARTESIAN_POINT ( 'NONE',  ( 15.00000000000000178, -6.555932627142149194, -37.01155633439065440 ) ) ;
#6707 = EDGE_LOOP ( 'NONE', ( #1488, #4671, #795, #5184 ) ) ;
#6708 = VECTOR ( 'NONE', #1927, 1000.000000000000000 ) ;
#6709 = ORIENTED_EDGE ( 'NONE', *, *, #3106, .T. ) ;
#6710 = VERTEX_POINT ( 'NONE', #2027 ) ;
#6711 = DIRECTION ( 'NONE',  ( 0.000000000000000000, 0.000000000000000000, 1.000000000000000000 ) ) ;
#6712 = ADVANCED_FACE ( 'NONE', ( #94 ), #2160, .T. ) ;
#6713 = DIRECTION ( 'NONE',  ( -1.000000000000000000, 0.000000000000000000, 0.000000000000000000 ) ) ;
#6714 = DIRECTION ( 'NONE',  ( -1.000000000000000000, -0.000000000000000000, -0.000000000000000000 ) ) ;
#6715 = EDGE_CURVE ( 'NONE', #8970, #6110, #1918, .T. ) ;
#6716 = CARTESIAN_POINT ( 'NONE',  ( 0.000000000000000000, 0.000000000000000000, 0.000000000000000000 ) ) ;
#6717 = DIRECTION ( 'NONE',  ( 0.000000000000000000, 0.9510565162951521989, 0.3090169943749515036 ) ) ;
#6718 = EDGE_CURVE ( 'NONE', #453, #5409, #2201, .T. ) ;
#6719 = VERTEX_POINT ( 'NONE', #1523 ) ;
#6720 = ADVANCED_FACE ( 'NONE', ( #2206 ), #825, .T. ) ;
#6721 = DIRECTION ( 'NONE',  ( -1.000000000000000000, 0.000000000000000000, 0.000000000000000000 ) ) ;
#6722 = EDGE_CURVE ( 'NONE', #7322, #3589, #5695, .T. ) ;
#6723 = AXIS2_PLACEMENT_3D ( 'NONE', #8378, #1519, #5058 ) ;
#6724 = CIRCLE ( 'NONE', #2769, 37.49900000000000944 ) ;
#6725 = CARTESIAN_POINT ( 'NONE',  ( 15.00000000000000178, 12.42422080174638488, 35.38097989696517232 ) ) ;
#6726 = DIRECTION ( 'NONE',  ( -1.000000000000000000, -0.000000000000000000, -0.000000000000000000 ) ) ;
#6727 = CIRCLE ( 'NONE', #4248, 42.00000000000000000 ) ;
#6728 = ORIENTED_EDGE ( 'NONE', *, *, #2164, .T. ) ;
#6729 = ORIENTED_EDGE ( 'NONE', *, *, #8878, .T. ) ;
#6730 = AXIS2_PLACEMENT_3D ( 'NONE', #4684, #8406, #8106 ) ;
#6731 = ORIENTED_EDGE ( 'NONE', *, *, #4918, .T. ) ;
#6732 = ORIENTED_EDGE ( 'NONE', *, *, #6042, .T. ) ;
#6733 = EDGE_CURVE ( 'NONE', #1337, #3034, #7756, .T. ) ;
#6734 = ORIENTED_EDGE ( 'NONE', *, *, #7566, .T. ) ;
#6735 = VECTOR ( 'NONE', #4536, 1000.000000000000000 ) ;
#6736 = CYLINDRICAL_SURFACE ( 'NONE', #4876, 37.49900000000000944 ) ;
#6737 = DIRECTION ( 'NONE',  ( -1.000000000000000000, -0.000000000000000000, -0.000000000000000000 ) ) ;
#6738 = DIRECTION ( 'NONE',  ( -1.000000000000000000, -0.000000000000000000, -0.000000000000000000 ) ) ;
#6739 = CARTESIAN_POINT ( 'NONE',  ( 0.000000000000000000, -10.41901085202107780, 40.68715046381925049 ) ) ;
#6740 = DIRECTION ( 'NONE',  ( 1.000000000000000000, -0.000000000000000000, -0.000000000000000000 ) ) ;
#6741 = FACE_OUTER_BOUND ( 'NONE', #5958, .T. ) ;
#6742 = CARTESIAN_POINT ( 'NONE',  ( 0.000000000000000000, 0.000000000000000000, 0.000000000000000000 ) ) ;
#6743 = ORIENTED_EDGE ( 'NONE', *, *, #3071, .T. ) ;
#6744 = CIRCLE ( 'NONE', #6309, 42.00000000000000000 ) ;
#6745 = VERTEX_POINT ( 'NONE', #7697 ) ;
#6746 = EDGE_LOOP ( 'NONE', ( #7921, #3157, #5321, #2276 ) ) ;
#6747 = ORIENTED_EDGE ( 'NONE', *, *, #8752, .T. ) ;
#6748 = DIRECTION ( 'NONE',  ( 0.000000000000000000, 0.7071067811865486830, -0.7071067811865462405 ) ) ;
#6749 = DIRECTION ( 'NONE',  ( -1.000000000000000000, 0.000000000000000000, 0.000000000000000000 ) ) ;
#6750 = CARTESIAN_POINT ( 'NONE',  ( 15.00000000000000178, -35.95386929396264009, 10.96151621346475125 ) ) ;
#6751 = DIRECTION ( 'NONE',  ( 0.000000000000000000, 0.000000000000000000, -1.000000000000000000 ) ) ;
#6752 = EDGE_CURVE ( 'NONE', #4178, #3847, #1431, .T. ) ;
#6753 = VERTEX_POINT ( 'NONE', #5501 ) ;
#6754 = VERTEX_POINT ( 'NONE', #4852 ) ;
#6755 = ORIENTED_EDGE ( 'NONE', *, *, #5269, .T. ) ;
#6756 = DIRECTION ( 'NONE',  ( -1.000000000000000000, -0.000000000000000000, 0.000000000000000000 ) ) ;
#6757 = CARTESIAN_POINT ( 'NONE',  ( 15.00000000000000178, 0.000000000000000000, 0.000000000000000000 ) ) ;
#6758 = CARTESIAN_POINT ( 'NONE',  ( 15.00000000000000178, 13.55483219355744318, -11.06713717293224697 ) ) ;
#6759 = EDGE_CURVE ( 'NONE', #1467, #4823, #4109, .T. ) ;
#6760 = CARTESIAN_POINT ( 'NONE',  ( 0.000000000000000000, -35.38097989696521495, 12.42422080174624810 ) ) ;
#6761 = CARTESIAN_POINT ( 'NONE',  ( 15.00000000000000178, -41.91543099594817079, -2.663952781846584905 ) ) ;
#6762 = AXIS2_PLACEMENT_3D ( 'NONE', #1451, #9033, #799 ) ;
#6763 = ORIENTED_EDGE ( 'NONE', *, *, #3676, .F. ) ;
#6764 = LINE ( 'NONE', #2730, #3432 ) ;
#6765 = DIRECTION ( 'NONE',  ( 0.000000000000000000, -0.9510565162951565288, 0.3090169943749382364 ) ) ;
#6766 = AXIS2_PLACEMENT_3D ( 'NONE', #2935, #5005, #91 ) ;
#6767 = DIRECTION ( 'NONE',  ( -1.000000000000000000, -0.000000000000000000, -0.000000000000000000 ) ) ;
#6768 = ORIENTED_EDGE ( 'NONE', *, *, #2209, .T. ) ;
#6769 = CIRCLE ( 'NONE', #7943, 16.00000000000000000 ) ;
#6770 = ORIENTED_EDGE ( 'NONE', *, *, #8744, .T. ) ;
#6771 = AXIS2_PLACEMENT_3D ( 'NONE', #8152, #1231, #416 ) ;
#6772 = ORIENTED_EDGE ( 'NONE', *, *, #6006, .F. ) ;
#6773 = CIRCLE ( 'NONE', #1356, 8.000000000000001776 ) ;
#6774 = EDGE_LOOP ( 'NONE', ( #1646, #7831, #6732, #6002 ) ) ;
#6775 = ADVANCED_FACE ( 'NONE', ( #3434 ), #6902, .T. ) ;
#6776 = DIRECTION ( 'NONE',  ( -1.000000000000000000, -0.000000000000000000, -0.000000000000000000 ) ) ;
#6777 = CARTESIAN_POINT ( 'NONE',  ( 15.00000000000000178, 37.58145647212453611, 0.6853352020791819710 ) ) ;
#6778 = DIRECTION ( 'NONE',  ( 0.000000000000000000, 0.000000000000000000, 1.000000000000000000 ) ) ;
#6779 = EDGE_CURVE ( 'NONE', #6095, #584, #2098, .T. ) ;
#6780 = EDGE_CURVE ( 'NONE', #5234, #5701, #586, .T. ) ;
#6781 = CARTESIAN_POINT ( 'NONE',  ( 0.000000000000000000, -37.22597642581153821, -5.202137450156789633 ) ) ;
#6782 = CARTESIAN_POINT ( 'NONE',  ( 15.00000000000000178, -17.67226234102849958, 33.17418723428301064 ) ) ;
#6783 = CYLINDRICAL_SURFACE ( 'NONE', #6343, 37.49900000000000944 ) ;
#6784 = CIRCLE ( 'NONE', #914, 16.00000000000000355 ) ;
#6785 = AXIS2_PLACEMENT_3D ( 'NONE', #6452, #5044, #7827 ) ;
#6786 = CARTESIAN_POINT ( 'NONE',  ( 7.500000000000002665, 16.65560815589464738, -38.55633173626992516 ) ) ;
#6787 = DIRECTION ( 'NONE',  ( 0.000000000000000000, 0.000000000000000000, 1.000000000000000000 ) ) ;
#6788 = VECTOR ( 'NONE', #7936, 1000.000000000000000 ) ;
#6789 = EDGE_CURVE ( 'NONE', #6684, #6454, #6167, .T. ) ;
#6790 = ORIENTED_EDGE ( 'NONE', *, *, #4144, .T. ) ;
#6791 = VERTEX_POINT ( 'NONE', #7631 ) ;
#6792 = VERTEX_POINT ( 'NONE', #1312 ) ;
#6793 = ORIENTED_EDGE ( 'NONE', *, *, #4643, .T. ) ;
#6794 = CIRCLE ( 'NONE', #5621, 8.000000000000001776 ) ;
#6795 = AXIS2_PLACEMENT_3D ( 'NONE', #114, #3600, #8447 ) ;
#6796 = CARTESIAN_POINT ( 'NONE',  ( 0.000000000000000000, 31.52238457039637609, -27.75498641678710499 ) ) ;
#6797 = CARTESIAN_POINT ( 'NONE',  ( 15.00000000000000178, 37.16516213103285082, -4.992566952384597023 ) ) ;
#6798 = VECTOR ( 'NONE', #647, 1000.000000000000000 ) ;
#6799 = DIRECTION ( 'NONE',  ( -1.000000000000000000, -0.000000000000000000, -0.000000000000000000 ) ) ;
#6800 = CARTESIAN_POINT ( 'NONE',  ( 15.00000000000000178, 0.000000000000000000, 0.000000000000000000 ) ) ;
#6801 = EDGE_CURVE ( 'NONE', #7670, #8641, #4995, .T. ) ;
#6802 = CIRCLE ( 'NONE', #1235, 16.00000000000000000 ) ;
#6803 = ORIENTED_EDGE ( 'NONE', *, *, #5789, .F. ) ;
#6804 = ORIENTED_EDGE ( 'NONE', *, *, #1094, .F. ) ;
#6805 = EDGE_CURVE ( 'NONE', #135, #111, #8485, .T. ) ;
#6806 = ORIENTED_EDGE ( 'NONE', *, *, #3539, .T. ) ;
#6807 = DIRECTION ( 'NONE',  ( -1.000000000000000000, 0.000000000000000000, 0.000000000000000000 ) ) ;
#6808 = DIRECTION ( 'NONE',  ( -1.000000000000000000, -0.000000000000000000, 0.000000000000000000 ) ) ;
#6809 = DIRECTION ( 'NONE',  ( -1.000000000000000000, 0.000000000000000000, -0.000000000000000000 ) ) ;
#6810 = CARTESIAN_POINT ( 'NONE',  ( 0.000000000000000000, 0.000000000000000000, 0.000000000000000000 ) ) ;
#6811 = EDGE_CURVE ( 'NONE', #7459, #1921, #8921, .T. ) ;
#6812 = CARTESIAN_POINT ( 'NONE',  ( 15.00000000000000178, 33.00180498840047960, 17.80606268964550765 ) ) ;
#6813 = AXIS2_PLACEMENT_3D ( 'NONE', #1638, #4531, #5129 ) ;
#6814 = ORIENTED_EDGE ( 'NONE', *, *, #3546, .F. ) ;
#6815 = AXIS2_PLACEMENT_3D ( 'NONE', #2119, #7023, #6976 ) ;
#6816 = DIRECTION ( 'NONE',  ( -1.000000000000000000, 0.000000000000000000, 0.000000000000000000 ) ) ;
#6817 = CARTESIAN_POINT ( 'NONE',  ( 15.00000000000000178, -2.912696353505660696, -21.80633394113450052 ) ) ;
#6818 = CARTESIAN_POINT ( 'NONE',  ( 15.00000000000000178, 35.53030884539084866, 12.26510123303272515 ) ) ;
#6819 = VECTOR ( 'NONE', #6350, 1000.000000000000000 ) ;
#6820 = EDGE_LOOP ( 'NONE', ( #379, #8753, #6065, #4968 ) ) ;
#6821 = ORIENTED_EDGE ( 'NONE', *, *, #2288, .T. ) ;
#6822 = EDGE_LOOP ( 'NONE', ( #7411, #47, #4732, #1754 ) ) ;
#6823 = VECTOR ( 'NONE', #1196, 1000.000000000000000 ) ;
#6824 = DIRECTION ( 'NONE',  ( 0.000000000000000000, 0.000000000000000000, 1.000000000000000000 ) ) ;
#6825 = DIRECTION ( 'NONE',  ( -1.000000000000000000, 0.000000000000000000, -0.000000000000000000 ) ) ;
#6826 = CARTESIAN_POINT ( 'NONE',  ( 15.00000000000000178, -38.55633173627022359, 16.65560815589397237 ) ) ;
#6827 = FACE_OUTER_BOUND ( 'NONE', #2335, .T. ) ;
#6828 = FACE_OUTER_BOUND ( 'NONE', #5565, .T. ) ;
#6829 = CARTESIAN_POINT ( 'NONE',  ( 15.00000000000000178, -12.96676809804157848, 13.60411018104312753 ) ) ;
#6830 = EDGE_CURVE ( 'NONE', #5368, #565, #4725, .T. ) ;
#6831 = CYLINDRICAL_SURFACE ( 'NONE', #2094, 16.00000000000000000 ) ;
#6832 =( NAMED_UNIT ( * ) PLANE_ANGLE_UNIT ( ) SI_UNIT ( $, .RADIAN. ) );
#6833 = ORIENTED_EDGE ( 'NONE', *, *, #8785, .T. ) ;
#6834 = AXIS2_PLACEMENT_3D ( 'NONE', #4188, #6929, #696 ) ;
#6835 = ORIENTED_EDGE ( 'NONE', *, *, #5264, .F. ) ;
#6836 = ORIENTED_EDGE ( 'NONE', *, *, #1913, .T. ) ;
#6837 = ADVANCED_FACE ( 'NONE', ( #9038 ), #1230, .T. ) ;
#6838 = ORIENTED_EDGE ( 'NONE', *, *, #2864, .T. ) ;
#6839 = CARTESIAN_POINT ( 'NONE',  ( 15.00000000000000178, 0.000000000000000000, 0.000000000000000000 ) ) ;
#6840 = DIRECTION ( 'NONE',  ( 0.000000000000000000, 0.8090169943749445647, 0.5877852522924771339 ) ) ;
#6841 = VECTOR ( 'NONE', #8897, 1000.000000000000000 ) ;
#6842 = FACE_OUTER_BOUND ( 'NONE', #2105, .T. ) ;
#6843 = CARTESIAN_POINT ( 'NONE',  ( 15.00000000000000178, 33.80338159004283938, 16.23288003029509952 ) ) ;
#6844 = ORIENTED_EDGE ( 'NONE', *, *, #5545, .F. ) ;
#6845 = ORIENTED_EDGE ( 'NONE', *, *, #888, .T. ) ;
#6846 = ORIENTED_EDGE ( 'NONE', *, *, #8722, .F. ) ;
#6847 = DIRECTION ( 'NONE',  ( 0.000000000000000000, -0.9510565162951500895, -0.3090169943749583314 ) ) ;
#6848 = CARTESIAN_POINT ( 'NONE',  ( 15.00000000000000178, 9.471478019455139119, 14.71414642875957846 ) ) ;
#6849 = CARTESIAN_POINT ( 'NONE',  ( 0.000000000000000000, -17.80606268964515948, -33.00180498840067145 ) ) ;
#6850 = DIRECTION ( 'NONE',  ( -1.000000000000000000, -0.000000000000000000, -0.000000000000000000 ) ) ;
#6851 = LINE ( 'NONE', #2728, #4049 ) ;
#6852 = VECTOR ( 'NONE', #3682, 1000.000000000000000 ) ;
#6853 = VERTEX_POINT ( 'NONE', #4905 ) ;
#6854 = DIRECTION ( 'NONE',  ( 0.000000000000000000, -0.9510565162951500895, -0.3090169943749581649 ) ) ;
#6855 = DIRECTION ( 'NONE',  ( -1.000000000000000000, -0.000000000000000000, -0.000000000000000000 ) ) ;
#6856 = VECTOR ( 'NONE', #6212, 1000.000000000000000 ) ;
#6857 = DIRECTION ( 'NONE',  ( -1.000000000000000000, -0.000000000000000000, 0.000000000000000000 ) ) ;
#6858 = ORIENTED_EDGE ( 'NONE', *, *, #4565, .T. ) ;
#6859 = ORIENTED_EDGE ( 'NONE', *, *, #6704, .F. ) ;
#6860 = CARTESIAN_POINT ( 'NONE',  ( 0.000000000000000000, 31.52238457039599595, 27.75498641678754197 ) ) ;
#6861 = CARTESIAN_POINT ( 'NONE',  ( 15.00000000000000178, -12.26510123303285127, 35.53030884539080603 ) ) ;
#6862 = CIRCLE ( 'NONE', #3362, 42.00000000000000000 ) ;
#6863 = EDGE_CURVE ( 'NONE', #2964, #14, #6596, .T. ) ;
#6864 = DIRECTION ( 'NONE',  ( -1.000000000000000000, 0.000000000000000000, 0.000000000000000000 ) ) ;
#6865 = DIRECTION ( 'NONE',  ( -1.000000000000000000, 0.000000000000000000, 0.000000000000000000 ) ) ;
#6866 = AXIS2_PLACEMENT_3D ( 'NONE', #2968, #5130, #7046 ) ;
#6867 = DIRECTION ( 'NONE',  ( -1.000000000000000000, 0.000000000000000000, 0.000000000000000000 ) ) ;
#6868 = DIRECTION ( 'NONE',  ( -1.000000000000000000, 0.000000000000000000, 0.000000000000000000 ) ) ;
#6869 = CARTESIAN_POINT ( 'NONE',  ( 15.00000000000000178, -33.00180498840035881, -17.80606268964574923 ) ) ;
#6870 = ORIENTED_EDGE ( 'NONE', *, *, #1047, .T. ) ;
#6871 = AXIS2_PLACEMENT_3D ( 'NONE', #2271, #7908, #6401 ) ;
#6872 = ORIENTED_EDGE ( 'NONE', *, *, #3962, .F. ) ;
#6873 = ORIENTED_EDGE ( 'NONE', *, *, #6801, .T. ) ;
#6874 = ORIENTED_EDGE ( 'NONE', *, *, #1209, .T. ) ;
#6875 = ORIENTED_EDGE ( 'NONE', *, *, #8445, .F. ) ;
#6876 = EDGE_CURVE ( 'NONE', #6663, #328, #2479, .T. ) ;
#6877 = EDGE_CURVE ( 'NONE', #8117, #7753, #6143, .T. ) ;
#6878 = DIRECTION ( 'NONE',  ( -1.000000000000000000, -0.000000000000000000, -0.000000000000000000 ) ) ;
#6879 = DIRECTION ( 'NONE',  ( -1.000000000000000000, -0.000000000000000000, 0.000000000000000000 ) ) ;
#6880 = CYLINDRICAL_SURFACE ( 'NONE', #5343, 16.00000000000000000 ) ;
#6881 = EDGE_CURVE ( 'NONE', #1434, #2023, #6147, .T. ) ;
#6882 = CARTESIAN_POINT ( 'NONE',  ( 15.00000000000000178, 0.000000000000000000, 0.000000000000000000 ) ) ;
#6883 = AXIS2_PLACEMENT_3D ( 'NONE', #3496, #6295, #4330 ) ;
#6884 = ADVANCED_FACE ( 'NONE', ( #2782 ), #1414, .T. ) ;
#6885 = ORIENTED_EDGE ( 'NONE', *, *, #4202, .T. ) ;
#6886 = ORIENTED_EDGE ( 'NONE', *, *, #5105, .F. ) ;
#6887 = ORIENTED_EDGE ( 'NONE', *, *, #3676, .T. ) ;
#6888 = DIRECTION ( 'NONE',  ( 0.000000000000000000, -0.9876883405951393247, 0.1564344650402205439 ) ) ;
#6889 = CARTESIAN_POINT ( 'NONE',  ( 15.00000000000000178, 35.53030884539084866, 12.26510123303272515 ) ) ;
#6890 = DIRECTION ( 'NONE',  ( -1.000000000000000000, 0.000000000000000000, 0.000000000000000000 ) ) ;
#6891 = EDGE_CURVE ( 'NONE', #8146, #1891, #3650, .T. ) ;
#6892 = DIRECTION ( 'NONE',  ( -1.000000000000000000, -0.000000000000000000, 0.000000000000000000 ) ) ;
#6893 = EDGE_CURVE ( 'NONE', #5186, #4553, #8912, .T. ) ;
#6894 = ORIENTED_EDGE ( 'NONE', *, *, #4698, .T. ) ;
#6895 = CARTESIAN_POINT ( 'NONE',  ( 0.000000000000000000, 0.000000000000000000, 0.000000000000000000 ) ) ;
#6896 = CARTESIAN_POINT ( 'NONE',  ( 15.00000000000000178, -27.13269053701078448, -25.88420570971430124 ) ) ;
#6897 = CARTESIAN_POINT ( 'NONE',  ( 7.500000000000002665, 10.46102064772367868, -19.35373470438970500 ) ) ;
#6898 = VECTOR ( 'NONE', #260, 1000.000000000000000 ) ;
#6899 = ORIENTED_EDGE ( 'NONE', *, *, #5771, .T. ) ;
#6900 = VERTEX_POINT ( 'NONE', #6183 ) ;
#6901 = FACE_OUTER_BOUND ( 'NONE', #3207, .T. ) ;
#6902 = CYLINDRICAL_SURFACE ( 'NONE', #8479, 16.00000000000000000 ) ;
#6903 = ADVANCED_FACE ( 'NONE', ( #7870 ), #7823, .T. ) ;
#6904 = CARTESIAN_POINT ( 'NONE',  ( 0.000000000000000000, 0.000000000000000000, 0.000000000000000000 ) ) ;
#6905 = DIRECTION ( 'NONE',  ( 0.000000000000000000, 0.000000000000000000, 1.000000000000000000 ) ) ;
#6906 = CARTESIAN_POINT ( 'NONE',  ( 15.00000000000000178, 8.931325931664597206, 16.53603053422209612 ) ) ;
#6907 = FACE_OUTER_BOUND ( 'NONE', #1549, .T. ) ;
#6908 = LINE ( 'NONE', #3441, #1218 ) ;
#6909 = ADVANCED_FACE ( 'NONE', ( #4308 ), #79, .T. ) ;
#6910 = DIRECTION ( 'NONE',  ( 0.000000000000000000, 0.000000000000000000, 1.000000000000000000 ) ) ;
#6911 = VERTEX_POINT ( 'NONE', #4440 ) ;
#6912 = AXIS2_PLACEMENT_3D ( 'NONE', #7605, #7694, #7059 ) ;
#6913 = CIRCLE ( 'NONE', #2238, 42.00000000000000000 ) ;
#6914 = ADVANCED_FACE ( 'NONE', ( #2144 ), #1591, .T. ) ;
#6915 = VERTEX_POINT ( 'NONE', #4947 ) ;
#6916 = VERTEX_POINT ( 'NONE', #2230 ) ;
#6917 = ORIENTED_EDGE ( 'NONE', *, *, #5309, .T. ) ;
#6919 = EDGE_LOOP ( 'NONE', ( #8474, #207, #9008, #8410 ) ) ;
#6918 = VECTOR ( 'NONE', #2614, 1000.000000000000000 ) ;
#6920 = EDGE_CURVE ( 'NONE', #1795, #1832, #7302, .T. ) ;
#6921 = EDGE_CURVE ( 'NONE', #7834, #7722, #3519, .T. ) ;
#6922 = CIRCLE ( 'NONE', #620, 17.49899999999999878 ) ;
#6923 = CARTESIAN_POINT ( 'NONE',  ( 15.00000000000000178, -33.79645857604501913, -16.45098606841160915 ) ) ;
#6924 = LINE ( 'NONE', #1330, #2139 ) ;
#6925 = AXIS2_PLACEMENT_3D ( 'NONE', #6462, #5146, #240 ) ;
#6926 = CIRCLE ( 'NONE', #5616, 42.00000000000000000 ) ;
#6927 = DIRECTION ( 'NONE',  ( 0.000000000000000000, 0.000000000000000000, 1.000000000000000000 ) ) ;
#6928 = CYLINDRICAL_SURFACE ( 'NONE', #8253, 17.49900000000000233 ) ;
#6929 = DIRECTION ( 'NONE',  ( -1.000000000000000000, 0.000000000000000000, -0.000000000000000000 ) ) ;
#6930 = CIRCLE ( 'NONE', #7359, 21.99999999999999289 ) ;
#6931 = VECTOR ( 'NONE', #5440, 1000.000000000000000 ) ;
#6932 = ORIENTED_EDGE ( 'NONE', *, *, #6443, .F. ) ;
#6933 = VECTOR ( 'NONE', #1238, 1000.000000000000000 ) ;
#6934 = CIRCLE ( 'NONE', #2990, 16.00000000000000000 ) ;
#6935 = ORIENTED_EDGE ( 'NONE', *, *, #4989, .F. ) ;
#6936 = LINE ( 'NONE', #8981, #2549 ) ;
#6937 = DIRECTION ( 'NONE',  ( 0.000000000000000000, 0.000000000000000000, 1.000000000000000000 ) ) ;
#6938 = DIRECTION ( 'NONE',  ( 0.000000000000000000, 0.000000000000000000, -1.000000000000000000 ) ) ;
#6939 = AXIS2_PLACEMENT_3D ( 'NONE', #51, #2116, #5007 ) ;
#6940 = DIRECTION ( 'NONE',  ( 0.000000000000000000, 0.000000000000000000, 1.000000000000000000 ) ) ;
#6941 = CARTESIAN_POINT ( 'NONE',  ( 0.000000000000000000, 0.000000000000000000, 0.000000000000000000 ) ) ;
#6942 = CIRCLE ( 'NONE', #3000, 16.00000000000000000 ) ;
#6943 = VECTOR ( 'NONE', #534, 1000.000000000000000 ) ;
#6944 = ORIENTED_EDGE ( 'NONE', *, *, #4520, .T. ) ;
#6945 = EDGE_LOOP ( 'NONE', ( #191, #2770, #8374, #5333 ) ) ;
#6946 = ADVANCED_FACE ( 'NONE', ( #5814 ), #1502, .T. ) ;
#6947 = AXIS2_PLACEMENT_3D ( 'NONE', #3738, #2493, #1810 ) ;
#6948 = DIRECTION ( 'NONE',  ( -1.000000000000000000, -0.000000000000000000, 0.000000000000000000 ) ) ;
#6949 = FACE_OUTER_BOUND ( 'NONE', #2751, .T. ) ;
#6950 = CARTESIAN_POINT ( 'NONE',  ( 0.000000000000000000, 0.000000000000000000, 17.49900000000000233 ) ) ;
#6951 = FACE_OUTER_BOUND ( 'NONE', #7514, .T. ) ;
#6952 = EDGE_CURVE ( 'NONE', #7902, #4553, #4097, .T. ) ;
#6953 = VERTEX_POINT ( 'NONE', #2923 ) ;
#6954 = ORIENTED_EDGE ( 'NONE', *, *, #7940, .T. ) ;
#6955 = ORIENTED_EDGE ( 'NONE', *, *, #1333, .T. ) ;
#6956 = CARTESIAN_POINT ( 'NONE',  ( -10.00000000000000000, 0.000000000000000000, 0.000000000000000000 ) ) ;
#6957 = CARTESIAN_POINT ( 'NONE',  ( 15.00000000000000178, -40.98264845739743834, -9.188173127307731392 ) ) ;
#6958 = CARTESIAN_POINT ( 'NONE',  ( 0.000000000000000000, 0.8828120875900549169, 37.48860685352291711 ) ) ;
#6959 = AXIS2_PLACEMENT_3D ( 'NONE', #5220, #401, #2412 ) ;
#6960 = DIRECTION ( 'NONE',  ( -1.000000000000000000, 0.000000000000000000, 0.000000000000000000 ) ) ;
#6961 = SHAPE_REPRESENTATION ( 'spur gear_iso_ISO - Spur gear 2M 40T 20PA 15FW ---S40A75H50L20.0N', ( #348 ), #6636 ) ;
#6962 = DIRECTION ( 'NONE',  ( 1.000000000000000000, 0.000000000000000000, 0.000000000000000000 ) ) ;
#6963 = LINE ( 'NONE', #4222, #8907 ) ;
#6964 = ORIENTED_EDGE ( 'NONE', *, *, #7338, .T. ) ;
#6965 = VERTEX_POINT ( 'NONE', #126 ) ;
#6966 =( REPRESENTATION_RELATIONSHIP ('NONE','NONE', #698, #110 ) REPRESENTATION_RELATIONSHIP_WITH_TRANSFORMATION ( #6346 )SHAPE_REPRESENTATION_RELATIONSHIP( ) );
#6967 = ORIENTED_EDGE ( 'NONE', *, *, #5391, .F. ) ;
#6968 = ORIENTED_EDGE ( 'NONE', *, *, #6647, .T. ) ;
#6969 = CIRCLE ( 'NONE', #5512, 16.00000000000000355 ) ;
#6970 = ORIENTED_EDGE ( 'NONE', *, *, #303, .T. ) ;
#6971 = CARTESIAN_POINT ( 'NONE',  ( 0.000000000000000000, -6.555932627142149194, -37.01155633439065440 ) ) ;
#6972 = CYLINDRICAL_SURFACE ( 'NONE', #7891, 16.00000000000000000 ) ;
#6973 = CARTESIAN_POINT ( 'NONE',  ( 0.000000000000000000, -29.81001611430992781, -22.74946021919165062 ) ) ;
#6974 = CARTESIAN_POINT ( 'NONE',  ( 0.000000000000000000, 0.000000000000000000, 0.000000000000000000 ) ) ;
#6975 = LINE ( 'NONE', #695, #6497 ) ;
#6976 = DIRECTION ( 'NONE',  ( 0.000000000000000000, 0.000000000000000000, 1.000000000000000000 ) ) ;
#6977 = CIRCLE ( 'NONE', #2290, 16.00000000000000000 ) ;
#6978 = ORIENTED_EDGE ( 'NONE', *, *, #1128, .T. ) ;
#6979 = AXIS2_PLACEMENT_3D ( 'NONE', #8898, #6890, #2639 ) ;
#6980 = ORIENTED_EDGE ( 'NONE', *, *, #657, .T. ) ;
#6981 = DIRECTION ( 'NONE',  ( -1.000000000000000000, 0.000000000000000000, 0.000000000000000000 ) ) ;
#6982 = EDGE_CURVE ( 'NONE', #5734, #5336, #5040, .T. ) ;
#6983 = PRODUCT_CONTEXT ( 'NONE', #414, 'mechanical' ) ;
#6984 = CARTESIAN_POINT ( 'NONE',  ( 0.000000000000000000, -2.494040418455210961, -18.62763138773853200 ) ) ;
#6985 = CLOSED_SHELL ( 'NONE', ( #5532, #5001, #1057, #7748, #1122, #8766, #3626, #6712, #6837, #2677, #189, #8096, #3378, #8087, #7564, #6519, #8105, #6211, #1052, #1182, #7273, #1525, #3236, #5464, #8208, #2353, #1734, #8130, #2856, #6096, #7386, #17, #7312, #1069, #566, #752, #4495, #984, #4596, #98, #6282, #8926, #7542, #2962, #9010, #3587, #7350, #5135, #6475, #6033, #2052, #7775, #3649, #4714, #3771, #7533, #5581, #3092, #7000, #838, #7461, #7994, #8672, #667, #1773, #5162, #2797, #603, #4054, #4665, #5765, #2092, #6170, #1327, #4114, #3628, #1622, #5497, #221, #7427, #337, #3194, #4586, #3673, #3723, #3427, #7265, #2291, #1064, #8490, #22, #3316, #6262, #2883, #8997, #3489, #1909, #6368, #8220, #1347, #6903, #5983, #6323, #1932, #7897, #5193, #5283, #6315, #10, #2786, #5018, #2002, #689, #1276, #4211, #4182, #4748, #6287, #8806, #1302, #6884, #289, #8602, #3017, #7833, #1771, #2605, #2665, #5561, #2511, #6228, #7871, #3616, #4822, #3913, #7577, #771, #4511, #6909, #1635, #4337, #6775, #5274, #8695, #2226, #4874, #4990, #4517, #5109, #2274, #6330, #883, #5653, #1617, #3458, #8624, #5721, #5546, #2866, #7040, #1655, #4312, #8359, #1774, #811, #1516, #4382, #8335, #1539 ) ) ;
#6986 = CARTESIAN_POINT ( 'NONE',  ( 15.00000000000000178, 13.60411018104317726, 12.96676809804153052 ) ) ;
#6987 = VECTOR ( 'NONE', #2196, 1000.000000000000000 ) ;
#6988 = DIRECTION ( 'NONE',  ( 1.000000000000000000, 0.000000000000000000, 0.000000000000000000 ) ) ;
#6989 = CIRCLE ( 'NONE', #258, 21.99999999999999645 ) ;
#6990 = DIRECTION ( 'NONE',  ( -1.000000000000000000, 0.000000000000000000, 0.000000000000000000 ) ) ;
#6991 = EDGE_LOOP ( 'NONE', ( #1411, #7586, #3803, #5012 ) ) ;
#6993 = EDGE_CURVE ( 'NONE', #6900, #2707, #861, .T. ) ;
#6992 = ORIENTED_EDGE ( 'NONE', *, *, #4629, .F. ) ;
#6994 = DIRECTION ( 'NONE',  ( 0.000000000000000000, 0.4539904997395414754, 0.8910065241883706744 ) ) ;
#6995 = DIRECTION ( 'NONE',  ( -1.000000000000000000, 0.000000000000000000, -0.000000000000000000 ) ) ;
#6996 = EDGE_CURVE ( 'NONE', #4126, #149, #1602, .T. ) ;
#6997 = DIRECTION ( 'NONE',  ( 0.000000000000000000, -0.3090169943749547787, 0.9510565162951513107 ) ) ;
#6998 = DIRECTION ( 'NONE',  ( 0.000000000000000000, -0.4539904997395540764, 0.8910065241883642351 ) ) ;
#6999 = EDGE_CURVE ( 'NONE', #1290, #3760, #8465, .T. ) ;
#7000 = ADVANCED_FACE ( 'NONE', ( #894 ), #3700, .T. ) ;
#7001 = ORIENTED_EDGE ( 'NONE', *, *, #7553, .F. ) ;
#7002 = ORIENTED_EDGE ( 'NONE', *, *, #8281, .T. ) ;
#7003 = VECTOR ( 'NONE', #2764, 1000.000000000000000 ) ;
#7004 = CARTESIAN_POINT ( 'NONE',  ( 15.00000000000000178, 0.9861715913090103314, -17.47118961583598562 ) ) ;
#7005 = CARTESIAN_POINT ( 'NONE',  ( 15.00000000000000178, 37.01155633439059045, 6.555932627142555091 ) ) ;
#7006 = VECTOR ( 'NONE', #3880, 1000.000000000000000 ) ;
#7007 = CYLINDRICAL_SURFACE ( 'NONE', #7355, 37.49900000000000944 ) ;
#7008 = DIRECTION ( 'NONE',  ( -1.000000000000000000, 0.000000000000000000, 0.000000000000000000 ) ) ;
#7009 = CARTESIAN_POINT ( 'NONE',  ( 7.500000000000002665, -35.47612816024538773, 22.48208911017488632 ) ) ;
#7010 = FACE_OUTER_BOUND ( 'NONE', #1784, .T. ) ;
#7011 = ORIENTED_EDGE ( 'NONE', *, *, #2585, .T. ) ;
#7012 = DIRECTION ( 'NONE',  ( -1.000000000000000000, 0.000000000000000000, 0.000000000000000000 ) ) ;
#7013 = EDGE_LOOP ( 'NONE', ( #872, #5733, #5522, #5003 ) ) ;
#7014 = EDGE_CURVE ( 'NONE', #8484, #8014, #5858, .T. ) ;
#7015 = ORIENTED_EDGE ( 'NONE', *, *, #2356, .F. ) ;
#7016 = ORIENTED_EDGE ( 'NONE', *, *, #9045, .T. ) ;
#7017 = ORIENTED_EDGE ( 'NONE', *, *, #3, .T. ) ;
#7018 = DIRECTION ( 'NONE',  ( -1.000000000000000000, 0.000000000000000000, 0.000000000000000000 ) ) ;
#7019 = DIRECTION ( 'NONE',  ( -1.000000000000000000, 0.000000000000000000, 0.000000000000000000 ) ) ;
#7020 = DIRECTION ( 'NONE',  ( -1.000000000000000000, 0.000000000000000000, 0.000000000000000000 ) ) ;
#7021 = CARTESIAN_POINT ( 'NONE',  ( 0.000000000000000000, 29.81001611431042519, -22.74946021919100048 ) ) ;
#7022 = CYLINDRICAL_SURFACE ( 'NONE', #927, 21.99999999999999289 ) ;
#7023 = DIRECTION ( 'NONE',  ( -1.000000000000000000, -0.000000000000000000, -0.000000000000000000 ) ) ;
#7024 = VECTOR ( 'NONE', #35, 1000.000000000000000 ) ;
#7025 = ORIENTED_EDGE ( 'NONE', *, *, #3643, .F. ) ;
#7026 = VERTEX_POINT ( 'NONE', #5681 ) ;
#7027 = VERTEX_POINT ( 'NONE', #6367 ) ;
#7028 = CIRCLE ( 'NONE', #2197, 8.000000000000000000 ) ;
#7029 = DIRECTION ( 'NONE',  ( 0.000000000000000000, 0.3090169943749412340, 0.9510565162951556406 ) ) ;
#7030 = AXIS2_PLACEMENT_3D ( 'NONE', #3486, #3572, #2062 ) ;
#7031 = DIRECTION ( 'NONE',  ( 0.000000000000000000, 0.8910065241883657894, 0.4539904997395510233 ) ) ;
#7032 = CARTESIAN_POINT ( 'NONE',  ( 15.00000000000000178, 17.47118961583599628, 0.9861715913088272556 ) ) ;
#7033 = LINE ( 'NONE', #4340, #7402 ) ;
#7034 = ORIENTED_EDGE ( 'NONE', *, *, #1004, .T. ) ;
#7035 = EDGE_CURVE ( 'NONE', #1920, #602, #8499, .T. ) ;
#7036 = AXIS2_PLACEMENT_3D ( 'NONE', #7108, #2802, #4963 ) ;
#7037 = ORIENTED_EDGE ( 'NONE', *, *, #5288, .T. ) ;
#7038 = DIRECTION ( 'NONE',  ( -1.000000000000000000, 0.000000000000000000, -0.000000000000000000 ) ) ;
#7039 = CARTESIAN_POINT ( 'NONE',  ( 15.00000000000000178, -12.96676809804138131, -13.60411018104331404 ) ) ;
#7040 = ADVANCED_FACE ( 'NONE', ( #8455 ), #2188, .T. ) ;
#7041 = DIRECTION ( 'NONE',  ( 0.000000000000000000, 0.000000000000000000, -1.000000000000000000 ) ) ;
#7042 = LINE ( 'NONE', #2776, #3216 ) ;
#7043 = ORIENTED_EDGE ( 'NONE', *, *, #7826, .F. ) ;
#7044 = VERTEX_POINT ( 'NONE', #5313 ) ;
#7045 = CARTESIAN_POINT ( 'NONE',  ( 15.00000000000000178, -13.60411018104308667, -12.96676809804161756 ) ) ;
#7046 = DIRECTION ( 'NONE',  ( 0.000000000000000000, 0.000000000000000000, 1.000000000000000000 ) ) ;
#7047 = DIRECTION ( 'NONE',  ( 0.000000000000000000, 0.000000000000000000, 1.000000000000000000 ) ) ;
#7048 = DIRECTION ( 'NONE',  ( 0.000000000000000000, 0.000000000000000000, 1.000000000000000000 ) ) ;
#7049 = DIRECTION ( 'NONE',  ( 0.000000000000000000, 0.000000000000000000, -1.000000000000000000 ) ) ;
#7050 = DIRECTION ( 'NONE',  ( -1.000000000000000000, -0.000000000000000000, -0.000000000000000000 ) ) ;
#7051 = ORIENTED_EDGE ( 'NONE', *, *, #4539, .F. ) ;
#7052 = EDGE_CURVE ( 'NONE', #1162, #4601, #5272, .T. ) ;
#7053 = ORIENTED_EDGE ( 'NONE', *, *, #8055, .T. ) ;
#7054 = ORIENTED_EDGE ( 'NONE', *, *, #6502, .T. ) ;
#7055 = ORIENTED_EDGE ( 'NONE', *, *, #4036, .F. ) ;
#7056 = ORIENTED_EDGE ( 'NONE', *, *, #2409, .F. ) ;
#7057 = EDGE_CURVE ( 'NONE', #2464, #7200, #6727, .T. ) ;
#7058 = EDGE_CURVE ( 'NONE', #3923, #1785, #3797, .T. ) ;
#7059 = DIRECTION ( 'NONE',  ( 0.000000000000000000, 0.5877852522924686962, 0.8090169943749506709 ) ) ;
#7060 = CYLINDRICAL_SURFACE ( 'NONE', #5123, 16.00000000000000000 ) ;
#7061 = DIRECTION ( 'NONE',  ( -1.000000000000000000, 0.000000000000000000, -0.000000000000000000 ) ) ;
#7062 = DIRECTION ( 'NONE',  ( -1.000000000000000000, 0.000000000000000000, 0.000000000000000000 ) ) ;
#7063 = VECTOR ( 'NONE', #3619, 1000.000000000000000 ) ;
#7064 = DIRECTION ( 'NONE',  ( -1.000000000000000000, 0.000000000000000000, 0.000000000000000000 ) ) ;
#7065 = EDGE_CURVE ( 'NONE', #57, #5838, #7453, .T. ) ;
#7066 = DIRECTION ( 'NONE',  ( 0.000000000000000000, 0.000000000000000000, 1.000000000000000000 ) ) ;
#7067 = VECTOR ( 'NONE', #2428, 1000.000000000000000 ) ;
#7068 = ORIENTED_EDGE ( 'NONE', *, *, #6006, .T. ) ;
#7069 = VECTOR ( 'NONE', #4566, 1000.000000000000000 ) ;
#7070 = ORIENTED_EDGE ( 'NONE', *, *, #997, .T. ) ;
#7071 = AXIS2_PLACEMENT_3D ( 'NONE', #1975, #5419, #3175 ) ;
#7072 = DIRECTION ( 'NONE',  ( -1.000000000000000000, 0.000000000000000000, 0.000000000000000000 ) ) ;
#7073 = CARTESIAN_POINT ( 'NONE',  ( 15.00000000000000178, 37.58145647212453611, 16.68533520207918386 ) ) ;
#7074 = AXIS2_PLACEMENT_3D ( 'NONE', #993, #3799, #7315 ) ;
#7075 = DIRECTION ( 'NONE',  ( -1.000000000000000000, -0.000000000000000000, 0.000000000000000000 ) ) ;
#7076 = CARTESIAN_POINT ( 'NONE',  ( 7.500000000000002665, 2.912696353505813462, 21.80633394113447920 ) ) ;
#7077 = CIRCLE ( 'NONE', #1076, 42.00000000000000000 ) ;
#7078 = VERTEX_POINT ( 'NONE', #6680 ) ;
#7079 = EDGE_CURVE ( 'NONE', #2023, #3380, #3842, .T. ) ;
#7080 = ORIENTED_EDGE ( 'NONE', *, *, #1175, .F. ) ;
#7081 = DIRECTION ( 'NONE',  ( 0.000000000000000000, -0.3090169943749349057, -0.9510565162951576390 ) ) ;
#7082 = CARTESIAN_POINT ( 'NONE',  ( 0.000000000000000000, -12.96676809804157848, 13.60411018104312753 ) ) ;
#7083 = AXIS2_PLACEMENT_3D ( 'NONE', #140, #2159, #8563 ) ;
#7084 = EDGE_CURVE ( 'NONE', #3113, #3314, #5710, .T. ) ;
#7085 = STYLED_ITEM ( 'NONE', ( #4626 ), #151 ) ;
#7086 = CIRCLE ( 'NONE', #2104, 15.99999999999999822 ) ;
#7087 = FACE_OUTER_BOUND ( 'NONE', #621, .T. ) ;
#7088 = DIRECTION ( 'NONE',  ( -1.000000000000000000, 0.000000000000000000, 0.000000000000000000 ) ) ;
#7089 = VECTOR ( 'NONE', #6423, 1000.000000000000000 ) ;
#7090 = DIRECTION ( 'NONE',  ( -1.000000000000000000, 0.000000000000000000, -0.000000000000000000 ) ) ;
#7091 = VECTOR ( 'NONE', #6082, 1000.000000000000000 ) ;
#7092 = VERTEX_POINT ( 'NONE', #6036 ) ;
#7093 = EDGE_LOOP ( 'NONE', ( #1081, #8191, #5490, #6193 ) ) ;
#7094 = CARTESIAN_POINT ( 'NONE',  ( 15.00000000000000178, 33.80338159004283938, 16.23288003029509952 ) ) ;
#7095 = DIRECTION ( 'NONE',  ( -1.000000000000000000, 0.000000000000000000, -0.000000000000000000 ) ) ;
#7096 = DIRECTION ( 'NONE',  ( 0.000000000000000000, -0.1564344650402381687, 0.9876883405951364381 ) ) ;
#7097 = LINE ( 'NONE', #4362, #2826 ) ;
#7098 = DIRECTION ( 'NONE',  ( 0.000000000000000000, 0.000000000000000000, 1.000000000000000000 ) ) ;
#7099 = EDGE_LOOP ( 'NONE', ( #3448, #6300, #596, #2816 ) ) ;
#7100 = ORIENTED_EDGE ( 'NONE', *, *, #562, .T. ) ;
#7101 = EDGE_LOOP ( 'NONE', ( #7600, #903, #2855, #5395 ) ) ;
#7102 = EDGE_LOOP ( 'NONE', ( #6955, #4766, #272, #7473 ) ) ;
#7103 = ORIENTED_EDGE ( 'NONE', *, *, #2766, .T. ) ;
#7104 = CYLINDRICAL_SURFACE ( 'NONE', #916, 37.49900000000000944 ) ;
#7105 = DIRECTION ( 'NONE',  ( -1.000000000000000000, 0.000000000000000000, -0.000000000000000000 ) ) ;
#7106 = EDGE_CURVE ( 'NONE', #6684, #1834, #8322, .T. ) ;
#7107 = CARTESIAN_POINT ( 'NONE',  ( 15.00000000000000178, 18.62763138773850713, 2.494040418455416575 ) ) ;
#7108 = CARTESIAN_POINT ( 'NONE',  ( 15.00000000000000178, 37.22597642581149557, 5.202137450157030329 ) ) ;
#7109 = FACE_OUTER_BOUND ( 'NONE', #726, .T. ) ;
#7110 = DIRECTION ( 'NONE',  ( -1.000000000000000000, -0.000000000000000000, -0.000000000000000000 ) ) ;
#7111 = EDGE_CURVE ( 'NONE', #902, #563, #3802, .T. ) ;
#7112 = AXIS2_PLACEMENT_3D ( 'NONE', #520, #2667, #8845 ) ;
#7113 = VERTEX_POINT ( 'NONE', #3115 ) ;
#7114 = ORIENTED_EDGE ( 'NONE', *, *, #3364, .F. ) ;
#7115 = EDGE_LOOP ( 'NONE', ( #4702, #4485, #5513, #716 ) ) ;
#7116 = AXIS2_PLACEMENT_3D ( 'NONE', #8884, #6879, #4825 ) ;
#7117 = LINE ( 'NONE', #7658, #364 ) ;
#7118 = AXIS2_PLACEMENT_3D ( 'NONE', #6162, #433, #2582 ) ;
#7119 = DIRECTION ( 'NONE',  ( -1.000000000000000000, 0.000000000000000000, -0.000000000000000000 ) ) ;
#7120 = DIRECTION ( 'NONE',  ( -1.000000000000000000, 0.000000000000000000, 0.000000000000000000 ) ) ;
#7121 = CARTESIAN_POINT ( 'NONE',  ( 15.00000000000000178, 0.000000000000000000, 0.000000000000000000 ) ) ;
#7122 = AXIS2_PLACEMENT_3D ( 'NONE', #2036, #7618, #6940 ) ;
#7123 = ORIENTED_EDGE ( 'NONE', *, *, #3044, .F. ) ;
#7124 = EDGE_LOOP ( 'NONE', ( #5520, #4098, #2213, #7382 ) ) ;
#7125 = LINE ( 'NONE', #1405, #300 ) ;
#7126 = DIRECTION ( 'NONE',  ( 0.000000000000000000, -0.3090169943749351278, -0.9510565162951577500 ) ) ;
#7127 = AXIS2_PLACEMENT_3D ( 'NONE', #2452, #8719, #5259 ) ;
#7128 = CARTESIAN_POINT ( 'NONE',  ( 0.000000000000000000, -9.508666619816487753, -19.83898331853694330 ) ) ;
#7129 = FACE_OUTER_BOUND ( 'NONE', #8570, .T. ) ;
#7130 = CARTESIAN_POINT ( 'NONE',  ( 7.500000000000002665, -9.508666619816766641, 19.83898331853681185 ) ) ;
#7131 = VERTEX_POINT ( 'NONE', #8636 ) ;
#7132 = ORIENTED_EDGE ( 'NONE', *, *, #3044, .T. ) ;
#7133 = CARTESIAN_POINT ( 'NONE',  ( 15.00000000000000178, -21.40280677340397020, 36.13751322684410638 ) ) ;
#7134 = DIRECTION ( 'NONE',  ( -1.000000000000000000, 0.000000000000000000, -0.000000000000000000 ) ) ;
#7135 = CARTESIAN_POINT ( 'NONE',  ( 15.00000000000000178, 33.17418723428307459, 17.67226234102837878 ) ) ;
#7136 = DIRECTION ( 'NONE',  ( -1.000000000000000000, 0.000000000000000000, -0.000000000000000000 ) ) ;
#7137 = DIRECTION ( 'NONE',  ( -1.000000000000000000, 0.000000000000000000, 0.000000000000000000 ) ) ;
#7138 = EDGE_CURVE ( 'NONE', #6791, #8146, #7593, .T. ) ;
#7139 = ORIENTED_EDGE ( 'NONE', *, *, #880, .T. ) ;
#7140 = ORIENTED_EDGE ( 'NONE', *, *, #2212, .F. ) ;
#7141 = AXIS2_PLACEMENT_3D ( 'NONE', #7939, #7250, #4338 ) ;
#7142 = ORIENTED_EDGE ( 'NONE', *, *, #951, .T. ) ;
#7143 = VERTEX_POINT ( 'NONE', #3200 ) ;
#7144 = VERTEX_POINT ( 'NONE', #406 ) ;
#7145 = DIRECTION ( 'NONE',  ( 1.000000000000000000, 0.000000000000000000, 0.000000000000000000 ) ) ;
#7146 = CARTESIAN_POINT ( 'NONE',  ( 15.00000000000000178, -37.22597642581153821, 10.79786254984321126 ) ) ;
#7147 = EDGE_CURVE ( 'NONE', #1321, #7322, #8621, .T. ) ;
#7148 = CARTESIAN_POINT ( 'NONE',  ( 0.000000000000000000, -12.42422080174614329, -35.38097989696525048 ) ) ;
#7149 = DIRECTION ( 'NONE',  ( -1.000000000000000000, 0.000000000000000000, 0.000000000000000000 ) ) ;
#7150 = CARTESIAN_POINT ( 'NONE',  ( 15.00000000000000178, -37.22597642581153821, -5.202137450156789633 ) ) ;
#7151 = DIRECTION ( 'NONE',  ( 1.000000000000000000, 0.000000000000000000, 0.000000000000000000 ) ) ;
#7152 = ORIENTED_EDGE ( 'NONE', *, *, #5545, .T. ) ;
#7153 = ADVANCED_FACE ( 'NONE', ( #2551 ), #4627, .T. ) ;
#7154 = ORIENTED_EDGE ( 'NONE', *, *, #1605, .F. ) ;
#7155 = CIRCLE ( 'NONE', #5995, 42.00000000000000000 ) ;
#7156 = FACE_OUTER_BOUND ( 'NONE', #701, .T. ) ;
#7157 = AXIS2_PLACEMENT_3D ( 'NONE', #4942, #3946, #6998 ) ;
#7158 = ADVANCED_FACE ( 'NONE', ( #6629 ), #3934, .T. ) ;
#7159 = DIRECTION ( 'NONE',  ( 1.000000000000000000, 0.000000000000000000, 0.000000000000000000 ) ) ;
#7160 = DIRECTION ( 'NONE',  ( -1.000000000000000000, -0.000000000000000000, 0.000000000000000000 ) ) ;
#7161 = DIRECTION ( 'NONE',  ( -1.000000000000000000, 0.000000000000000000, -0.000000000000000000 ) ) ;
#7162 = DIRECTION ( 'NONE',  ( -1.000000000000000000, 0.000000000000000000, 0.000000000000000000 ) ) ;
#7163 = EDGE_CURVE ( 'NONE', #732, #1337, #8142, .T. ) ;
#7164 = EDGE_CURVE ( 'NONE', #3011, #7902, #313, .T. ) ;
#7165 = VECTOR ( 'NONE', #163, 1000.000000000000000 ) ;
#7166 = EDGE_LOOP ( 'NONE', ( #8462, #1879, #7946, #232 ) ) ;
#7167 = VERTEX_POINT ( 'NONE', #7222 ) ;
#7168 = AXIS2_PLACEMENT_3D ( 'NONE', #3908, #2571, #6697 ) ;
#7169 = DIRECTION ( 'NONE',  ( -1.000000000000000000, -0.000000000000000000, -0.000000000000000000 ) ) ;
#7170 = DIRECTION ( 'NONE',  ( 0.000000000000000000, 0.3090169943749411230, 0.9510565162951557516 ) ) ;
#7171 = EDGE_CURVE ( 'NONE', #370, #4900, #1165, .T. ) ;
#7172 = DIRECTION ( 'NONE',  ( 0.000000000000000000, 0.000000000000000000, 1.000000000000000000 ) ) ;
#7173 = CARTESIAN_POINT ( 'NONE',  ( 0.000000000000000000, 0.000000000000000000, 0.000000000000000000 ) ) ;
#7174 = FACE_OUTER_BOUND ( 'NONE', #4801, .T. ) ;
#7175 = EDGE_CURVE ( 'NONE', #1558, #1098, #4457, .T. ) ;
#7176 = CIRCLE ( 'NONE', #5434, 42.00000000000000000 ) ;
#7177 = EDGE_LOOP ( 'NONE', ( #5065, #1764, #8731, #8655 ) ) ;
#7178 = ORIENTED_EDGE ( 'NONE', *, *, #702, .T. ) ;
#7179 = DIRECTION ( 'NONE',  ( -1.000000000000000000, 0.000000000000000000, -0.000000000000000000 ) ) ;
#7180 = DIRECTION ( 'NONE',  ( 0.000000000000000000, 0.000000000000000000, 1.000000000000000000 ) ) ;
#7181 = DIRECTION ( 'NONE',  ( -1.000000000000000000, 0.000000000000000000, -0.000000000000000000 ) ) ;
#7182 = CARTESIAN_POINT ( 'NONE',  ( 0.000000000000000000, 21.63912866391137158, 3.968388925834884340 ) ) ;
#7183 = CARTESIAN_POINT ( 'NONE',  ( 7.500000000000002665, 9.508666619816622756, 19.83898331853688290 ) ) ;
#7184 = ORIENTED_EDGE ( 'NONE', *, *, #1893, .F. ) ;
#7185 = ORIENTED_EDGE ( 'NONE', *, *, #7223, .F. ) ;
#7186 = EDGE_LOOP ( 'NONE', ( #1093, #5992, #2465, #4179 ) ) ;
#7187 = ORIENTED_EDGE ( 'NONE', *, *, #5700, .T. ) ;
#7188 = ORIENTED_EDGE ( 'NONE', *, *, #6863, .T. ) ;
#7189 = DIRECTION ( 'NONE',  ( 0.000000000000000000, 0.000000000000000000, 1.000000000000000000 ) ) ;
#7190 = CARTESIAN_POINT ( 'NONE',  ( 15.00000000000000178, -27.05870788708213581, -26.08949754953052391 ) ) ;
#7191 = EDGE_CURVE ( 'NONE', #6466, #495, #1084, .T. ) ;
#7192 = CARTESIAN_POINT ( 'NONE',  ( 0.000000000000000000, -9.508666619816766641, 19.83898331853681185 ) ) ;
#7193 = CARTESIAN_POINT ( 'NONE',  ( 15.00000000000000178, 0.000000000000000000, 0.000000000000000000 ) ) ;
#7194 = CARTESIAN_POINT ( 'NONE',  ( 0.000000000000000000, -6.736453364083284434, -36.88895765772640800 ) ) ;
#7195 = EDGE_CURVE ( 'NONE', #8510, #4597, #5339, .T. ) ;
#7196 = CARTESIAN_POINT ( 'NONE',  ( 0.000000000000000000, 16.92083251265324861, 4.460989585141019731 ) ) ;
#7197 = EDGE_CURVE ( 'NONE', #3615, #3370, #7537, .T. ) ;
#7198 = ORIENTED_EDGE ( 'NONE', *, *, #5935, .T. ) ;
#7199 = ORIENTED_EDGE ( 'NONE', *, *, #3201, .T. ) ;
#7200 = VERTEX_POINT ( 'NONE', #535 ) ;
#7201 = LINE ( 'NONE', #2348, #2392 ) ;
#7202 = DIRECTION ( 'NONE',  ( 0.000000000000000000, -0.3090169943749351278, -0.9510565162951577500 ) ) ;
#7203 = CARTESIAN_POINT ( 'NONE',  ( 15.00000000000000178, -6.336799421339698313, -16.31134495048489086 ) ) ;
#7204 = CYLINDRICAL_SURFACE ( 'NONE', #6545, 37.49900000000000944 ) ;
#7205 = DIRECTION ( 'NONE',  ( -1.000000000000000000, 0.000000000000000000, 0.000000000000000000 ) ) ;
#7206 = ORIENTED_EDGE ( 'NONE', *, *, #5309, .F. ) ;
#7207 = AXIS2_PLACEMENT_3D ( 'NONE', #5505, #5807, #1317 ) ;
#7208 = CARTESIAN_POINT ( 'NONE',  ( 0.000000000000000000, -21.40280677340344795, -36.13751322684441902 ) ) ;
#7209 = DIRECTION ( 'NONE',  ( 0.000000000000000000, -0.4539904997395540764, 0.8910065241883642351 ) ) ;
#7210 = DIRECTION ( 'NONE',  ( -1.000000000000000000, -0.000000000000000000, 0.000000000000000000 ) ) ;
#7211 = DIRECTION ( 'NONE',  ( -1.000000000000000000, 0.000000000000000000, 0.000000000000000000 ) ) ;
#7212 = DIRECTION ( 'NONE',  ( -1.000000000000000000, 0.000000000000000000, 0.000000000000000000 ) ) ;
#7213 = DIRECTION ( 'NONE',  ( 0.000000000000000000, 1.000000000000000000, 3.469446951953613400E-15 ) ) ;
#7214 = AXIS2_PLACEMENT_3D ( 'NONE', #5555, #1382, #1518 ) ;
#7215 = VECTOR ( 'NONE', #127, 1000.000000000000000 ) ;
#7216 = EDGE_CURVE ( 'NONE', #2707, #7779, #8224, .T. ) ;
#7217 = VERTEX_POINT ( 'NONE', #8943 ) ;
#7218 = CIRCLE ( 'NONE', #3284, 8.000000000000001776 ) ;
#7219 = EDGE_LOOP ( 'NONE', ( #1043, #3354, #6331, #1742 ) ) ;
#7220 = AXIS2_PLACEMENT_3D ( 'NONE', #5175, #2603, #3423 ) ;
#7221 = SURFACE_STYLE_FILL_AREA ( #2455 ) ;
#7222 = CARTESIAN_POINT ( 'NONE',  ( 0.000000000000000000, -41.91543099594816368, -2.663952781846581352 ) ) ;
#7223 = EDGE_CURVE ( 'NONE', #277, #6427, #7086, .T. ) ;
#7224 = AXIS2_PLACEMENT_3D ( 'NONE', #1524, #3718, #7746 ) ;
#7225 = DIRECTION ( 'NONE',  ( 0.000000000000000000, 0.000000000000000000, 1.000000000000000000 ) ) ;
#7226 = AXIS2_PLACEMENT_3D ( 'NONE', #8514, #8607, #7981 ) ;
#7227 = CARTESIAN_POINT ( 'NONE',  ( 15.00000000000000178, 37.58145647212453611, 0.6853352020791819710 ) ) ;
#7228 = CARTESIAN_POINT ( 'NONE',  ( 15.00000000000000178, 33.79645857604513992, -16.45098606841137467 ) ) ;
#7229 = ORIENTED_EDGE ( 'NONE', *, *, #3129, .T. ) ;
#7230 = LINE ( 'NONE', #3076, #4210 ) ;
#7231 = ORIENTED_EDGE ( 'NONE', *, *, #2441, .T. ) ;
#7232 = VECTOR ( 'NONE', #2249, 1000.000000000000000 ) ;
#7233 = ORIENTED_EDGE ( 'NONE', *, *, #8223, .T. ) ;
#7234 = ORIENTED_EDGE ( 'NONE', *, *, #8925, .T. ) ;
#7235 = ORIENTED_EDGE ( 'NONE', *, *, #8414, .F. ) ;
#7236 = CYLINDRICAL_SURFACE ( 'NONE', #4436, 8.000000000000000000 ) ;
#7237 = LINE ( 'NONE', #5143, #1652 ) ;
#7238 = DIRECTION ( 'NONE',  ( -1.000000000000000000, -0.000000000000000000, -0.000000000000000000 ) ) ;
#7239 = CARTESIAN_POINT ( 'NONE',  ( 15.00000000000000178, 0.000000000000000000, 0.000000000000000000 ) ) ;
#7240 = CARTESIAN_POINT ( 'NONE',  ( 15.00000000000000178, 12.96676809804148078, 13.60411018104322523 ) ) ;
#7241 = CARTESIAN_POINT ( 'NONE',  ( 0.000000000000000000, -6.336799421339698313, -16.31134495048489086 ) ) ;
#7242 = ORIENTED_EDGE ( 'NONE', *, *, #4414, .F. ) ;
#7243 =( GEOMETRIC_REPRESENTATION_CONTEXT ( 3 ) GLOBAL_UNCERTAINTY_ASSIGNED_CONTEXT ( ( #4866 ) ) GLOBAL_UNIT_ASSIGNED_CONTEXT ( ( #7404, #2500, #6628 ) ) REPRESENTATION_CONTEXT ( 'NONE', 'WORKASPACE' ) );
#7244 = ORIENTED_EDGE ( 'NONE', *, *, #923, .F. ) ;
#7245 = ORIENTED_EDGE ( 'NONE', *, *, #139, .T. ) ;
#7246 = AXIS2_PLACEMENT_3D ( 'NONE', #3499, #3453, #5650 ) ;
#7247 = FACE_OUTER_BOUND ( 'NONE', #5871, .T. ) ;
#7248 = LINE ( 'NONE', #2394, #5985 ) ;
#7249 = DIRECTION ( 'NONE',  ( 0.000000000000000000, 0.000000000000000000, -1.000000000000000000 ) ) ;
#7250 = DIRECTION ( 'NONE',  ( -1.000000000000000000, -0.000000000000000000, -0.000000000000000000 ) ) ;
#7251 = CARTESIAN_POINT ( 'NONE',  ( 15.00000000000000178, -13.55483219355736146, 11.06713717293234822 ) ) ;
#7252 = DIRECTION ( 'NONE',  ( 0.000000000000000000, 0.000000000000000000, 1.000000000000000000 ) ) ;
#7253 = VECTOR ( 'NONE', #6130, 1000.000000000000000 ) ;
#7254 = ORIENTED_EDGE ( 'NONE', *, *, #6042, .F. ) ;
#7255 = AXIS2_PLACEMENT_3D ( 'NONE', #7606, #2664, #7429 ) ;
#7256 = APPLICATION_CONTEXT ( 'automotive_design' ) ;
#7257 = EDGE_CURVE ( 'NONE', #3446, #7671, #1673, .T. ) ;
#7258 = CIRCLE ( 'NONE', #6677, 37.49900000000001654 ) ;
#7259 = CARTESIAN_POINT ( 'NONE',  ( 7.500000000000002665, -35.47612816024506088, -22.48208911017540146 ) ) ;
#7260 = CARTESIAN_POINT ( 'NONE',  ( 0.000000000000000000, -8.128228055638970773, 16.94522934049207663 ) ) ;
#7261 = CARTESIAN_POINT ( 'NONE',  ( 15.00000000000000178, -6.736453364083812012, 36.88895765772630853 ) ) ;
#7262 = DIRECTION ( 'NONE',  ( -1.000000000000000000, 0.000000000000000000, 0.000000000000000000 ) ) ;
#7263 = CARTESIAN_POINT ( 'NONE',  ( 0.000000000000000000, -9.471478019455027209, -14.71414642875964773 ) ) ;
#7264 = DIRECTION ( 'NONE',  ( -1.000000000000000000, -0.000000000000000000, 0.000000000000000000 ) ) ;
#7265 = ADVANCED_FACE ( 'NONE', ( #1350 ), #8904, .T. ) ;
#7266 = ORIENTED_EDGE ( 'NONE', *, *, #3868, .F. ) ;
#7267 = EDGE_CURVE ( 'NONE', #4632, #90, #1224, .T. ) ;
#7268 = ORIENTED_EDGE ( 'NONE', *, *, #6618, .F. ) ;
#7269 = DIRECTION ( 'NONE',  ( 0.000000000000000000, 0.000000000000000000, 1.000000000000000000 ) ) ;
#7270 = CARTESIAN_POINT ( 'NONE',  ( 0.000000000000000000, 18.62763138773854266, -2.494040418455146568 ) ) ;
#7271 = DIRECTION ( 'NONE',  ( -1.000000000000000000, 0.000000000000000000, 0.000000000000000000 ) ) ;
#7272 = AXIS2_PLACEMENT_3D ( 'NONE', #3503, #3547, #8304 ) ;
#7273 = ADVANCED_FACE ( 'NONE', ( #6949 ), #1265, .T. ) ;
#7274 = DIRECTION ( 'NONE',  ( -1.000000000000000000, -0.000000000000000000, 0.000000000000000000 ) ) ;
#7275 = CARTESIAN_POINT ( 'NONE',  ( 0.000000000000000000, -17.47118961583600338, 0.9861715913087071295 ) ) ;
#7276 = ORIENTED_EDGE ( 'NONE', *, *, #6780, .F. ) ;
#7277 = EDGE_CURVE ( 'NONE', #5482, #4662, #5046, .T. ) ;
#7278 = VERTEX_POINT ( 'NONE', #8271 ) ;
#7279 = VERTEX_POINT ( 'NONE', #615 ) ;
#7280 = ORIENTED_EDGE ( 'NONE', *, *, #3470, .F. ) ;
#7281 = EDGE_LOOP ( 'NONE', ( #3953, #1281, #1393, #6413 ) ) ;
#7282 = CARTESIAN_POINT ( 'NONE',  ( 0.000000000000000000, 0.000000000000000000, 0.000000000000000000 ) ) ;
#7283 = CARTESIAN_POINT ( 'NONE',  ( 15.00000000000000178, 27.13269053701096922, 25.88420570971411294 ) ) ;
#7284 = DIRECTION ( 'NONE',  ( 0.000000000000000000, 0.000000000000000000, 1.000000000000000000 ) ) ;
#7285 = DIRECTION ( 'NONE',  ( 0.000000000000000000, 0.000000000000000000, 1.000000000000000000 ) ) ;
#7286 = DIRECTION ( 'NONE',  ( 0.000000000000000000, 0.000000000000000000, 1.000000000000000000 ) ) ;
#7287 = CARTESIAN_POINT ( 'NONE',  ( 15.00000000000000178, -4.460989585141082792, 16.92083251265324151 ) ) ;
#7288 = EDGE_CURVE ( 'NONE', #5482, #3747, #5196, .T. ) ;
#7289 = CIRCLE ( 'NONE', #422, 21.99999999999999289 ) ;
#7290 = ORIENTED_EDGE ( 'NONE', *, *, #501, .F. ) ;
#7291 = EDGE_LOOP ( 'NONE', ( #5870, #2507, #830, #5961 ) ) ;
#7292 = ORIENTED_EDGE ( 'NONE', *, *, #4441, .F. ) ;
#7293 = CARTESIAN_POINT ( 'NONE',  ( 0.000000000000000000, 19.83898331853697883, -9.508666619816425580 ) ) ;
#7294 = CARTESIAN_POINT ( 'NONE',  ( -10.00000000000000000, 0.000000000000000000, 0.000000000000000000 ) ) ;
#7295 = CYLINDRICAL_SURFACE ( 'NONE', #2892, 42.00000000000000000 ) ;
#7296 = DIRECTION ( 'NONE',  ( -1.000000000000000000, 0.000000000000000000, 0.000000000000000000 ) ) ;
#7297 = CARTESIAN_POINT ( 'NONE',  ( 15.00000000000000178, 21.53537804866080663, 30.80686688397018358 ) ) ;
#7298 = ORIENTED_EDGE ( 'NONE', *, *, #1171, .F. ) ;
#7299 = CIRCLE ( 'NONE', #857, 21.99999999999999289 ) ;
#7300 = CARTESIAN_POINT ( 'NONE',  ( 0.000000000000000000, 0.000000000000000000, 0.000000000000000000 ) ) ;
#7301 = CYLINDRICAL_SURFACE ( 'NONE', #6662, 42.00000000000000000 ) ;
#7302 = CIRCLE ( 'NONE', #3366, 8.000000000000000000 ) ;
#7303 = CARTESIAN_POINT ( 'NONE',  ( 15.00000000000000178, -30.84782396557232786, 21.32104025579105411 ) ) ;
#7304 = CYLINDRICAL_SURFACE ( 'NONE', #2659, 16.00000000000000000 ) ;
#7305 = DIRECTION ( 'NONE',  ( 1.000000000000000000, 0.000000000000000000, -0.000000000000000000 ) ) ;
#7306 = EDGE_CURVE ( 'NONE', #3166, #7737, #2731, .T. ) ;
#7307 = DIRECTION ( 'NONE',  ( 0.000000000000000000, 0.000000000000000000, 1.000000000000000000 ) ) ;
#7308 = AXIS2_PLACEMENT_3D ( 'NONE', #8991, #4897, #7625 ) ;
#7309 = EDGE_CURVE ( 'NONE', #1325, #2199, #8310, .T. ) ;
#7310 = AXIS2_PLACEMENT_3D ( 'NONE', #2746, #5635, #2928 ) ;
#7311 = EDGE_CURVE ( 'NONE', #5128, #4512, #8388, .T. ) ;
#7312 = ADVANCED_FACE ( 'NONE', ( #4803 ), #1915, .T. ) ;
#7313 = VERTEX_POINT ( 'NONE', #1305 ) ;
#7314 = CARTESIAN_POINT ( 'NONE',  ( 15.00000000000000178, 18.48663108841352098, 3.384281271888135656 ) ) ;
#7315 = DIRECTION ( 'NONE',  ( 0.000000000000000000, -6.938893903907226800E-15, 1.000000000000000000 ) ) ;
#7316 = VECTOR ( 'NONE', #4217, 1000.000000000000000 ) ;
#7317 = CARTESIAN_POINT ( 'NONE',  ( 15.00000000000000178, 0.000000000000000000, 0.000000000000000000 ) ) ;
#7318 = DIRECTION ( 'NONE',  ( -1.000000000000000000, 0.000000000000000000, 0.000000000000000000 ) ) ;
#7319 = ORIENTED_EDGE ( 'NONE', *, *, #8764, .T. ) ;
#7320 = ORIENTED_EDGE ( 'NONE', *, *, #3071, .F. ) ;
#7321 = EDGE_LOOP ( 'NONE', ( #1192, #8245 ) ) ;
#7322 = VERTEX_POINT ( 'NONE', #6817 ) ;
#7323 = AXIS2_PLACEMENT_3D ( 'NONE', #8363, #4119, #1923 ) ;
#7324 = EDGE_LOOP ( 'NONE', ( #5824, #7132, #7333, #1055 ) ) ;
#7325 = CARTESIAN_POINT ( 'NONE',  ( 15.00000000000000178, 30.00120703465204741, 22.64427369931180323 ) ) ;
#7326 = CARTESIAN_POINT ( 'NONE',  ( 0.000000000000000000, -35.95386929396264009, 10.96151621346475125 ) ) ;
#7327 = FACE_OUTER_BOUND ( 'NONE', #4833, .T. ) ;
#7328 = CARTESIAN_POINT ( 'NONE',  ( 15.00000000000000178, -37.22597642581153821, -5.202137450156789633 ) ) ;
#7329 = FACE_OUTER_BOUND ( 'NONE', #637, .T. ) ;
#7330 = DIRECTION ( 'NONE',  ( 1.000000000000000000, 0.000000000000000000, 0.000000000000000000 ) ) ;
#7331 = VERTEX_POINT ( 'NONE', #6896 ) ;
#7332 = ORIENTED_EDGE ( 'NONE', *, *, #8770, .T. ) ;
#7333 = ORIENTED_EDGE ( 'NONE', *, *, #5861, .T. ) ;
#7334 = ADVANCED_FACE ( 'NONE', ( #1957 ), #2645, .T. ) ;
#7335 = ORIENTED_EDGE ( 'NONE', *, *, #6598, .T. ) ;
#7336 = CARTESIAN_POINT ( 'NONE',  ( 0.000000000000000000, 1.224646799147353256E-15, -10.00000000000000000 ) ) ;
#7337 = DIRECTION ( 'NONE',  ( -1.000000000000000000, -0.000000000000000000, -0.000000000000000000 ) ) ;
#7338 = EDGE_CURVE ( 'NONE', #5317, #1263, #6217, .T. ) ;
#7339 = AXIS2_PLACEMENT_3D ( 'NONE', #1028, #5896, #5853 ) ;
#7340 = FACE_OUTER_BOUND ( 'NONE', #3554, .T. ) ;
#7341 = DIRECTION ( 'NONE',  ( 0.000000000000000000, 0.5877852522924743583, -0.8090169943749465631 ) ) ;
#7342 = VERTEX_POINT ( 'NONE', #3382 ) ;
#7343 = CARTESIAN_POINT ( 'NONE',  ( 0.000000000000000000, -12.96676809804138131, -13.60411018104331404 ) ) ;
#7344 = DIRECTION ( 'NONE',  ( 0.000000000000000000, 0.000000000000000000, 1.000000000000000000 ) ) ;
#7345 = CARTESIAN_POINT ( 'NONE',  ( 0.000000000000000000, -2.663952781846435691, 41.91543099594817789 ) ) ;
#7346 = CARTESIAN_POINT ( 'NONE',  ( 15.00000000000000178, 0.000000000000000000, 0.000000000000000000 ) ) ;
#7347 = DIRECTION ( 'NONE',  ( -1.000000000000000000, -0.000000000000000000, -0.000000000000000000 ) ) ;
#7348 = FACE_OUTER_BOUND ( 'NONE', #1392, .T. ) ;
#7349 = CIRCLE ( 'NONE', #7787, 21.99999999999999645 ) ;
#7350 = ADVANCED_FACE ( 'NONE', ( #488, #1583 ), #3642, .F. ) ;
#7351 = AXIS2_PLACEMENT_3D ( 'NONE', #6052, #6146, #3348 ) ;
#7352 = ORIENTED_EDGE ( 'NONE', *, *, #3394, .T. ) ;
#7353 = PRODUCT_RELATED_PRODUCT_CATEGORY ( 'part', '', ( #8345 ) ) ;
#7354 = DIRECTION ( 'NONE',  ( 0.000000000000000000, 0.000000000000000000, -1.000000000000000000 ) ) ;
#7355 = AXIS2_PLACEMENT_3D ( 'NONE', #5502, #2012, #1416 ) ;
#7356 = CARTESIAN_POINT ( 'NONE',  ( 15.00000000000000178, 33.79645857604513992, -16.45098606841137467 ) ) ;
#7357 = AXIS2_PLACEMENT_3D ( 'NONE', #6654, #1841, #1928 ) ;
#7358 = DIRECTION ( 'NONE',  ( -1.000000000000000000, 0.000000000000000000, 0.000000000000000000 ) ) ;
#7359 = AXIS2_PLACEMENT_3D ( 'NONE', #2231, #2059, #2100 ) ;
#7360 = DIRECTION ( 'NONE',  ( -1.000000000000000000, -0.000000000000000000, -0.000000000000000000 ) ) ;
#7361 = DIRECTION ( 'NONE',  ( -1.000000000000000000, 0.000000000000000000, -0.000000000000000000 ) ) ;
#7362 = ORIENTED_EDGE ( 'NONE', *, *, #2183, .F. ) ;
#7363 = ORIENTED_EDGE ( 'NONE', *, *, #5675, .F. ) ;
#7364 = CIRCLE ( 'NONE', #5036, 21.99999999999999645 ) ;
#7365 = EDGE_LOOP ( 'NONE', ( #99, #4510, #8344, #5481 ) ) ;
#7366 = ORIENTED_EDGE ( 'NONE', *, *, #7948, .F. ) ;
#7367 = ORIENTED_EDGE ( 'NONE', *, *, #2714, .T. ) ;
#7368 = VECTOR ( 'NONE', #519, 1000.000000000000000 ) ;
#7369 = ORIENTED_EDGE ( 'NONE', *, *, #3228, .T. ) ;
#7370 = CARTESIAN_POINT ( 'NONE',  ( 15.00000000000000178, 33.80338159004307386, -16.23288003029462345 ) ) ;
#7371 = CARTESIAN_POINT ( 'NONE',  ( 0.000000000000000000, 33.17418723428307459, 17.67226234102837878 ) ) ;
#7372 = CIRCLE ( 'NONE', #3876, 16.00000000000000355 ) ;
#7373 = CARTESIAN_POINT ( 'NONE',  ( 7.500000000000002665, 2.912696353506121216, -21.80633394113444012 ) ) ;
#7374 = AXIS2_PLACEMENT_3D ( 'NONE', #666, #3978, #6765 ) ;
#7375 = CARTESIAN_POINT ( 'NONE',  ( 0.000000000000000000, 10.96151621346539606, -35.95386929396244113 ) ) ;
#7376 = FACE_OUTER_BOUND ( 'NONE', #2796, .T. ) ;
#7377 = FACE_OUTER_BOUND ( 'NONE', #4405, .T. ) ;
#7378 = AXIS2_PLACEMENT_3D ( 'NONE', #3176, #4507, #7286 ) ;
#7379 = AXIS2_PLACEMENT_3D ( 'NONE', #6222, #1914, #2550 ) ;
#7380 = ORIENTED_EDGE ( 'NONE', *, *, #5342, .T. ) ;
#7381 = VERTEX_POINT ( 'NONE', #7764 ) ;
#7382 = ORIENTED_EDGE ( 'NONE', *, *, #3254, .T. ) ;
#7383 = AXIS2_PLACEMENT_3D ( 'NONE', #7824, #6588, #1641 ) ;
#7384 = VECTOR ( 'NONE', #395, 1000.000000000000000 ) ;
#7385 = EDGE_LOOP ( 'NONE', ( #8433, #3525, #8532, #6552 ) ) ;
#7386 = ADVANCED_FACE ( 'NONE', ( #6356 ), #6398, .T. ) ;
#7387 = CARTESIAN_POINT ( 'NONE',  ( 15.00000000000000178, 17.47118961583599628, -0.9861715913088292540 ) ) ;
#7388 = PLANE ( 'NONE',  #2182 ) ;
#7389 = CARTESIAN_POINT ( 'NONE',  ( 15.00000000000000178, 0.000000000000000000, 0.000000000000000000 ) ) ;
#7390 = EDGE_CURVE ( 'NONE', #6690, #4843, #6653, .T. ) ;
#7391 = DIRECTION ( 'NONE',  ( 0.000000000000000000, -0.9876883405951361050, -0.1564344650402419989 ) ) ;
#7392 = EDGE_CURVE ( 'NONE', #1098, #2623, #71, .T. ) ;
#7393 = ORIENTED_EDGE ( 'NONE', *, *, #1227, .T. ) ;
#7394 = CARTESIAN_POINT ( 'NONE',  ( 15.00000000000000178, 0.000000000000000000, 0.000000000000000000 ) ) ;
#7395 = CARTESIAN_POINT ( 'NONE',  ( 15.00000000000000178, -30.80686688397025463, 21.53537804866070005 ) ) ;
#7396 = VECTOR ( 'NONE', #6268, 1000.000000000000000 ) ;
#7397 = CARTESIAN_POINT ( 'NONE',  ( 15.00000000000000178, -15.92965478239605304, -15.17386234660398792 ) ) ;
#7398 = CARTESIAN_POINT ( 'NONE',  ( 15.00000000000000178, 4.992566952384994039, 37.16516213103280108 ) ) ;
#7399 = DIRECTION ( 'NONE',  ( 0.000000000000000000, 0.000000000000000000, 1.000000000000000000 ) ) ;
#7400 = CARTESIAN_POINT ( 'NONE',  ( 15.00000000000000178, 18.62763138773850713, 10.49404041845541968 ) ) ;
#7401 = EDGE_CURVE ( 'NONE', #178, #3479, #1406, .T. ) ;
#7402 = VECTOR ( 'NONE', #3550, 1000.000000000000000 ) ;
#7403 = ORIENTED_EDGE ( 'NONE', *, *, #8538, .T. ) ;
#7404 =( LENGTH_UNIT ( ) NAMED_UNIT ( * ) SI_UNIT ( .MILLI., .METRE. ) );
#7405 = DIRECTION ( 'NONE',  ( 0.000000000000000000, 0.000000000000000000, 1.000000000000000000 ) ) ;
#7406 = DIRECTION ( 'NONE',  ( -1.000000000000000000, 0.000000000000000000, -0.000000000000000000 ) ) ;
#7407 = VECTOR ( 'NONE', #7983, 1000.000000000000000 ) ;
#7408 = DIRECTION ( 'NONE',  ( 0.000000000000000000, 0.000000000000000000, 1.000000000000000000 ) ) ;
#7409 = VERTEX_POINT ( 'NONE', #885 ) ;
#7410 = VERTEX_POINT ( 'NONE', #1493 ) ;
#7411 = ORIENTED_EDGE ( 'NONE', *, *, #7839, .F. ) ;
#7412 = ORIENTED_EDGE ( 'NONE', *, *, #5026, .T. ) ;
#7413 = ORIENTED_EDGE ( 'NONE', *, *, #2281, .T. ) ;
#7414 = CARTESIAN_POINT ( 'NONE',  ( 15.00000000000000178, 6.555932627142423641, 37.01155633439060466 ) ) ;
#7415 = AXIS2_PLACEMENT_3D ( 'NONE', #4118, #4808, #623 ) ;
#7416 = CARTESIAN_POINT ( 'NONE',  ( 15.00000000000000178, 0.000000000000000000, 0.000000000000000000 ) ) ;
#7417 = EDGE_CURVE ( 'NONE', #4251, #5141, #3716, .T. ) ;
#7418 = DIRECTION ( 'NONE',  ( -1.000000000000000000, 0.000000000000000000, 0.000000000000000000 ) ) ;
#7419 = CARTESIAN_POINT ( 'NONE',  ( 15.00000000000000178, 0.8828120875900549169, 37.48860685352291711 ) ) ;
#7420 = DIRECTION ( 'NONE',  ( -1.000000000000000000, 0.000000000000000000, 0.000000000000000000 ) ) ;
#7421 = LINE ( 'NONE', #4551, #4902 ) ;
#7422 = DIRECTION ( 'NONE',  ( -1.000000000000000000, -0.000000000000000000, 0.000000000000000000 ) ) ;
#7423 = ORIENTED_EDGE ( 'NONE', *, *, #2588, .T. ) ;
#7424 = ORIENTED_EDGE ( 'NONE', *, *, #7401, .F. ) ;
#7425 = ORIENTED_EDGE ( 'NONE', *, *, #390, .F. ) ;
#7426 = ORIENTED_EDGE ( 'NONE', *, *, #4792, .T. ) ;
#7427 = ADVANCED_FACE ( 'NONE', ( #841 ), #3689, .T. ) ;
#7428 = DIRECTION ( 'NONE',  ( 0.000000000000000000, 0.9510565162951521989, 0.3090169943749515591 ) ) ;
#7429 = DIRECTION ( 'NONE',  ( 0.000000000000000000, 0.000000000000000000, 1.000000000000000000 ) ) ;
#7430 = APPLICATION_CONTEXT ( 'automotive_design' ) ;
#7431 = CARTESIAN_POINT ( 'NONE',  ( 15.00000000000000178, -33.80338159004273280, -16.23288003029534465 ) ) ;
#7432 = LINE ( 'NONE', #3365, #5954 ) ;
#7433 = ORIENTED_EDGE ( 'NONE', *, *, #2580, .T. ) ;
#7434 = AXIS2_PLACEMENT_3D ( 'NONE', #7507, #1236, #4041 ) ;
#7435 = ORIENTED_EDGE ( 'NONE', *, *, #2675, .T. ) ;
#7436 = AXIS2_PLACEMENT_3D ( 'NONE', #3641, #7169, #5754 ) ;
#7437 = ORIENTED_EDGE ( 'NONE', *, *, #2397, .T. ) ;
#7438 = DIRECTION ( 'NONE',  ( 0.000000000000000000, 0.9510565162951544194, -0.3090169943749447867 ) ) ;
#7439 = CARTESIAN_POINT ( 'NONE',  ( 7.500000000000002665, 9.188173127307887711, -40.98264845739739570 ) ) ;
#7440 = EDGE_CURVE ( 'NONE', #4744, #1290, #6069, .T. ) ;
#7441 = DIRECTION ( 'NONE',  ( -1.000000000000000000, 0.000000000000000000, 0.000000000000000000 ) ) ;
#7442 = FACE_OUTER_BOUND ( 'NONE', #7855, .T. ) ;
#7443 = CARTESIAN_POINT ( 'NONE',  ( 15.00000000000000178, -15.48615015657554927, -39.04073710021360455 ) ) ;
#7444 = EDGE_CURVE ( 'NONE', #4102, #1538, #3877, .T. ) ;
#7445 = VERTEX_POINT ( 'NONE', #4346 ) ;
#7446 = EDGE_CURVE ( 'NONE', #2176, #7984, #749, .T. ) ;
#7447 = EDGE_CURVE ( 'NONE', #2920, #8985, #4757, .T. ) ;
#7448 = FACE_OUTER_BOUND ( 'NONE', #6565, .T. ) ;
#7449 = CARTESIAN_POINT ( 'NONE',  ( 50.00005079999999680, 7.347880794884120722E-16, -6.000000000000000888 ) ) ;
#7450 = CIRCLE ( 'NONE', #8616, 42.00000000000000000 ) ;
#7451 = DIRECTION ( 'NONE',  ( 0.000000000000000000, 0.000000000000000000, 1.000000000000000000 ) ) ;
#7452 = ADVANCED_FACE ( 'NONE', ( #4893 ), #25, .T. ) ;
#7453 = CIRCLE ( 'NONE', #6000, 42.00000000000000000 ) ;
#7454 = ORIENTED_EDGE ( 'NONE', *, *, #4972, .F. ) ;
#7455 = VERTEX_POINT ( 'NONE', #2221 ) ;
#7456 = EDGE_LOOP ( 'NONE', ( #5912, #1282, #4945, #5641 ) ) ;
#7457 = VECTOR ( 'NONE', #712, 1000.000000000000000 ) ;
#7458 = ORIENTED_EDGE ( 'NONE', *, *, #1869, .F. ) ;
#7459 = VERTEX_POINT ( 'NONE', #2819 ) ;
#7460 = DIRECTION ( 'NONE',  ( -1.000000000000000000, -0.000000000000000000, 0.000000000000000000 ) ) ;
#7461 = ADVANCED_FACE ( 'NONE', ( #5756 ), #7810, .T. ) ;
#7462 = DIRECTION ( 'NONE',  ( 1.000000000000000000, 0.000000000000000000, -0.000000000000000000 ) ) ;
#7463 = DIRECTION ( 'NONE',  ( 1.000000000000000000, 0.000000000000000000, 0.000000000000000000 ) ) ;
#7464 = DIRECTION ( 'NONE',  ( 0.000000000000000000, 0.000000000000000000, 1.000000000000000000 ) ) ;
#7465 = FACE_OUTER_BOUND ( 'NONE', #1989, .T. ) ;
#7466 = DIRECTION ( 'NONE',  ( -1.000000000000000000, 0.000000000000000000, -0.000000000000000000 ) ) ;
#7467 = DIRECTION ( 'NONE',  ( 0.000000000000000000, -0.5877852522924624790, -0.8090169943749550008 ) ) ;
#7468 = PRODUCT_DEFINITION_SHAPE ( 'NONE', 'NONE',  #192 ) ;
#7469 = ORIENTED_EDGE ( 'NONE', *, *, #6606, .F. ) ;
#7470 = EDGE_CURVE ( 'NONE', #7143, #6639, #1823, .T. ) ;
#7471 = AXIS2_PLACEMENT_3D ( 'NONE', #1090, #3894, #2460 ) ;
#7472 = VERTEX_POINT ( 'NONE', #4939 ) ;
#7473 = ORIENTED_EDGE ( 'NONE', *, *, #6132, .T. ) ;
#7474 = ORIENTED_EDGE ( 'NONE', *, *, #6993, .T. ) ;
#7475 = EDGE_CURVE ( 'NONE', #3327, #6329, #6934, .T. ) ;
#7476 = FACE_OUTER_BOUND ( 'NONE', #2153, .T. ) ;
#7477 = CARTESIAN_POINT ( 'NONE',  ( 15.00000000000000178, 29.81001611431042519, -22.74946021919100048 ) ) ;
#7478 = CARTESIAN_POINT ( 'NONE',  ( 15.00000000000000178, 0.000000000000000000, 0.000000000000000000 ) ) ;
#7479 = DIRECTION ( 'NONE',  ( -1.000000000000000000, -0.000000000000000000, 0.000000000000000000 ) ) ;
#7480 = EDGE_CURVE ( 'NONE', #2557, #8579, #8099, .T. ) ;
#7481 = ORIENTED_EDGE ( 'NONE', *, *, #1575, .T. ) ;
#7482 = VERTEX_POINT ( 'NONE', #1026 ) ;
#7483 = ORIENTED_EDGE ( 'NONE', *, *, #3621, .F. ) ;
#7484 = LINE ( 'NONE', #8302, #6503 ) ;
#7485 = CARTESIAN_POINT ( 'NONE',  ( -10.00000000000000000, 0.000000000000000000, 0.000000000000000000 ) ) ;
#7486 = DIRECTION ( 'NONE',  ( 0.000000000000000000, 0.5877852522924741363, -0.8090169943749466741 ) ) ;
#7487 = LINE ( 'NONE', #2411, #5965 ) ;
#7488 = DIRECTION ( 'NONE',  ( 0.000000000000000000, 0.000000000000000000, -1.000000000000000000 ) ) ;
#7489 = ORIENTED_EDGE ( 'NONE', *, *, #1088, .T. ) ;
#7490 = DIRECTION ( 'NONE',  ( 1.000000000000000000, 0.000000000000000000, 0.000000000000000000 ) ) ;
#7491 = DIRECTION ( 'NONE',  ( -1.000000000000000000, -0.000000000000000000, 0.000000000000000000 ) ) ;
#7492 = EDGE_CURVE ( 'NONE', #3640, #2464, #787, .T. ) ;
#7493 = CIRCLE ( 'NONE', #3261, 16.00000000000000000 ) ;
#7494 = CARTESIAN_POINT ( 'NONE',  ( 0.000000000000000000, 2.494040418455619523, -18.62763138773847871 ) ) ;
#7495 = EDGE_CURVE ( 'NONE', #2854, #3368, #4895, .T. ) ;
#7496 = ORIENTED_EDGE ( 'NONE', *, *, #134, .F. ) ;
#7497 = VECTOR ( 'NONE', #4454, 1000.000000000000000 ) ;
#7498 = AXIS2_PLACEMENT_3D ( 'NONE', #1027, #5257, #8042 ) ;
#7499 = ORIENTED_EDGE ( 'NONE', *, *, #2954, .T. ) ;
#7500 = AXIS2_PLACEMENT_3D ( 'NONE', #6829, #7420, #8109 ) ;
#7501 = VERTEX_POINT ( 'NONE', #1721 ) ;
#7502 = CARTESIAN_POINT ( 'NONE',  ( 15.00000000000000178, -37.01155633439053361, -6.555932627142831315 ) ) ;
#7503 = DIRECTION ( 'NONE',  ( -1.000000000000000000, 0.000000000000000000, 0.000000000000000000 ) ) ;
#7504 = DIRECTION ( 'NONE',  ( 0.000000000000000000, -0.8910065241883626808, -0.4539904997395570740 ) ) ;
#7505 = CARTESIAN_POINT ( 'NONE',  ( 0.000000000000000000, -6.336799421339924798, 16.31134495048480915 ) ) ;
#7506 = AXIS2_PLACEMENT_3D ( 'NONE', #2458, #7181, #360 ) ;
#7507 = CARTESIAN_POINT ( 'NONE',  ( 15.00000000000000178, -22.64427369931191691, 30.00120703465196570 ) ) ;
#7508 = FACE_OUTER_BOUND ( 'NONE', #8777, .T. ) ;
#7509 = AXIS2_PLACEMENT_3D ( 'NONE', #4379, #6471, #4285 ) ;
#7510 = CIRCLE ( 'NONE', #3565, 16.00000000000000000 ) ;
#7511 = DIRECTION ( 'NONE',  ( -1.000000000000000000, -0.000000000000000000, 0.000000000000000000 ) ) ;
#7512 = DIRECTION ( 'NONE',  ( -1.000000000000000000, -0.000000000000000000, -0.000000000000000000 ) ) ;
#7513 = AXIS2_PLACEMENT_3D ( 'NONE', #5840, #3680, #3098 ) ;
#7514 = EDGE_LOOP ( 'NONE', ( #1336, #2436, #180, #991 ) ) ;
#7515 = ORIENTED_EDGE ( 'NONE', *, *, #4972, .T. ) ;
#7516 = ORIENTED_EDGE ( 'NONE', *, *, #6073, .T. ) ;
#7517 = AXIS2_PLACEMENT_3D ( 'NONE', #1643, #450, #2555 ) ;
#7518 = AXIS2_PLACEMENT_3D ( 'NONE', #7045, #3653, #5768 ) ;
#7519 = VECTOR ( 'NONE', #3751, 1000.000000000000000 ) ;
#7520 = CARTESIAN_POINT ( 'NONE',  ( 7.500000000000002665, 27.75498641678786527, -31.52238457039570463 ) ) ;
#7521 = CARTESIAN_POINT ( 'NONE',  ( 7.500000000000002665, -39.04073710021334165, -15.48615015657624205 ) ) ;
#7522 = VECTOR ( 'NONE', #1985, 1000.000000000000000 ) ;
#7523 = DIRECTION ( 'NONE',  ( -1.000000000000000000, 0.000000000000000000, 0.000000000000000000 ) ) ;
#7524 = DIRECTION ( 'NONE',  ( -1.000000000000000000, 0.000000000000000000, -0.000000000000000000 ) ) ;
#7525 = EDGE_CURVE ( 'NONE', #2065, #84, #5921, .T. ) ;
#7526 = EDGE_LOOP ( 'NONE', ( #1674, #4200, #2684, #7403 ) ) ;
#7527 = VERTEX_POINT ( 'NONE', #929 ) ;
#7528 = EDGE_LOOP ( 'NONE', ( #21, #1979, #6457, #7280 ) ) ;
#7529 = DIRECTION ( 'NONE',  ( 0.000000000000000000, -0.5877852522924802425, 0.8090169943749422332 ) ) ;
#7530 = CARTESIAN_POINT ( 'NONE',  ( 7.500000000000002665, -39.04073710021356902, 15.48615015657567007 ) ) ;
#7531 = CARTESIAN_POINT ( 'NONE',  ( 15.00000000000000178, 41.91543099594818500, 2.663952781846286477 ) ) ;
#7532 = LINE ( 'NONE', #8267, #381 ) ;
#7533 = ADVANCED_FACE ( 'NONE', ( #5119 ), #3832, .T. ) ;
#7534 = ORIENTED_EDGE ( 'NONE', *, *, #4752, .T. ) ;
#7535 = AXIS2_PLACEMENT_3D ( 'NONE', #6675, #5306, #4624 ) ;
#7536 = CARTESIAN_POINT ( 'NONE',  ( 15.00000000000000178, 0.000000000000000000, 0.000000000000000000 ) ) ;
#7537 = LINE ( 'NONE', #5448, #2544 ) ;
#7538 = DIRECTION ( 'NONE',  ( -1.000000000000000000, 0.000000000000000000, 0.000000000000000000 ) ) ;
#7539 = PRODUCT_DEFINITION_SHAPE ( 'NONE', 'NONE',  #3893 ) ;
#7540 = AXIS2_PLACEMENT_3D ( 'NONE', #6706, #7205, #5297 ) ;
#7541 = EDGE_CURVE ( 'NONE', #1728, #753, #6620, .T. ) ;
#7542 = ADVANCED_FACE ( 'NONE', ( #7905 ), #6576, .T. ) ;
#7543 = ORIENTED_EDGE ( 'NONE', *, *, #3954, .T. ) ;
#7544 = ORIENTED_EDGE ( 'NONE', *, *, #6689, .T. ) ;
#7545 = CIRCLE ( 'NONE', #4489, 17.49900000000000233 ) ;
#7546 = ORIENTED_EDGE ( 'NONE', *, *, #5809, .T. ) ;
#7547 = DIRECTION ( 'NONE',  ( -1.000000000000000000, 0.000000000000000000, 0.000000000000000000 ) ) ;
#7548 = EDGE_CURVE ( 'NONE', #6645, #2066, #3152, .T. ) ;
#7549 = CARTESIAN_POINT ( 'NONE',  ( 15.00000000000000178, -32.34446384429990218, 26.79245525562703634 ) ) ;
#7550 = FACE_OUTER_BOUND ( 'NONE', #1890, .T. ) ;
#7551 = CARTESIAN_POINT ( 'NONE',  ( 0.000000000000000000, 17.47118961583599273, -0.9861715913088290320 ) ) ;
#7552 = DIRECTION ( 'NONE',  ( 0.000000000000000000, -0.4539904997395541320, 0.8910065241883640130 ) ) ;
#7553 = EDGE_CURVE ( 'NONE', #8611, #5074, #4564, .T. ) ;
#7554 = LINE ( 'NONE', #6786, #3706 ) ;
#7555 = CARTESIAN_POINT ( 'NONE',  ( 15.00000000000000178, 0.000000000000000000, 0.000000000000000000 ) ) ;
#7556 = VERTEX_POINT ( 'NONE', #7950 ) ;
#7557 = EDGE_LOOP ( 'NONE', ( #729, #7845, #8820, #7100 ) ) ;
#7558 = ORIENTED_EDGE ( 'NONE', *, *, #8390, .F. ) ;
#7559 = ORIENTED_EDGE ( 'NONE', *, *, #6332, .F. ) ;
#7560 = ORIENTED_EDGE ( 'NONE', *, *, #7846, .F. ) ;
#7561 = AXIS2_PLACEMENT_3D ( 'NONE', #1441, #3332, #4107 ) ;
#7562 = CYLINDRICAL_SURFACE ( 'NONE', #8381, 21.99999999999999289 ) ;
#7563 = DIRECTION ( 'NONE',  ( 0.000000000000000000, 0.000000000000000000, 1.000000000000000000 ) ) ;
#7564 = ADVANCED_FACE ( 'NONE', ( #8756 ), #7301, .T. ) ;
#7565 = CARTESIAN_POINT ( 'NONE',  ( 15.00000000000000178, 4.992566952385532275, -37.16516213103273003 ) ) ;
#7566 = EDGE_CURVE ( 'NONE', #4178, #4634, #8119, .T. ) ;
#7567 = DIRECTION ( 'NONE',  ( -1.000000000000000000, -0.000000000000000000, -0.000000000000000000 ) ) ;
#7568 = VERTEX_POINT ( 'NONE', #7999 ) ;
#7569 = ORIENTED_EDGE ( 'NONE', *, *, #665, .F. ) ;
#7570 = ORIENTED_EDGE ( 'NONE', *, *, #4603, .T. ) ;
#7571 = CARTESIAN_POINT ( 'NONE',  ( 15.00000000000000178, 26.08949754953061984, -27.05870788708204344 ) ) ;
#7572 = FACE_OUTER_BOUND ( 'NONE', #8522, .T. ) ;
#7573 = DIRECTION ( 'NONE',  ( 0.000000000000000000, 0.000000000000000000, 1.000000000000000000 ) ) ;
#7574 = CARTESIAN_POINT ( 'NONE',  ( -10.00000000000000000, 0.000000000000000000, 0.000000000000000000 ) ) ;
#7575 = CARTESIAN_POINT ( 'NONE',  ( 0.000000000000000000, 0.000000000000000000, 0.000000000000000000 ) ) ;
#7576 = AXIS2_PLACEMENT_3D ( 'NONE', #3634, #251, #5747 ) ;
#7577 = ADVANCED_FACE ( 'NONE', ( #4618 ), #8040, .T. ) ;
#7578 = EDGE_LOOP ( 'NONE', ( #5396, #6944, #3198, #3313 ) ) ;
#7579 = CARTESIAN_POINT ( 'NONE',  ( 15.00000000000000178, -35.53030884539093393, 12.26510123303247468 ) ) ;
#7580 = DIRECTION ( 'NONE',  ( 0.000000000000000000, 0.000000000000000000, 1.000000000000000000 ) ) ;
#7581 = EDGE_CURVE ( 'NONE', #4227, #8730, #1537, .T. ) ;
#7582 = CARTESIAN_POINT ( 'NONE',  ( 0.000000000000000000, 18.62763138773850713, 2.494040418455416575 ) ) ;
#7583 = EDGE_CURVE ( 'NONE', #1321, #5201, #3149, .T. ) ;
#7584 = EDGE_CURVE ( 'NONE', #1695, #2648, #5940, .T. ) ;
#7585 = ADVANCED_FACE ( 'NONE', ( #5850 ), #5256, .T. ) ;
#7586 = ORIENTED_EDGE ( 'NONE', *, *, #7197, .F. ) ;
#7587 = ORIENTED_EDGE ( 'NONE', *, *, #3473, .T. ) ;
#7588 = VECTOR ( 'NONE', #6334, 1000.000000000000000 ) ;
#7589 = EDGE_LOOP ( 'NONE', ( #5551, #3762, #2839, #2899 ) ) ;
#7590 = DIRECTION ( 'NONE',  ( -1.000000000000000000, 0.000000000000000000, 0.000000000000000000 ) ) ;
#7591 = DIRECTION ( 'NONE',  ( -1.000000000000000000, 0.000000000000000000, 0.000000000000000000 ) ) ;
#7592 = DIRECTION ( 'NONE',  ( 0.000000000000000000, 0.000000000000000000, 1.000000000000000000 ) ) ;
#7593 = CIRCLE ( 'NONE', #1756, 15.99999999999999822 ) ;
#7594 = CYLINDRICAL_SURFACE ( 'NONE', #1587, 17.49900000000000233 ) ;
#7595 = CYLINDRICAL_SURFACE ( 'NONE', #5607, 16.00000000000000000 ) ;
#7596 = LINE ( 'NONE', #1319, #489 ) ;
#7597 = CARTESIAN_POINT ( 'NONE',  ( 15.00000000000000178, 0.000000000000000000, 0.000000000000000000 ) ) ;
#7598 = ORIENTED_EDGE ( 'NONE', *, *, #1044, .F. ) ;
#7599 = AXIS2_PLACEMENT_3D ( 'NONE', #4257, #7463, #6361 ) ;
#7600 = ORIENTED_EDGE ( 'NONE', *, *, #3445, .T. ) ;
#7601 = ORIENTED_EDGE ( 'NONE', *, *, #7480, .T. ) ;
#7602 = ORIENTED_EDGE ( 'NONE', *, *, #7084, .F. ) ;
#7603 = CIRCLE ( 'NONE', #3965, 21.99999999999999289 ) ;
#7604 = ORIENTED_EDGE ( 'NONE', *, *, #5843, .F. ) ;
#7605 = CARTESIAN_POINT ( 'NONE',  ( 15.00000000000000178, -18.62763138773852489, 2.494040418455285568 ) ) ;
#7606 = CARTESIAN_POINT ( 'NONE',  ( 15.00000000000000178, 0.000000000000000000, 0.000000000000000000 ) ) ;
#7607 = DIRECTION ( 'NONE',  ( -1.000000000000000000, 0.000000000000000000, 0.000000000000000000 ) ) ;
#7608 = CARTESIAN_POINT ( 'NONE',  ( 15.00000000000000178, 0.000000000000000000, 0.000000000000000000 ) ) ;
#7609 = LINE ( 'NONE', #3408, #1553 ) ;
#7610 = VECTOR ( 'NONE', #8053, 1000.000000000000000 ) ;
#7611 = EDGE_CURVE ( 'NONE', #8579, #1193, #2845, .T. ) ;
#7612 = VERTEX_POINT ( 'NONE', #1205 ) ;
#7613 = ORIENTED_EDGE ( 'NONE', *, *, #4777, .T. ) ;
#7614 = EDGE_CURVE ( 'NONE', #6365, #8596, #4750, .T. ) ;
#7615 = CARTESIAN_POINT ( 'NONE',  ( 15.00000000000000178, -19.35373470438989330, 10.46102064772333051 ) ) ;
#7616 = DIRECTION ( 'NONE',  ( 1.000000000000000000, -0.000000000000000000, -0.000000000000000000 ) ) ;
#7617 = CARTESIAN_POINT ( 'NONE',  ( -10.00000000000000000, 0.000000000000000000, 0.000000000000000000 ) ) ;
#7618 = DIRECTION ( 'NONE',  ( -1.000000000000000000, -0.000000000000000000, -0.000000000000000000 ) ) ;
#7619 = CARTESIAN_POINT ( 'NONE',  ( 15.00000000000000178, 35.95386929396256193, -10.96151621346500526 ) ) ;
#7620 = ORIENTED_EDGE ( 'NONE', *, *, #7864, .F. ) ;
#7621 = ORIENTED_EDGE ( 'NONE', *, *, #5953, .T. ) ;
#7622 = CARTESIAN_POINT ( 'NONE',  ( -10.00000000000000000, 0.000000000000000000, 0.000000000000000000 ) ) ;
#7623 = DIRECTION ( 'NONE',  ( 0.000000000000000000, 0.000000000000000000, 1.000000000000000000 ) ) ;
#7624 = FACE_OUTER_BOUND ( 'NONE', #8291, .T. ) ;
#7625 = DIRECTION ( 'NONE',  ( 0.000000000000000000, 0.000000000000000000, 1.000000000000000000 ) ) ;
#7626 = AXIS2_PLACEMENT_3D ( 'NONE', #8216, #1905, #8717 ) ;
#7627 = ORIENTED_EDGE ( 'NONE', *, *, #4616, .T. ) ;
#7628 = EDGE_LOOP ( 'NONE', ( #2729, #6415, #8821, #4077 ) ) ;
#7629 = ORIENTED_EDGE ( 'NONE', *, *, #8442, .T. ) ;
#7630 = CIRCLE ( 'NONE', #476, 16.00000000000000000 ) ;
#7631 = CARTESIAN_POINT ( 'NONE',  ( 15.00000000000000178, -37.22597642581153821, 10.79786254984321126 ) ) ;
#7632 = CARTESIAN_POINT ( 'NONE',  ( 15.00000000000000178, 0.000000000000000000, 0.000000000000000000 ) ) ;
#7633 = DIRECTION ( 'NONE',  ( 0.000000000000000000, 0.8910065241883655673, 0.4539904997395510233 ) ) ;
#7634 = DIRECTION ( 'NONE',  ( -1.000000000000000000, 0.000000000000000000, 0.000000000000000000 ) ) ;
#7635 = CARTESIAN_POINT ( 'NONE',  ( 0.000000000000000000, -29.81001611431024756, 22.74946021919122430 ) ) ;
#7636 = DIRECTION ( 'NONE',  ( 0.000000000000000000, 0.5877852522924684742, 0.8090169943749506709 ) ) ;
#7637 = ORIENTED_EDGE ( 'NONE', *, *, #8217, .T. ) ;
#7638 = CIRCLE ( 'NONE', #6045, 16.00000000000000000 ) ;
#7639 = CIRCLE ( 'NONE', #7071, 8.000000000000000000 ) ;
#7640 = ORIENTED_EDGE ( 'NONE', *, *, #208, .F. ) ;
#7641 = VERTEX_POINT ( 'NONE', #3281 ) ;
#7642 = EDGE_CURVE ( 'NONE', #6504, #8579, #5439, .T. ) ;
#7643 = ORIENTED_EDGE ( 'NONE', *, *, #7846, .T. ) ;
#7644 = ORIENTED_EDGE ( 'NONE', *, *, #1253, .F. ) ;
#7645 = CARTESIAN_POINT ( 'NONE',  ( 15.00000000000000178, -21.53537804866102334, 30.80686688397002371 ) ) ;
#7646 = DIRECTION ( 'NONE',  ( -1.000000000000000000, 0.000000000000000000, 0.000000000000000000 ) ) ;
#7647 = AXIS2_PLACEMENT_3D ( 'NONE', #4284, #7072, #2945 ) ;
#7648 = CARTESIAN_POINT ( 'NONE',  ( 15.00000000000000178, 26.79245525562761188, -32.34446384429942611 ) ) ;
#7649 = CARTESIAN_POINT ( 'NONE',  ( 15.00000000000000178, -36.88895765772638669, 6.736453364083429207 ) ) ;
#7650 = DIRECTION ( 'NONE',  ( -1.000000000000000000, 0.000000000000000000, 0.000000000000000000 ) ) ;
#7651 = CIRCLE ( 'NONE', #7506, 17.49900000000000233 ) ;
#7652 = EDGE_CURVE ( 'NONE', #3677, #1558, #4465, .T. ) ;
#7653 = EDGE_LOOP ( 'NONE', ( #67, #3490, #205, #4543 ) ) ;
#7654 = AXIS2_PLACEMENT_3D ( 'NONE', #1593, #3571, #2234 ) ;
#7655 = EDGE_CURVE ( 'NONE', #8920, #4178, #6363, .T. ) ;
#7656 = EDGE_LOOP ( 'NONE', ( #2266, #660, #7604, #3402 ) ) ;
#7657 = AXIS2_PLACEMENT_3D ( 'NONE', #7698, #6463, #5739 ) ;
#7658 = CARTESIAN_POINT ( 'NONE',  ( 7.500000000000002665, -16.65560815589439869, 38.55633173627003885 ) ) ;
#7659 = EDGE_CURVE ( 'NONE', #7445, #1359, #1679, .T. ) ;
#7660 = APPLICATION_PROTOCOL_DEFINITION ( 'draft international standard', 'automotive_design', 1998, #8993 ) ;
#7661 = DIRECTION ( 'NONE',  ( 0.000000000000000000, 0.000000000000000000, 1.000000000000000000 ) ) ;
#7662 = AXIS2_PLACEMENT_3D ( 'NONE', #5647, #7743, #1475 ) ;
#7663 = DIRECTION ( 'NONE',  ( 0.000000000000000000, 0.000000000000000000, 1.000000000000000000 ) ) ;
#7664 = DIRECTION ( 'NONE',  ( -1.000000000000000000, 0.000000000000000000, -0.000000000000000000 ) ) ;
#7665 = AXIS2_PLACEMENT_3D ( 'NONE', #1255, #1902, #7529 ) ;
#7666 = EDGE_CURVE ( 'NONE', #2648, #968, #505, .T. ) ;
#7667 = EDGE_CURVE ( 'NONE', #3032, #234, #66, .T. ) ;
#7668 = AXIS2_PLACEMENT_3D ( 'NONE', #910, #8517, #2297 ) ;
#7669 = CIRCLE ( 'NONE', #6506, 37.49900000000001654 ) ;
#7670 = VERTEX_POINT ( 'NONE', #3971 ) ;
#7671 = VERTEX_POINT ( 'NONE', #4836 ) ;
#7672 = DIRECTION ( 'NONE',  ( -1.000000000000000000, -0.000000000000000000, 0.000000000000000000 ) ) ;
#7673 = CARTESIAN_POINT ( 'NONE',  ( 15.00000000000000178, 12.96676809804166552, -13.60411018104304048 ) ) ;
#7674 = CYLINDRICAL_SURFACE ( 'NONE', #5011, 16.00000000000000000 ) ;
#7675 = CARTESIAN_POINT ( 'NONE',  ( 15.00000000000000178, 11.06713717293258981, -13.55483219355716606 ) ) ;
#7676 = EDGE_CURVE ( 'NONE', #6286, #4009, #1945, .T. ) ;
#7677 = AXIS2_PLACEMENT_3D ( 'NONE', #1083, #5949, #8809 ) ;
#7678 = CIRCLE ( 'NONE', #4061, 16.00000000000000000 ) ;
#7679 = ORIENTED_EDGE ( 'NONE', *, *, #6219, .T. ) ;
#7680 = VERTEX_POINT ( 'NONE', #5398 ) ;
#7681 = DIRECTION ( 'NONE',  ( -1.000000000000000000, 0.000000000000000000, -0.000000000000000000 ) ) ;
#7682 = CARTESIAN_POINT ( 'NONE',  ( 7.500000000000002665, 31.52238457039637609, -27.75498641678710499 ) ) ;
#7683 = CARTESIAN_POINT ( 'NONE',  ( 0.000000000000000000, 35.38097989696529311, -12.42422080174601540 ) ) ;
#7684 = CARTESIAN_POINT ( 'NONE',  ( 15.00000000000000178, 12.42422080174687871, -35.38097989696499468 ) ) ;
#7685 = AXIS2_PLACEMENT_3D ( 'NONE', #7575, #836, #2907 ) ;
#7686 = CARTESIAN_POINT ( 'NONE',  ( 0.000000000000000000, 0.000000000000000000, 0.000000000000000000 ) ) ;
#7687 = CYLINDRICAL_SURFACE ( 'NONE', #7310, 16.00000000000000000 ) ;
#7688 = VERTEX_POINT ( 'NONE', #6126 ) ;
#7689 = DIRECTION ( 'NONE',  ( -1.000000000000000000, 0.000000000000000000, 0.000000000000000000 ) ) ;
#7690 = ORIENTED_EDGE ( 'NONE', *, *, #2320, .F. ) ;
#7691 = VERTEX_POINT ( 'NONE', #6169 ) ;
#7692 = EDGE_LOOP ( 'NONE', ( #7987, #3530, #2413, #8015 ) ) ;
#7693 = ORIENTED_EDGE ( 'NONE', *, *, #118, .F. ) ;
#7694 = DIRECTION ( 'NONE',  ( -1.000000000000000000, 0.000000000000000000, 0.000000000000000000 ) ) ;
#7695 = CARTESIAN_POINT ( 'NONE',  ( 0.000000000000000000, 15.48615015657582283, 39.04073710021351218 ) ) ;
#7696 = DIRECTION ( 'NONE',  ( 0.000000000000000000, 0.000000000000000000, -1.000000000000000000 ) ) ;
#7697 = CARTESIAN_POINT ( 'NONE',  ( 15.00000000000000178, -41.91543099594819921, 2.663952781845994711 ) ) ;
#7698 = CARTESIAN_POINT ( 'NONE',  ( 0.000000000000000000, 0.000000000000000000, 0.000000000000000000 ) ) ;
#7699 = DIRECTION ( 'NONE',  ( -1.000000000000000000, 0.000000000000000000, -0.000000000000000000 ) ) ;
#7700 = VECTOR ( 'NONE', #6424, 1000.000000000000000 ) ;
#7701 = EDGE_CURVE ( 'NONE', #3380, #8848, #6802, .T. ) ;
#7702 = ORIENTED_EDGE ( 'NONE', *, *, #1936, .F. ) ;
#7703 = ORIENTED_EDGE ( 'NONE', *, *, #2461, .F. ) ;
#7704 = CIRCLE ( 'NONE', #9007, 17.49900000000000233 ) ;
#7705 = ORIENTED_EDGE ( 'NONE', *, *, #7475, .T. ) ;
#7706 = CARTESIAN_POINT ( 'NONE',  ( 15.00000000000000178, 30.84782396557218576, 21.32104025579127082 ) ) ;
#7707 = DIRECTION ( 'NONE',  ( 0.000000000000000000, 0.000000000000000000, 1.000000000000000000 ) ) ;
#7708 = CARTESIAN_POINT ( 'NONE',  ( 15.00000000000000178, 9.471478019455139119, 14.71414642875957846 ) ) ;
#7709 = AXIS2_PLACEMENT_3D ( 'NONE', #8659, #3730, #6526 ) ;
#7710 = CARTESIAN_POINT ( 'NONE',  ( 0.000000000000000000, -0.8828120875903120446, 37.48860685352291711 ) ) ;
#7711 = AXIS2_PLACEMENT_3D ( 'NONE', #351, #8760, #2496 ) ;
#7712 = CARTESIAN_POINT ( 'NONE',  ( 0.000000000000000000, -11.06713717293248855, 13.55483219355724600 ) ) ;
#7713 = ORIENTED_EDGE ( 'NONE', *, *, #7659, .T. ) ;
#7714 = ORIENTED_EDGE ( 'NONE', *, *, #2328, .F. ) ;
#7715 = CARTESIAN_POINT ( 'NONE',  ( 7.500000000000002665, 2.663952781846140816, 41.91543099594818500 ) ) ;
#7716 = CARTESIAN_POINT ( 'NONE',  ( 0.000000000000000000, 0.000000000000000000, 0.000000000000000000 ) ) ;
#7717 = DIRECTION ( 'NONE',  ( 0.000000000000000000, 0.5877852522924743583, -0.8090169943749465631 ) ) ;
#7718 = CARTESIAN_POINT ( 'NONE',  ( 7.500000000000002665, -2.663952781846435691, 41.91543099594817789 ) ) ;
#7719 = EDGE_CURVE ( 'NONE', #7856, #7688, #7484, .T. ) ;
#7720 = EDGE_CURVE ( 'NONE', #8556, #7167, #4164, .T. ) ;
#7721 = EDGE_CURVE ( 'NONE', #6354, #3939, #7971, .T. ) ;
#7722 = VERTEX_POINT ( 'NONE', #525 ) ;
#7723 = ORIENTED_EDGE ( 'NONE', *, *, #6132, .F. ) ;
#7724 = VECTOR ( 'NONE', #4064, 1000.000000000000000 ) ;
#7725 = CYLINDRICAL_SURFACE ( 'NONE', #8683, 17.49900000000000233 ) ;
#7726 = CARTESIAN_POINT ( 'NONE',  ( 15.00000000000000178, 25.88420570971402412, 27.13269053701105449 ) ) ;
#7727 = EDGE_CURVE ( 'NONE', #5468, #6953, #213, .T. ) ;
#7728 = DIRECTION ( 'NONE',  ( -1.000000000000000000, 0.000000000000000000, -0.000000000000000000 ) ) ;
#7729 = DIRECTION ( 'NONE',  ( 1.000000000000000000, -0.000000000000000000, -0.000000000000000000 ) ) ;
#7730 = FACE_OUTER_BOUND ( 'NONE', #8787, .T. ) ;
#7731 = CARTESIAN_POINT ( 'NONE',  ( 0.000000000000000000, -37.58145647212454321, 0.6853352020789114096 ) ) ;
#7732 = EDGE_LOOP ( 'NONE', ( #3878, #7640, #6276, #2437 ) ) ;
#7733 = DIRECTION ( 'NONE',  ( -1.000000000000000000, -0.000000000000000000, -0.000000000000000000 ) ) ;
#7734 = ORIENTED_EDGE ( 'NONE', *, *, #1605, .T. ) ;
#7735 = CIRCLE ( 'NONE', #8461, 37.49900000000000944 ) ;
#7736 = VERTEX_POINT ( 'NONE', #7615 ) ;
#7737 = VERTEX_POINT ( 'NONE', #2591 ) ;
#7738 = ORIENTED_EDGE ( 'NONE', *, *, #5444, .T. ) ;
#7739 = EDGE_CURVE ( 'NONE', #5409, #3720, #6936, .T. ) ;
#7740 = VECTOR ( 'NONE', #5863, 1000.000000000000000 ) ;
#7741 = CARTESIAN_POINT ( 'NONE',  ( 15.00000000000000178, 41.81611651403867569, -3.925862922255721976 ) ) ;
#7742 = DIRECTION ( 'NONE',  ( -1.000000000000000000, -0.000000000000000000, -0.000000000000000000 ) ) ;
#7743 = DIRECTION ( 'NONE',  ( -1.000000000000000000, 0.000000000000000000, 0.000000000000000000 ) ) ;
#7744 = DIRECTION ( 'NONE',  ( -1.000000000000000000, 0.000000000000000000, 0.000000000000000000 ) ) ;
#7745 = AXIS2_PLACEMENT_3D ( 'NONE', #961, #6652, #8063 ) ;
#7746 = DIRECTION ( 'NONE',  ( 0.000000000000000000, 0.1564344650402244019, 0.9876883405951387696 ) ) ;
#7747 = DIRECTION ( 'NONE',  ( -1.000000000000000000, -0.000000000000000000, -0.000000000000000000 ) ) ;
#7748 = ADVANCED_FACE ( 'NONE', ( #2634 ), #5483, .T. ) ;
#7749 = AXIS2_PLACEMENT_3D ( 'NONE', #5329, #7512, #5461 ) ;
#7750 = ORIENTED_EDGE ( 'NONE', *, *, #6233, .T. ) ;
#7751 = ORIENTED_EDGE ( 'NONE', *, *, #5608, .F. ) ;
#7752 = EDGE_CURVE ( 'NONE', #6916, #4952, #3412, .T. ) ;
#7753 = VERTEX_POINT ( 'NONE', #6027 ) ;
#7754 = AXIS2_PLACEMENT_3D ( 'NONE', #6397, #4253, #2177 ) ;
#7755 = DIRECTION ( 'NONE',  ( -1.000000000000000000, 0.000000000000000000, 0.000000000000000000 ) ) ;
#7756 = CIRCLE ( 'NONE', #3819, 37.49900000000001654 ) ;
#7757 = FACE_OUTER_BOUND ( 'NONE', #8054, .T. ) ;
#7758 = DIRECTION ( 'NONE',  ( -1.000000000000000000, 0.000000000000000000, -0.000000000000000000 ) ) ;
#7759 = DIRECTION ( 'NONE',  ( 0.000000000000000000, -0.5877852522924624790, -0.8090169943749551118 ) ) ;
#7760 = ORIENTED_EDGE ( 'NONE', *, *, #6877, .F. ) ;
#7761 = AXIS2_PLACEMENT_3D ( 'NONE', #5455, #6232, #3304 ) ;
#7762 = EDGE_LOOP ( 'NONE', ( #6456, #468, #4860, #6768 ) ) ;
#7763 = LINE ( 'NONE', #748, #4256 ) ;
#7764 = CARTESIAN_POINT ( 'NONE',  ( 0.000000000000000000, -22.74946021919110350, -29.81001611431033993 ) ) ;
#7765 = DIRECTION ( 'NONE',  ( 0.000000000000000000, 0.000000000000000000, 1.000000000000000000 ) ) ;
#7766 = DIRECTION ( 'NONE',  ( 0.000000000000000000, -0.3090169943749548898, 0.9510565162951511997 ) ) ;
#7767 = CARTESIAN_POINT ( 'NONE',  ( 15.00000000000000178, 37.16516213103278687, 4.992566952385125489 ) ) ;
#7768 = ORIENTED_EDGE ( 'NONE', *, *, #2041, .F. ) ;
#7769 = EDGE_CURVE ( 'NONE', #6288, #5872, #8797, .T. ) ;
#7770 = ORIENTED_EDGE ( 'NONE', *, *, #4267, .F. ) ;
#7771 = CARTESIAN_POINT ( 'NONE',  ( -10.00000000000000000, 0.000000000000000000, 0.000000000000000000 ) ) ;
#7772 = DIRECTION ( 'NONE',  ( 0.000000000000000000, 0.000000000000000000, 1.000000000000000000 ) ) ;
#7773 = CIRCLE ( 'NONE', #1042, 16.00000000000000000 ) ;
#7774 = FACE_OUTER_BOUND ( 'NONE', #4283, .T. ) ;
#7775 = ADVANCED_FACE ( 'NONE', ( #7156 ), #8524, .T. ) ;
#7776 = DIRECTION ( 'NONE',  ( 0.000000000000000000, 0.4539904997395414754, 0.8910065241883706744 ) ) ;
#7777 = DIRECTION ( 'NONE',  ( -1.000000000000000000, -0.000000000000000000, -0.000000000000000000 ) ) ;
#7778 = VERTEX_POINT ( 'NONE', #4243 ) ;
#7779 = VERTEX_POINT ( 'NONE', #5746 ) ;
#7780 = ORIENTED_EDGE ( 'NONE', *, *, #5429, .F. ) ;
#7781 = ORIENTED_EDGE ( 'NONE', *, *, #7446, .F. ) ;
#7782 = EDGE_LOOP ( 'NONE', ( #4584, #6844, #5453, #1900 ) ) ;
#7783 = DIRECTION ( 'NONE',  ( 0.000000000000000000, 0.3090169943749482839, -0.9510565162951534202 ) ) ;
#7784 = CARTESIAN_POINT ( 'NONE',  ( 15.00000000000000178, -17.80606268964563199, 33.00180498840042276 ) ) ;
#7785 = CYLINDRICAL_SURFACE ( 'NONE', #6939, 37.49900000000000944 ) ;
#7786 = CARTESIAN_POINT ( 'NONE',  ( 15.00000000000000178, 15.17386234660381206, 15.92965478239621469 ) ) ;
#7787 = AXIS2_PLACEMENT_3D ( 'NONE', #1045, #7924, #7189 ) ;
#7788 = CARTESIAN_POINT ( 'NONE',  ( -10.00000000000000000, 0.000000000000000000, 0.000000000000000000 ) ) ;
#7789 = DIRECTION ( 'NONE',  ( 0.000000000000000000, -0.8910065241883627918, -0.4539904997395569630 ) ) ;
#7790 = CIRCLE ( 'NONE', #3852, 21.99999999999999645 ) ;
#7791 = ORIENTED_EDGE ( 'NONE', *, *, #4335, .F. ) ;
#7792 = ORIENTED_EDGE ( 'NONE', *, *, #7701, .T. ) ;
#7793 = CIRCLE ( 'NONE', #4295, 21.99999999999999645 ) ;
#7794 = ORIENTED_EDGE ( 'NONE', *, *, #5825, .T. ) ;
#7795 = CIRCLE ( 'NONE', #6925, 16.00000000000000355 ) ;
#7796 = AXIS2_PLACEMENT_3D ( 'NONE', #5704, #6345, #8477 ) ;
#7797 = CARTESIAN_POINT ( 'NONE',  ( 15.00000000000000178, 16.23288003029544413, -33.80338159004267595 ) ) ;
#7798 = DIRECTION ( 'NONE',  ( 0.000000000000000000, 0.000000000000000000, 1.000000000000000000 ) ) ;
#7799 = AXIS2_PLACEMENT_3D ( 'NONE', #8500, #1503, #7633 ) ;
#7800 = CARTESIAN_POINT ( 'NONE',  ( 15.00000000000000178, -27.05870788708251240, 26.08949754953013311 ) ) ;
#7801 = EDGE_CURVE ( 'NONE', #112, #4059, #3579, .T. ) ;
#7802 = CARTESIAN_POINT ( 'NONE',  ( 0.000000000000000000, -17.67226234102849958, 33.17418723428301064 ) ) ;
#7803 = CIRCLE ( 'NONE', #4302, 17.49900000000000233 ) ;
#7804 = AXIS2_PLACEMENT_3D ( 'NONE', #1089, #947, #1780 ) ;
#7805 = CIRCLE ( 'NONE', #4306, 17.49900000000000233 ) ;
#7806 = ORIENTED_EDGE ( 'NONE', *, *, #6704, .T. ) ;
#7807 = CIRCLE ( 'NONE', #1080, 16.00000000000000000 ) ;
#7808 = ORIENTED_EDGE ( 'NONE', *, *, #1912, .T. ) ;
#7809 = DIRECTION ( 'NONE',  ( -1.000000000000000000, 0.000000000000000000, 0.000000000000000000 ) ) ;
#7810 = CYLINDRICAL_SURFACE ( 'NONE', #4021, 16.00000000000000000 ) ;
#7811 = AXIS2_PLACEMENT_3D ( 'NONE', #7239, #3856, #5829 ) ;
#7812 = AXIS2_PLACEMENT_3D ( 'NONE', #1449, #161, #2087 ) ;
#7813 = DIRECTION ( 'NONE',  ( 0.000000000000000000, 0.000000000000000000, -1.000000000000000000 ) ) ;
#7814 = FACE_OUTER_BOUND ( 'NONE', #803, .T. ) ;
#7815 = VECTOR ( 'NONE', #3907, 1000.000000000000000 ) ;
#7816 = CYLINDRICAL_SURFACE ( 'NONE', #3454, 42.00000000000000000 ) ;
#7817 = AXIS2_PLACEMENT_3D ( 'NONE', #8906, #7538, #5997 ) ;
#7818 = AXIS2_PLACEMENT_3D ( 'NONE', #7260, #1677, #4429 ) ;
#7819 = EDGE_CURVE ( 'NONE', #3639, #4823, #5609, .T. ) ;
#7820 = ORIENTED_EDGE ( 'NONE', *, *, #913, .T. ) ;
#7821 = ORIENTED_EDGE ( 'NONE', *, *, #7676, .F. ) ;
#7822 = DIRECTION ( 'NONE',  ( -1.000000000000000000, -0.000000000000000000, 0.000000000000000000 ) ) ;
#7823 = CYLINDRICAL_SURFACE ( 'NONE', #1014, 16.00000000000000000 ) ;
#7824 = CARTESIAN_POINT ( 'NONE',  ( 15.00000000000000178, 30.00120703465204741, 22.64427369931180323 ) ) ;
#7825 = EDGE_CURVE ( 'NONE', #3576, #4059, #3502, .T. ) ;
#7826 = EDGE_CURVE ( 'NONE', #1728, #7409, #6221, .T. ) ;
#7827 = DIRECTION ( 'NONE',  ( 0.000000000000000000, 0.000000000000000000, 1.000000000000000000 ) ) ;
#7828 = CARTESIAN_POINT ( 'NONE',  ( 0.000000000000000000, 0.000000000000000000, 0.000000000000000000 ) ) ;
#7829 = ORIENTED_EDGE ( 'NONE', *, *, #5831, .T. ) ;
#7830 = VERTEX_POINT ( 'NONE', #4878 ) ;
#7831 = ORIENTED_EDGE ( 'NONE', *, *, #1044, .T. ) ;
#7832 = VERTEX_POINT ( 'NONE', #1532 ) ;
#7833 = ADVANCED_FACE ( 'NONE', ( #8436 ), #4336, .T. ) ;
#7834 = VERTEX_POINT ( 'NONE', #15 ) ;
#7835 = CIRCLE ( 'NONE', #2717, 42.00000000000000000 ) ;
#7836 = EDGE_CURVE ( 'NONE', #4512, #5498, #794, .T. ) ;
#7837 = DIRECTION ( 'NONE',  ( -1.000000000000000000, 0.000000000000000000, 0.000000000000000000 ) ) ;
#7839 = EDGE_CURVE ( 'NONE', #6155, #7974, #7117, .T. ) ;
#7838 = CARTESIAN_POINT ( 'NONE',  ( 0.000000000000000000, -37.22597642581161637, 5.202137450156251397 ) ) ;
#7840 = CARTESIAN_POINT ( 'NONE',  ( 15.00000000000000178, -6.336799421339924798, 16.31134495048480915 ) ) ;
#7841 = FACE_OUTER_BOUND ( 'NONE', #5638, .T. ) ;
#7842 = CARTESIAN_POINT ( 'NONE',  ( 15.00000000000000178, 30.84782396557248774, -21.32104025579081963 ) ) ;
#7843 = CYLINDRICAL_SURFACE ( 'NONE', #2131, 37.49900000000000944 ) ;
#7844 = CIRCLE ( 'NONE', #4057, 16.00000000000000000 ) ;
#7845 = ORIENTED_EDGE ( 'NONE', *, *, #434, .F. ) ;
#7846 = EDGE_CURVE ( 'NONE', #8816, #7167, #2264, .T. ) ;
#7847 = ORIENTED_EDGE ( 'NONE', *, *, #2445, .F. ) ;
#7848 = DIRECTION ( 'NONE',  ( -1.000000000000000000, -0.000000000000000000, -0.000000000000000000 ) ) ;
#7849 = EDGE_CURVE ( 'NONE', #3080, #4500, #343, .T. ) ;
#7850 =( LENGTH_UNIT ( ) NAMED_UNIT ( * ) SI_UNIT ( .MILLI., .METRE. ) );
#7851 = CARTESIAN_POINT ( 'NONE',  ( 15.00000000000000178, 39.04073710021366139, -15.48615015657541605 ) ) ;
#7852 = DIRECTION ( 'NONE',  ( 0.000000000000000000, 0.000000000000000000, 1.000000000000000000 ) ) ;
#7853 = FACE_OUTER_BOUND ( 'NONE', #6822, .T. ) ;
#7854 = CIRCLE ( 'NONE', #5959, 42.00000000000000000 ) ;
#7855 = EDGE_LOOP ( 'NONE', ( #1446, #635, #2321, #5799 ) ) ;
#7856 = VERTEX_POINT ( 'NONE', #8392 ) ;
#7857 = DIRECTION ( 'NONE',  ( 0.000000000000000000, 0.3090169943749481174, -0.9510565162951535312 ) ) ;
#7858 = DIRECTION ( 'NONE',  ( -1.000000000000000000, 0.000000000000000000, -0.000000000000000000 ) ) ;
#7859 = CIRCLE ( 'NONE', #6264, 16.00000000000000000 ) ;
#7860 = CIRCLE ( 'NONE', #5091, 16.00000000000000000 ) ;
#7861 = CARTESIAN_POINT ( 'NONE',  ( 15.00000000000000178, 3.384281271887813691, 18.48663108841358138 ) ) ;
#7862 = DIRECTION ( 'NONE',  ( 0.000000000000000000, 0.000000000000000000, 1.000000000000000000 ) ) ;
#7863 = DIRECTION ( 'NONE',  ( -1.000000000000000000, 0.000000000000000000, 0.000000000000000000 ) ) ;
#7864 = EDGE_CURVE ( 'NONE', #3806, #5823, #6631, .T. ) ;
#7865 = PRODUCT_DEFINITION_CONTEXT ( 'detailed design', #244, 'design' ) ;
#7866 = ORIENTED_EDGE ( 'NONE', *, *, #109, .T. ) ;
#7867 = ORIENTED_EDGE ( 'NONE', *, *, #6891, .F. ) ;
#7868 = EDGE_CURVE ( 'NONE', #2629, #5331, #1068, .T. ) ;
#7869 = CARTESIAN_POINT ( 'NONE',  ( 0.000000000000000000, 0.000000000000000000, 0.000000000000000000 ) ) ;
#7870 = FACE_OUTER_BOUND ( 'NONE', #5833, .T. ) ;
#7871 = ADVANCED_FACE ( 'NONE', ( #3544 ), #6302, .T. ) ;
#7872 = CARTESIAN_POINT ( 'NONE',  ( 15.00000000000000178, -16.94522934049204466, -8.128228055639040051 ) ) ;
#7873 = EDGE_CURVE ( 'NONE', #2042, #2536, #3861, .T. ) ;
#7874 = ADVANCED_FACE ( 'NONE', ( #152 ), #1483, .T. ) ;
#7875 = DIRECTION ( 'NONE',  ( 0.000000000000000000, -0.3090169943749548898, 0.9510565162951511997 ) ) ;
#7876 = DIRECTION ( 'NONE',  ( 0.000000000000000000, 1.000000000000000000, 3.491481338843133355E-15 ) ) ;
#7877 = ORIENTED_EDGE ( 'NONE', *, *, #5554, .F. ) ;
#7878 = ORIENTED_EDGE ( 'NONE', *, *, #7525, .F. ) ;
#7879 = AXIS2_PLACEMENT_3D ( 'NONE', #4083, #6867, #5504 ) ;
#7880 = ORIENTED_EDGE ( 'NONE', *, *, #7447, .F. ) ;
#7881 = ORIENTED_EDGE ( 'NONE', *, *, #3403, .T. ) ;
#7882 = ORIENTED_EDGE ( 'NONE', *, *, #8533, .T. ) ;
#7883 = DIRECTION ( 'NONE',  ( -1.000000000000000000, -0.000000000000000000, 0.000000000000000000 ) ) ;
#7884 = FACE_OUTER_BOUND ( 'NONE', #6774, .T. ) ;
#7885 = CARTESIAN_POINT ( 'NONE',  ( 15.00000000000000178, 32.34446384430010824, -26.79245525562679120 ) ) ;
#7886 = LINE ( 'NONE', #865, #2252 ) ;
#7887 = CARTESIAN_POINT ( 'NONE',  ( 15.00000000000000178, 0.000000000000000000, 0.000000000000000000 ) ) ;
#7888 = SURFACE_SIDE_STYLE ('',( #3674 ) ) ;
#7889 = ORIENTED_EDGE ( 'NONE', *, *, #3150, .F. ) ;
#7890 = VERTEX_POINT ( 'NONE', #6260 ) ;
#7891 = AXIS2_PLACEMENT_3D ( 'NONE', #6, #2158, #5596 ) ;
#7892 = LINE ( 'NONE', #1059, #6640 ) ;
#7893 = CIRCLE ( 'NONE', #3506, 8.000000000000001776 ) ;
#7894 = CARTESIAN_POINT ( 'NONE',  ( 15.00000000000000178, 10.46102064772367868, -19.35373470438970855 ) ) ;
#7895 = LINE ( 'NONE', #296, #1732 ) ;
#7896 = DIRECTION ( 'NONE',  ( 0.000000000000000000, 0.5877852522924742473, -0.8090169943749466741 ) ) ;
#7897 = ADVANCED_FACE ( 'NONE', ( #790 ), #103, .T. ) ;
#7898 = DIRECTION ( 'NONE',  ( 0.000000000000000000, 0.9876883405951382144, -0.1564344650402276493 ) ) ;
#7899 = AXIS2_PLACEMENT_3D ( 'NONE', #4357, #224, #7180 ) ;
#7900 = VERTEX_POINT ( 'NONE', #7293 ) ;
#7901 = EDGE_CURVE ( 'NONE', #847, #8881, #2304, .T. ) ;
#7902 = VERTEX_POINT ( 'NONE', #1015 ) ;
#7903 = CIRCLE ( 'NONE', #4842, 37.49900000000000944 ) ;
#7904 = CARTESIAN_POINT ( 'NONE',  ( 0.000000000000000000, 11.06713717293258981, -13.55483219355716606 ) ) ;
#7905 = FACE_OUTER_BOUND ( 'NONE', #817, .T. ) ;
#7906 = CARTESIAN_POINT ( 'NONE',  ( 15.00000000000000178, 33.00180498840073540, -17.80606268964504579 ) ) ;
#7907 = CARTESIAN_POINT ( 'NONE',  ( 15.00000000000000178, -0.6853352020787812915, -37.58145647212455032 ) ) ;
#7908 = DIRECTION ( 'NONE',  ( -1.000000000000000000, 0.000000000000000000, -0.000000000000000000 ) ) ;
#7909 = CARTESIAN_POINT ( 'NONE',  ( 15.00000000000000178, 0.000000000000000000, 0.000000000000000000 ) ) ;
#7910 = CIRCLE ( 'NONE', #3101, 42.00000000000000000 ) ;
#7911 = ORIENTED_EDGE ( 'NONE', *, *, #8114, .F. ) ;
#7912 = ORIENTED_EDGE ( 'NONE', *, *, #4906, .F. ) ;
#7913 = DIRECTION ( 'NONE',  ( -1.000000000000000000, -0.000000000000000000, -0.000000000000000000 ) ) ;
#7914 = DIRECTION ( 'NONE',  ( 0.000000000000000000, 0.000000000000000000, 1.000000000000000000 ) ) ;
#7915 = CYLINDRICAL_SURFACE ( 'NONE', #7383, 16.00000000000000000 ) ;
#7916 = DIRECTION ( 'NONE',  ( 0.000000000000000000, 0.000000000000000000, 1.000000000000000000 ) ) ;
#7917 = EDGE_CURVE ( 'NONE', #1709, #276, #4011, .T. ) ;
#7918 = CYLINDRICAL_SURFACE ( 'NONE', #5437, 42.00000000000000000 ) ;
#7919 = ORIENTED_EDGE ( 'NONE', *, *, #3246, .T. ) ;
#7920 = ORIENTED_EDGE ( 'NONE', *, *, #2029, .F. ) ;
#7921 = ORIENTED_EDGE ( 'NONE', *, *, #5423, .F. ) ;
#7922 = ORIENTED_EDGE ( 'NONE', *, *, #7216, .F. ) ;
#7923 = ORIENTED_EDGE ( 'NONE', *, *, #8559, .T. ) ;
#7924 = DIRECTION ( 'NONE',  ( -1.000000000000000000, -0.000000000000000000, -0.000000000000000000 ) ) ;
#7925 = CARTESIAN_POINT ( 'NONE',  ( -10.00000000000000000, 0.000000000000000000, 0.000000000000000000 ) ) ;
#7926 = CYLINDRICAL_SURFACE ( 'NONE', #1598, 37.49900000000000944 ) ;
#7927 = DIRECTION ( 'NONE',  ( 1.000000000000000000, 0.000000000000000000, -0.000000000000000000 ) ) ;
#7928 = DIRECTION ( 'NONE',  ( -1.000000000000000000, 0.000000000000000000, -0.000000000000000000 ) ) ;
#7929 = DIRECTION ( 'NONE',  ( -1.000000000000000000, 0.000000000000000000, 0.000000000000000000 ) ) ;
#7930 = AXIS2_PLACEMENT_3D ( 'NONE', #750, #3560, #72 ) ;
#7931 = EDGE_CURVE ( 'NONE', #2523, #3301, #8243, .T. ) ;
#7932 = VERTEX_POINT ( 'NONE', #5110 ) ;
#7933 = ORIENTED_EDGE ( 'NONE', *, *, #6982, .F. ) ;
#7934 = ORIENTED_EDGE ( 'NONE', *, *, #3016, .T. ) ;
#7935 = AXIS2_PLACEMENT_3D ( 'NONE', #5057, #2427, #862 ) ;
#7936 = DIRECTION ( 'NONE',  ( -1.000000000000000000, 0.000000000000000000, 0.000000000000000000 ) ) ;
#7937 = DIRECTION ( 'NONE',  ( -1.000000000000000000, -0.000000000000000000, 0.000000000000000000 ) ) ;
#7938 = FACE_OUTER_BOUND ( 'NONE', #828, .T. ) ;
#7939 = CARTESIAN_POINT ( 'NONE',  ( -10.00000000000000000, 0.000000000000000000, 0.000000000000000000 ) ) ;
#7940 = EDGE_CURVE ( 'NONE', #426, #7959, #5038, .T. ) ;
#7941 = FACE_OUTER_BOUND ( 'NONE', #1041, .T. ) ;
#7942 = CARTESIAN_POINT ( 'NONE',  ( 0.000000000000000000, 0.000000000000000000, 0.000000000000000000 ) ) ;
#7943 = AXIS2_PLACEMENT_3D ( 'NONE', #7190, #3039, #3172 ) ;
#7944 = EDGE_CURVE ( 'NONE', #6426, #6373, #4558, .T. ) ;
#7945 = AXIS2_PLACEMENT_3D ( 'NONE', #8234, #1100, #587 ) ;
#7946 = ORIENTED_EDGE ( 'NONE', *, *, #6370, .T. ) ;
#7947 = AXIS2_PLACEMENT_3D ( 'NONE', #1661, #4460, #5104 ) ;
#7948 = EDGE_CURVE ( 'NONE', #4841, #634, #7892, .T. ) ;
#7949 = DIRECTION ( 'NONE',  ( -1.000000000000000000, 0.000000000000000000, -0.000000000000000000 ) ) ;
#7950 = CARTESIAN_POINT ( 'NONE',  ( 0.000000000000000000, -38.55633173626998200, -16.65560815589453370 ) ) ;
#7951 = DIRECTION ( 'NONE',  ( 0.000000000000000000, 0.000000000000000000, 1.000000000000000000 ) ) ;
#7952 = EDGE_CURVE ( 'NONE', #2671, #5752, #8091, .T. ) ;
#7953 = AXIS2_PLACEMENT_3D ( 'NONE', #6261, #3413, #9023 ) ;
#7954 = DIRECTION ( 'NONE',  ( 0.000000000000000000, 0.9876883405951382144, -0.1564344650402276493 ) ) ;
#7955 = AXIS2_PLACEMENT_3D ( 'NONE', #2704, #6239, #551 ) ;
#7956 = CARTESIAN_POINT ( 'NONE',  ( 0.000000000000000000, -35.92658777277518567, 10.74501242461270145 ) ) ;
#7957 = DIRECTION ( 'NONE',  ( -1.000000000000000000, -0.000000000000000000, 0.000000000000000000 ) ) ;
#7958 = CIRCLE ( 'NONE', #5185, 8.000000000000001776 ) ;
#7959 = VERTEX_POINT ( 'NONE', #7336 ) ;
#7960 = AXIS2_PLACEMENT_3D ( 'NONE', #183, #2989, #5101 ) ;
#7961 = VERTEX_POINT ( 'NONE', #3002 ) ;
#7962 = AXIS2_PLACEMENT_3D ( 'NONE', #8590, #5084, #6366 ) ;
#7963 = AXIS2_PLACEMENT_3D ( 'NONE', #7039, #2914, #1542 ) ;
#7964 = DIRECTION ( 'NONE',  ( 0.000000000000000000, 0.000000000000000000, 1.000000000000000000 ) ) ;
#7965 = DIRECTION ( 'NONE',  ( 0.000000000000000000, 0.000000000000000000, 1.000000000000000000 ) ) ;
#7966 = AXIS2_PLACEMENT_3D ( 'NONE', #2118, #7064, #2161 ) ;
#7967 = EDGE_CURVE ( 'NONE', #5128, #912, #7201, .T. ) ;
#7968 = LINE ( 'NONE', #8687, #4153 ) ;
#7969 = FACE_OUTER_BOUND ( 'NONE', #2771, .T. ) ;
#7970 = DIRECTION ( 'NONE',  ( 0.000000000000000000, 0.000000000000000000, -1.000000000000000000 ) ) ;
#7971 = CIRCLE ( 'NONE', #5782, 37.49900000000001654 ) ;
#7972 = ORIENTED_EDGE ( 'NONE', *, *, #8941, .F. ) ;
#7973 = ORIENTED_EDGE ( 'NONE', *, *, #2696, .T. ) ;
#7974 = VERTEX_POINT ( 'NONE', #1799 ) ;
#7975 = ORIENTED_EDGE ( 'NONE', *, *, #8258, .F. ) ;
#7976 = ORIENTED_EDGE ( 'NONE', *, *, #8494, .T. ) ;
#7977 = AXIS2_PLACEMENT_3D ( 'NONE', #172, #2970, #5770 ) ;
#7978 = DIRECTION ( 'NONE',  ( 0.000000000000000000, 0.8910065241883657894, 0.4539904997395509678 ) ) ;
#7979 = DIRECTION ( 'NONE',  ( -1.000000000000000000, -0.000000000000000000, 0.000000000000000000 ) ) ;
#7980 = DIRECTION ( 'NONE',  ( 1.000000000000000000, -0.000000000000000000, 0.000000000000000000 ) ) ;
#7981 = DIRECTION ( 'NONE',  ( 0.000000000000000000, 0.9510565162951523099, 0.3090169943749517256 ) ) ;
#7982 = DIRECTION ( 'NONE',  ( 1.000000000000000000, -0.000000000000000000, -0.000000000000000000 ) ) ;
#7983 = DIRECTION ( 'NONE',  ( -1.000000000000000000, 0.000000000000000000, 0.000000000000000000 ) ) ;
#7984 = VERTEX_POINT ( 'NONE', #5931 ) ;
#7985 = AXIS2_PLACEMENT_3D ( 'NONE', #266, #3199, #6679 ) ;
#7986 = ORIENTED_EDGE ( 'NONE', *, *, #7583, .T. ) ;
#7987 = ORIENTED_EDGE ( 'NONE', *, *, #5602, .F. ) ;
#7988 = CIRCLE ( 'NONE', #4040, 16.00000000000000000 ) ;
#7989 = CARTESIAN_POINT ( 'NONE',  ( 15.00000000000000178, -18.62763138773848581, -2.494040418455554242 ) ) ;
#7990 = FACE_OUTER_BOUND ( 'NONE', #8443, .T. ) ;
#7991 = EDGE_CURVE ( 'NONE', #3166, #3011, #2690, .T. ) ;
#7992 = LINE ( 'NONE', #336, #4790 ) ;
#7993 = DIRECTION ( 'NONE',  ( -1.000000000000000000, -0.000000000000000000, 0.000000000000000000 ) ) ;
#7994 = ADVANCED_FACE ( 'NONE', ( #7247 ), #5793, .T. ) ;
#7995 = ORIENTED_EDGE ( 'NONE', *, *, #7901, .F. ) ;
#7996 = AXIS2_PLACEMENT_3D ( 'NONE', #1154, #4003, #7563 ) ;
#7997 = AXIS2_PLACEMENT_3D ( 'NONE', #253, #7993, #4519 ) ;
#7998 = DIRECTION ( 'NONE',  ( -1.000000000000000000, 0.000000000000000000, 0.000000000000000000 ) ) ;
#7999 = CARTESIAN_POINT ( 'NONE',  ( 0.000000000000000000, -3.968388925834964720, 21.63912866391135026 ) ) ;
#8000 = CARTESIAN_POINT ( 'NONE',  ( 0.000000000000000000, 16.31134495048491218, -6.336799421339638805 ) ) ;
#8001 = DIRECTION ( 'NONE',  ( 1.000000000000000000, -0.000000000000000000, 0.000000000000000000 ) ) ;
#8002 = DIRECTION ( 'NONE',  ( 0.000000000000000000, 0.000000000000000000, 1.000000000000000000 ) ) ;
#8003 = CYLINDRICAL_SURFACE ( 'NONE', #6236, 16.00000000000000000 ) ;
#8004 = AXIS2_PLACEMENT_3D ( 'NONE', #3045, #7151, #6562 ) ;
#8005 = ORIENTED_EDGE ( 'NONE', *, *, #1097, .F. ) ;
#8006 = AXIS2_PLACEMENT_3D ( 'NONE', #2216, #3683, #7852 ) ;
#8007 = DIRECTION ( 'NONE',  ( -1.000000000000000000, -0.000000000000000000, -0.000000000000000000 ) ) ;
#8008 = DIRECTION ( 'NONE',  ( -1.000000000000000000, 0.000000000000000000, 0.000000000000000000 ) ) ;
#8009 = CARTESIAN_POINT ( 'NONE',  ( 0.000000000000000000, 0.000000000000000000, 0.000000000000000000 ) ) ;
#8010 = AXIS2_PLACEMENT_3D ( 'NONE', #5303, #443, #8853 ) ;
#8011 = CYLINDRICAL_SURFACE ( 'NONE', #4311, 37.49900000000000944 ) ;
#8012 = DIRECTION ( 'NONE',  ( 0.000000000000000000, 0.5877852522924686962, 0.8090169943749506709 ) ) ;
#8013 = EDGE_CURVE ( 'NONE', #7026, #4721, #5152, .T. ) ;
#8014 = VERTEX_POINT ( 'NONE', #2481 ) ;
#8015 = ORIENTED_EDGE ( 'NONE', *, *, #8919, .T. ) ;
#8016 = ORIENTED_EDGE ( 'NONE', *, *, #2301, .F. ) ;
#8017 = EDGE_LOOP ( 'NONE', ( #7332, #4927, #4367, #3710 ) ) ;
#8018 = EDGE_CURVE ( 'NONE', #7974, #4736, #4449, .T. ) ;
#8019 = ORIENTED_EDGE ( 'NONE', *, *, #8144, .T. ) ;
#8020 = CARTESIAN_POINT ( 'NONE',  ( 15.00000000000000178, 18.48663108841357072, -3.384281271887880749 ) ) ;
#8021 = CARTESIAN_POINT ( 'NONE',  ( 0.000000000000000000, -16.94522934049204466, -8.128228055639040051 ) ) ;
#8022 = CARTESIAN_POINT ( 'NONE',  ( 15.00000000000000178, 0.000000000000000000, 0.000000000000000000 ) ) ;
#8023 = DIRECTION ( 'NONE',  ( -1.000000000000000000, 0.000000000000000000, 0.000000000000000000 ) ) ;
#8024 = CYLINDRICAL_SURFACE ( 'NONE', #1825, 21.99999999999999289 ) ;
#8025 = DIRECTION ( 'NONE',  ( 0.000000000000000000, 0.000000000000000000, 1.000000000000000000 ) ) ;
#8026 = ORIENTED_EDGE ( 'NONE', *, *, #5975, .T. ) ;
#8027 = ORIENTED_EDGE ( 'NONE', *, *, #7727, .F. ) ;
#8028 = ORIENTED_EDGE ( 'NONE', *, *, #702, .F. ) ;
#8029 = CIRCLE ( 'NONE', #545, 17.49900000000000588 ) ;
#8030 = DIRECTION ( 'NONE',  ( 0.000000000000000000, 0.000000000000000000, 1.000000000000000000 ) ) ;
#8031 = CARTESIAN_POINT ( 'NONE',  ( 7.500000000000002665, 21.63912866391141776, -3.968388925834585912 ) ) ;
#8032 = LINE ( 'NONE', #1760, #6987 ) ;
#8033 = EDGE_CURVE ( 'NONE', #2199, #341, #1808, .T. ) ;
#8034 = CYLINDRICAL_SURFACE ( 'NONE', #1374, 37.49900000000000944 ) ;
#8035 = CARTESIAN_POINT ( 'NONE',  ( 15.00000000000000178, 0.000000000000000000, 0.000000000000000000 ) ) ;
#8036 = EDGE_CURVE ( 'NONE', #2623, #5892, #3869, .T. ) ;
#8037 = EDGE_LOOP ( 'NONE', ( #6142, #5403, #4747, #3466 ) ) ;
#8038 = CIRCLE ( 'NONE', #8754, 16.00000000000000000 ) ;
#8039 = DIRECTION ( 'NONE',  ( 0.000000000000000000, 0.000000000000000000, 1.000000000000000000 ) ) ;
#8040 = CYLINDRICAL_SURFACE ( 'NONE', #1830, 16.00000000000000000 ) ;
#8041 = AXIS2_PLACEMENT_3D ( 'NONE', #8550, #7095, #1639 ) ;
#8042 = DIRECTION ( 'NONE',  ( 0.000000000000000000, 0.3090169943749482839, -0.9510565162951533091 ) ) ;
#8043 = CARTESIAN_POINT ( 'NONE',  ( 15.00000000000000178, 0.000000000000000000, 0.000000000000000000 ) ) ;
#8044 = CYLINDRICAL_SURFACE ( 'NONE', #3776, 8.000000000000000000 ) ;
#8045 = CARTESIAN_POINT ( 'NONE',  ( 15.00000000000000178, 17.67226234102826865, 33.17418723428314564 ) ) ;
#8046 = AXIS2_PLACEMENT_3D ( 'NONE', #935, #3602, #1496 ) ;
#8047 = AXIS2_PLACEMENT_3D ( 'NONE', #4176, #4951, #6240 ) ;
#8048 = EDGE_LOOP ( 'NONE', ( #3605, #4261, #7034, #7103 ) ) ;
#8049 = DIRECTION ( 'NONE',  ( 0.000000000000000000, 0.000000000000000000, 1.000000000000000000 ) ) ;
#8050 = DIRECTION ( 'NONE',  ( 0.000000000000000000, -0.5877852522924802425, 0.8090169943749422332 ) ) ;
#8051 = CARTESIAN_POINT ( 'NONE',  ( 15.00000000000000178, 21.80633394113447210, -2.912696353505891622 ) ) ;
#8052 = DIRECTION ( 'NONE',  ( -1.000000000000000000, 0.000000000000000000, 0.000000000000000000 ) ) ;
#8053 = DIRECTION ( 'NONE',  ( -1.000000000000000000, 0.000000000000000000, 0.000000000000000000 ) ) ;
#8054 = EDGE_LOOP ( 'NONE', ( #6917, #4776, #8452, #8953 ) ) ;
#8055 = EDGE_CURVE ( 'NONE', #5380, #4632, #8657, .T. ) ;
#8056 = ORIENTED_EDGE ( 'NONE', *, *, #4424, .F. ) ;
#8057 = ORIENTED_EDGE ( 'NONE', *, *, #1454, .T. ) ;
#8058 = ORIENTED_EDGE ( 'NONE', *, *, #2232, .T. ) ;
#8059 = EDGE_LOOP ( 'NONE', ( #6728, #8386, #3864, #7882 ) ) ;
#8060 = EDGE_CURVE ( 'NONE', #6155, #1776, #6926, .T. ) ;
#8061 = CARTESIAN_POINT ( 'NONE',  ( 0.000000000000000000, 11.06713717293239441, 13.55483219355732061 ) ) ;
#8062 = DIRECTION ( 'NONE',  ( 0.000000000000000000, -0.8910065241883722287, 0.4539904997395382003 ) ) ;
#8063 = DIRECTION ( 'NONE',  ( 0.000000000000000000, 0.000000000000000000, 1.000000000000000000 ) ) ;
#8064 = DIRECTION ( 'NONE',  ( 0.000000000000000000, -1.000000000000000000, -1.047444401652940007E-14 ) ) ;
#8065 = ADVANCED_FACE ( 'NONE', ( #2393 ), #5205, .T. ) ;
#8066 = CARTESIAN_POINT ( 'NONE',  ( 7.500000000000002665, 3.925862922256167842, 41.81611651403863306 ) ) ;
#8067 = FACE_OUTER_BOUND ( 'NONE', #7656, .T. ) ;
#8068 = ORIENTED_EDGE ( 'NONE', *, *, #7525, .T. ) ;
#8069 = EDGE_LOOP ( 'NONE', ( #7598, #1202, #3057, #2792 ) ) ;
#8070 = ORIENTED_EDGE ( 'NONE', *, *, #456, .F. ) ;
#8071 = VERTEX_POINT ( 'NONE', #8166 ) ;
#8072 = CARTESIAN_POINT ( 'NONE',  ( 15.00000000000000178, 0.000000000000000000, 0.000000000000000000 ) ) ;
#8073 = DIRECTION ( 'NONE',  ( 0.000000000000000000, 0.000000000000000000, 1.000000000000000000 ) ) ;
#8074 = CIRCLE ( 'NONE', #6032, 16.00000000000000355 ) ;
#8075 = DIRECTION ( 'NONE',  ( -1.000000000000000000, 0.000000000000000000, -0.000000000000000000 ) ) ;
#8076 = DIRECTION ( 'NONE',  ( 0.000000000000000000, 0.000000000000000000, -1.000000000000000000 ) ) ;
#8077 = ORIENTED_EDGE ( 'NONE', *, *, #9044, .F. ) ;
#8078 = CIRCLE ( 'NONE', #5314, 37.49900000000000944 ) ;
#8079 = LINE ( 'NONE', #6669, #5408 ) ;
#8080 = DIRECTION ( 'NONE',  ( 0.000000000000000000, -0.7071067811865389130, -0.7071067811865563435 ) ) ;
#8081 = LINE ( 'NONE', #7439, #4737 ) ;
#8082 = CARTESIAN_POINT ( 'NONE',  ( 15.00000000000000178, 8.128228055638853533, 16.94522934049213703 ) ) ;
#8083 = CARTESIAN_POINT ( 'NONE',  ( 0.000000000000000000, -27.13269053701078448, -25.88420570971430124 ) ) ;
#8084 = CARTESIAN_POINT ( 'NONE',  ( 0.000000000000000000, 35.92658777277510751, 10.74501242461295902 ) ) ;
#8085 = CIRCLE ( 'NONE', #2960, 16.00000000000000000 ) ;
#8086 = ORIENTED_EDGE ( 'NONE', *, *, #4402, .T. ) ;
#8087 = ADVANCED_FACE ( 'NONE', ( #8841 ), #4002, .T. ) ;
#8088 = CARTESIAN_POINT ( 'NONE',  ( 15.00000000000000000, 0.000000000000000000, 0.000000000000000000 ) ) ;
#8089 = AXIS2_PLACEMENT_3D ( 'NONE', #5804, #931, #6184 ) ;
#8090 = DIRECTION ( 'NONE',  ( 0.000000000000000000, 0.000000000000000000, 1.000000000000000000 ) ) ;
#8091 = CIRCLE ( 'NONE', #7513, 42.00000000000000000 ) ;
#8092 = DIRECTION ( 'NONE',  ( 1.000000000000000000, 0.000000000000000000, -0.000000000000000000 ) ) ;
#8093 = AXIS2_PLACEMENT_3D ( 'NONE', #3390, #6104, #6693 ) ;
#8094 = DIRECTION ( 'NONE',  ( 0.000000000000000000, 0.4539904997395479702, -0.8910065241883673437 ) ) ;
#8095 = ORIENTED_EDGE ( 'NONE', *, *, #789, .T. ) ;
#8096 = ADVANCED_FACE ( 'NONE', ( #429 ), #2663, .T. ) ;
#8097 = VECTOR ( 'NONE', #8241, 1000.000000000000000 ) ;
#8098 = ORIENTED_EDGE ( 'NONE', *, *, #6124, .F. ) ;
#8099 = CIRCLE ( 'NONE', #4158, 17.49900000000000233 ) ;
#8100 = ORIENTED_EDGE ( 'NONE', *, *, #6638, .F. ) ;
#8101 = ORIENTED_EDGE ( 'NONE', *, *, #6877, .T. ) ;
#8102 = ORIENTED_EDGE ( 'NONE', *, *, #2281, .F. ) ;
#8103 = CARTESIAN_POINT ( 'NONE',  ( 0.000000000000000000, -37.58145647212454321, 0.6853352020789114096 ) ) ;
#8104 = LINE ( 'NONE', #3989, #38 ) ;
#8105 = ADVANCED_FACE ( 'NONE', ( #5514 ), #1851, .T. ) ;
#8106 = DIRECTION ( 'NONE',  ( 0.000000000000000000, 0.000000000000000000, 1.000000000000000000 ) ) ;
#8108 = CARTESIAN_POINT ( 'NONE',  ( 0.000000000000000000, -22.74946021919153338, 29.81001611431001663 ) ) ;
#8107 = VECTOR ( 'NONE', #8175, 1000.000000000000000 ) ;
#8109 = DIRECTION ( 'NONE',  ( 0.000000000000000000, 0.3090169943749411230, 0.9510565162951557516 ) ) ;
#8110 = CARTESIAN_POINT ( 'NONE',  ( 15.00000000000000178, 25.88420570971439361, -27.13269053701069211 ) ) ;
#8111 = DIRECTION ( 'NONE',  ( 0.000000000000000000, 0.000000000000000000, 1.000000000000000000 ) ) ;
#8112 = AXIS2_PLACEMENT_3D ( 'NONE', #1050, #3949, #3769 ) ;
#8113 = CIRCLE ( 'NONE', #218, 17.49900000000000233 ) ;
#8114 = EDGE_CURVE ( 'NONE', #7501, #1931, #3425, .T. ) ;
#8115 = ORIENTED_EDGE ( 'NONE', *, *, #4848, .F. ) ;
#8116 = ORIENTED_EDGE ( 'NONE', *, *, #8843, .T. ) ;
#8117 = VERTEX_POINT ( 'NONE', #6796 ) ;
#8118 = AXIS2_PLACEMENT_3D ( 'NONE', #1266, #578, #8814 ) ;
#8119 = CIRCLE ( 'NONE', #5204, 16.00000000000000000 ) ;
#8121 = EDGE_CURVE ( 'NONE', #3617, #584, #780, .T. ) ;
#8120 = ORIENTED_EDGE ( 'NONE', *, *, #4698, .F. ) ;
#8122 = EDGE_CURVE ( 'NONE', #7834, #5929, #633, .T. ) ;
#8123 = CARTESIAN_POINT ( 'NONE',  ( -10.00000000000000000, 0.000000000000000000, 0.000000000000000000 ) ) ;
#8124 = DIRECTION ( 'NONE',  ( 0.000000000000000000, -0.9510565162951565288, 0.3090169943749384029 ) ) ;
#8125 = CARTESIAN_POINT ( 'NONE',  ( 0.000000000000000000, 19.35373470438981869, 10.46102064772346729 ) ) ;
#8126 = CARTESIAN_POINT ( 'NONE',  ( 0.000000000000000000, 0.000000000000000000, 0.000000000000000000 ) ) ;
#8127 = EDGE_CURVE ( 'NONE', #8612, #5171, #7805, .T. ) ;
#8128 = ORIENTED_EDGE ( 'NONE', *, *, #3086, .F. ) ;
#8129 = VERTEX_POINT ( 'NONE', #6158 ) ;
#8130 = ADVANCED_FACE ( 'NONE', ( #2711 ), #6070, .T. ) ;
#8131 = ORIENTED_EDGE ( 'NONE', *, *, #4023, .F. ) ;
#8132 = DIRECTION ( 'NONE',  ( -1.000000000000000000, -0.000000000000000000, 0.000000000000000000 ) ) ;
#8133 = AXIS2_PLACEMENT_3D ( 'NONE', #7619, #3334, #1907 ) ;
#8134 = CARTESIAN_POINT ( 'NONE',  ( 0.000000000000000000, 0.8828120875905738352, -37.48860685352291000 ) ) ;
#8135 = CARTESIAN_POINT ( 'NONE',  ( 0.000000000000000000, 16.65560815589411803, 38.55633173627015253 ) ) ;
#8136 = DIRECTION ( 'NONE',  ( -1.000000000000000000, 0.000000000000000000, -0.000000000000000000 ) ) ;
#8137 = DIRECTION ( 'NONE',  ( -1.000000000000000000, 0.000000000000000000, 0.000000000000000000 ) ) ;
#8138 = AXIS2_PLACEMENT_3D ( 'NONE', #2082, #8396, #2262 ) ;
#8139 = EDGE_CURVE ( 'NONE', #8203, #6466, #5913, .T. ) ;
#8140 = ORIENTED_EDGE ( 'NONE', *, *, #3364, .T. ) ;
#8141 = CARTESIAN_POINT ( 'NONE',  ( 0.000000000000000000, 4.460989585140963776, 16.92083251265327348 ) ) ;
#8142 = LINE ( 'NONE', #3159, #4393 ) ;
#8143 = CARTESIAN_POINT ( 'NONE',  ( 15.00000000000000178, 4.992566952384994039, 37.16516213103280108 ) ) ;
#8144 = EDGE_CURVE ( 'NONE', #4634, #8484, #598, .T. ) ;
#8145 = AXIS2_PLACEMENT_3D ( 'NONE', #6800, #3323, #2627 ) ;
#8146 = VERTEX_POINT ( 'NONE', #3319 ) ;
#8147 = ADVANCED_FACE ( 'NONE', ( #5388 ), #7562, .T. ) ;
#8148 = EDGE_LOOP ( 'NONE', ( #687, #7051, #769, #8940 ) ) ;
#8149 = VERTEX_POINT ( 'NONE', #557 ) ;
#8150 = ORIENTED_EDGE ( 'NONE', *, *, #7642, .T. ) ;
#8151 = ORIENTED_EDGE ( 'NONE', *, *, #3394, .F. ) ;
#8152 = CARTESIAN_POINT ( 'NONE',  ( 0.000000000000000000, 8.128228055638853533, 16.94522934049213703 ) ) ;
#8153 = CYLINDRICAL_SURFACE ( 'NONE', #8093, 16.00000000000000000 ) ;
#8154 = EDGE_CURVE ( 'NONE', #6110, #565, #7958, .T. ) ;
#8155 = AXIS2_PLACEMENT_3D ( 'NONE', #5637, #7733, #1465 ) ;
#8156 = VECTOR ( 'NONE', #2317, 1000.000000000000000 ) ;
#8157 = CYLINDRICAL_SURFACE ( 'NONE', #5125, 42.00000000000000000 ) ;
#8158 = CARTESIAN_POINT ( 'NONE',  ( 7.500000000000002665, 9.188173127307289079, 40.98264845739753071 ) ) ;
#8159 = DIRECTION ( 'NONE',  ( 0.000000000000000000, 0.000000000000000000, -1.000000000000000000 ) ) ;
#8160 = CARTESIAN_POINT ( 'NONE',  ( 0.000000000000000000, 37.58145647212453611, 16.68533520207918386 ) ) ;
#8161 = DIRECTION ( 'NONE',  ( 1.000000000000000000, -0.000000000000000000, -0.000000000000000000 ) ) ;
#8162 = ORIENTED_EDGE ( 'NONE', *, *, #5391, .T. ) ;
#8163 = VERTEX_POINT ( 'NONE', #7387 ) ;
#8164 = ORIENTED_EDGE ( 'NONE', *, *, #850, .F. ) ;
#8165 = ORIENTED_EDGE ( 'NONE', *, *, #6891, .T. ) ;
#8166 = CARTESIAN_POINT ( 'NONE',  ( 0.000000000000000000, -16.92083251265322374, -4.460989585141140523 ) ) ;
#8167 = DIRECTION ( 'NONE',  ( 0.000000000000000000, 0.000000000000000000, -1.000000000000000000 ) ) ;
#8168 = CARTESIAN_POINT ( 'NONE',  ( 0.000000000000000000, 21.40280677340420468, -36.13751322684397138 ) ) ;
#8169 = CARTESIAN_POINT ( 'NONE',  ( 7.500000000000002665, -32.34446384429951848, -26.79245525562749819 ) ) ;
#8170 = ORIENTED_EDGE ( 'NONE', *, *, #8324, .T. ) ;
#8171 = AXIS2_PLACEMENT_3D ( 'NONE', #2905, #1533, #7798 ) ;
#8172 = EDGE_LOOP ( 'NONE', ( #6763, #4818, #6964, #4047 ) ) ;
#8173 = CIRCLE ( 'NONE', #1444, 8.000000000000003553 ) ;
#8174 = ORIENTED_EDGE ( 'NONE', *, *, #4424, .T. ) ;
#8175 = DIRECTION ( 'NONE',  ( -1.000000000000000000, 0.000000000000000000, 0.000000000000000000 ) ) ;
#8176 = EDGE_CURVE ( 'NONE', #6639, #7900, #4695, .T. ) ;
#8177 =( NAMED_UNIT ( * ) PLANE_ANGLE_UNIT ( ) SI_UNIT ( $, .RADIAN. ) );
#8178 = CARTESIAN_POINT ( 'NONE',  ( 15.00000000000000178, 2.663952781846143925, 41.91543099594819211 ) ) ;
#8179 = FACE_OUTER_BOUND ( 'NONE', #1214, .T. ) ;
#8180 = CARTESIAN_POINT ( 'NONE',  ( 15.00000000000000178, 19.35373470438996790, -10.46102064772318663 ) ) ;
#8181 = ORIENTED_EDGE ( 'NONE', *, *, #4421, .T. ) ;
#8182 = CARTESIAN_POINT ( 'NONE',  ( 15.00000000000000178, 9.508666619816910526, -19.83898331853674790 ) ) ;
#8183 = CARTESIAN_POINT ( 'NONE',  ( 0.000000000000000000, -16.94522934049216190, 8.128228055638793137 ) ) ;
#8184 = AXIS2_PLACEMENT_3D ( 'NONE', #4419, #971, #430 ) ;
#8185 = DIRECTION ( 'NONE',  ( -1.000000000000000000, -0.000000000000000000, 0.000000000000000000 ) ) ;
#8186 = AXIS2_PLACEMENT_3D ( 'NONE', #3608, #2879, #7914 ) ;
#8187 = ORIENTED_EDGE ( 'NONE', *, *, #3123, .T. ) ;
#8188 = ORIENTED_EDGE ( 'NONE', *, *, #4798, .T. ) ;
#8189 = ORIENTED_EDGE ( 'NONE', *, *, #263, .F. ) ;
#8190 = AXIS2_PLACEMENT_3D ( 'NONE', #24, #2817, #8446 ) ;
#8191 = ORIENTED_EDGE ( 'NONE', *, *, #944, .F. ) ;
#8192 = ORIENTED_EDGE ( 'NONE', *, *, #397, .F. ) ;
#8193 = DIRECTION ( 'NONE',  ( -1.000000000000000000, 0.000000000000000000, -0.000000000000000000 ) ) ;
#8194 = CIRCLE ( 'NONE', #2926, 42.00000000000000000 ) ;
#8195 = DIRECTION ( 'NONE',  ( -1.000000000000000000, -0.000000000000000000, -0.000000000000000000 ) ) ;
#8196 = DIRECTION ( 'NONE',  ( 0.000000000000000000, 0.000000000000000000, -1.000000000000000000 ) ) ;
#8197 = CARTESIAN_POINT ( 'NONE',  ( 15.00000000000000178, 0.000000000000000000, 0.000000000000000000 ) ) ;
#8198 = DIRECTION ( 'NONE',  ( -1.000000000000000000, 0.000000000000000000, -0.000000000000000000 ) ) ;
#8199 = DIRECTION ( 'NONE',  ( 0.000000000000000000, 0.8910065241883688980, -0.4539904997395446395 ) ) ;
#8200 = CARTESIAN_POINT ( 'NONE',  ( 15.00000000000000178, 6.736453364084083795, -36.88895765772626589 ) ) ;
#8201 = ORIENTED_EDGE ( 'NONE', *, *, #2505, .F. ) ;
#8202 = CIRCLE ( 'NONE', #7471, 21.99999999999999289 ) ;
#8203 = VERTEX_POINT ( 'NONE', #6702 ) ;
#8204 = ORIENTED_EDGE ( 'NONE', *, *, #2109, .T. ) ;
#8205 = ORIENTED_EDGE ( 'NONE', *, *, #8994, .T. ) ;
#8206 = DIRECTION ( 'NONE',  ( -1.000000000000000000, 0.000000000000000000, 0.000000000000000000 ) ) ;
#8207 = CARTESIAN_POINT ( 'NONE',  ( 15.00000000000000178, 37.22597642581158084, 10.79786254984348304 ) ) ;
#8208 = ADVANCED_FACE ( 'NONE', ( #7476 ), #1195, .T. ) ;
#8209 = DIRECTION ( 'NONE',  ( 0.000000000000000000, 0.000000000000000000, 1.000000000000000000 ) ) ;
#8210 = FACE_OUTER_BOUND ( 'NONE', #8459, .T. ) ;
#8211 = ORIENTED_EDGE ( 'NONE', *, *, #700, .T. ) ;
#8212 = EDGE_LOOP ( 'NONE', ( #4117, #5019, #980, #2022 ) ) ;
#8213 = ORIENTED_EDGE ( 'NONE', *, *, #2743, .T. ) ;
#8214 = DIRECTION ( 'NONE',  ( -1.000000000000000000, -0.000000000000000000, 0.000000000000000000 ) ) ;
#8215 = CARTESIAN_POINT ( 'NONE',  ( 15.00000000000000178, -22.64427369931148348, -30.00120703465229255 ) ) ;
#8216 = CARTESIAN_POINT ( 'NONE',  ( 15.00000000000000178, 0.6853352020790518528, 37.58145647212453611 ) ) ;
#8217 = EDGE_CURVE ( 'NONE', #287, #5157, #8883, .T. ) ;
#8218 = CARTESIAN_POINT ( 'NONE',  ( 0.000000000000000000, 0.000000000000000000, 0.000000000000000000 ) ) ;
#8219 = CARTESIAN_POINT ( 'NONE',  ( 15.00000000000000178, 0.000000000000000000, 0.000000000000000000 ) ) ;
#8220 = ADVANCED_FACE ( 'NONE', ( #2068 ), #7104, .T. ) ;
#8221 = ORIENTED_EDGE ( 'NONE', *, *, #1630, .T. ) ;
#8222 = DIRECTION ( 'NONE',  ( 0.000000000000000000, -0.5877852522924802425, 0.8090169943749421222 ) ) ;
#8223 = EDGE_CURVE ( 'NONE', #1785, #8968, #353, .T. ) ;
#8224 = LINE ( 'NONE', #6177, #8250 ) ;
#8225 = CIRCLE ( 'NONE', #616, 15.99999999999999822 ) ;
#8226 = DIRECTION ( 'NONE',  ( 0.000000000000000000, 0.000000000000000000, 1.000000000000000000 ) ) ;
#8227 = AXIS2_PLACEMENT_3D ( 'NONE', #5099, #5238, #372 ) ;
#8228 = CIRCLE ( 'NONE', #5470, 15.99999999999999822 ) ;
#8229 = EDGE_LOOP ( 'NONE', ( #4131, #3543, #6376, #1225 ) ) ;
#8230 = ORIENTED_EDGE ( 'NONE', *, *, #6056, .F. ) ;
#8231 = EDGE_CURVE ( 'NONE', #5066, #8612, #2096, .T. ) ;
#8232 = EDGE_LOOP ( 'NONE', ( #6375, #1596, #3596, #5359 ) ) ;
#8233 = DIRECTION ( 'NONE',  ( 0.000000000000000000, 0.3090169943749482839, -0.9510565162951533091 ) ) ;
#8234 = CARTESIAN_POINT ( 'NONE',  ( 0.000000000000000000, 16.94522934049221874, -8.128228055638668792 ) ) ;
#8235 = CARTESIAN_POINT ( 'NONE',  ( 0.000000000000000000, -18.62763138773852489, 2.494040418455285568 ) ) ;
#8236 = AXIS2_PLACEMENT_3D ( 'NONE', #8456, #1460, #7048 ) ;
#8237 = CARTESIAN_POINT ( 'NONE',  ( 15.00000000000000178, -37.58145647212454321, 16.68533520207891030 ) ) ;
#8238 = DIRECTION ( 'NONE',  ( 0.000000000000000000, 0.000000000000000000, 1.000000000000000000 ) ) ;
#8239 = VECTOR ( 'NONE', #8896, 1000.000000000000000 ) ;
#8240 = CIRCLE ( 'NONE', #630, 17.49900000000000233 ) ;
#8241 = DIRECTION ( 'NONE',  ( -1.000000000000000000, -0.000000000000000000, 0.000000000000000000 ) ) ;
#8242 = FACE_OUTER_BOUND ( 'NONE', #1847, .T. ) ;
#8243 = CIRCLE ( 'NONE', #1960, 16.00000000000000000 ) ;
#8244 = ORIENTED_EDGE ( 'NONE', *, *, #5262, .T. ) ;
#8245 = ORIENTED_EDGE ( 'NONE', *, *, #4770, .F. ) ;
#8246 = ORIENTED_EDGE ( 'NONE', *, *, #2029, .T. ) ;
#8247 = ORIENTED_EDGE ( 'NONE', *, *, #7701, .F. ) ;
#8248 = AXIS2_PLACEMENT_3D ( 'NONE', #3670, #3495, #2895 ) ;
#8249 = AXIS2_PLACEMENT_3D ( 'NONE', #6405, #125, #4396 ) ;
#8250 = VECTOR ( 'NONE', #6272, 1000.000000000000000 ) ;
#8251 = DIRECTION ( 'NONE',  ( 0.000000000000000000, 0.000000000000000000, 1.000000000000000000 ) ) ;
#8252 = CARTESIAN_POINT ( 'NONE',  ( 0.000000000000000000, -16.23288003029474069, -33.80338159004302412 ) ) ;
#8253 = AXIS2_PLACEMENT_3D ( 'NONE', #2666, #6296, #8341 ) ;
#8254 = CARTESIAN_POINT ( 'NONE',  ( 15.00000000000000178, -16.92083251265328769, 4.460989585140898939 ) ) ;
#8255 = CARTESIAN_POINT ( 'NONE',  ( 0.000000000000000000, 0.000000000000000000, 0.000000000000000000 ) ) ;
#8256 = AXIS2_PLACEMENT_3D ( 'NONE', #2078, #7848, #1394 ) ;
#8257 = ORIENTED_EDGE ( 'NONE', *, *, #5697, .T. ) ;
#8258 = EDGE_CURVE ( 'NONE', #2629, #8556, #9015, .T. ) ;
#8259 = ORIENTED_EDGE ( 'NONE', *, *, #5697, .F. ) ;
#8260 = EDGE_CURVE ( 'NONE', #5331, #7778, #2229, .T. ) ;
#8261 = ORIENTED_EDGE ( 'NONE', *, *, #4589, .F. ) ;
#8262 = DIRECTION ( 'NONE',  ( -1.000000000000000000, 0.000000000000000000, 0.000000000000000000 ) ) ;
#8263 = EDGE_CURVE ( 'NONE', #1557, #4662, #4865, .T. ) ;
#8264 = CARTESIAN_POINT ( 'NONE',  ( 0.000000000000000000, 0.000000000000000000, 0.000000000000000000 ) ) ;
#8265 = EDGE_CURVE ( 'NONE', #7455, #8425, #3410, .T. ) ;
#8266 = DIRECTION ( 'NONE',  ( -1.000000000000000000, 0.000000000000000000, 0.000000000000000000 ) ) ;
#8267 = CARTESIAN_POINT ( 'NONE',  ( 15.00000000000000178, 37.58145647212453611, 16.68533520207918386 ) ) ;
#8268 = ORIENTED_EDGE ( 'NONE', *, *, #3012, .F. ) ;
#8269 = VECTOR ( 'NONE', #7957, 1000.000000000000000 ) ;
#8270 = DIRECTION ( 'NONE',  ( 0.000000000000000000, 0.000000000000000000, -1.000000000000000000 ) ) ;
#8271 = CARTESIAN_POINT ( 'NONE',  ( 15.00000000000000178, 35.38097989696530021, -12.42422080174601895 ) ) ;
#8272 = DIRECTION ( 'NONE',  ( 1.000000000000000000, 0.000000000000000000, 0.000000000000000000 ) ) ;
#8273 = VECTOR ( 'NONE', #1897, 1000.000000000000000 ) ;
#8274 = VERTEX_POINT ( 'NONE', #7741 ) ;
#8275 = ORIENTED_EDGE ( 'NONE', *, *, #2696, .F. ) ;
#8276 = ORIENTED_EDGE ( 'NONE', *, *, #2326, .F. ) ;
#8277 = CARTESIAN_POINT ( 'NONE',  ( 15.00000000000000178, -16.23288003029522386, 33.80338159004278253 ) ) ;
#8278 = AXIS2_PLACEMENT_3D ( 'NONE', #6882, #2530, #601 ) ;
#8279 = CYLINDRICAL_SURFACE ( 'NONE', #3267, 37.49900000000000944 ) ;
#8280 = CARTESIAN_POINT ( 'NONE',  ( 15.00000000000000178, -0.9861715913086462892, -17.47118961583600694 ) ) ;
#8281 = EDGE_CURVE ( 'NONE', #2202, #411, #8225, .T. ) ;
#8282 = CARTESIAN_POINT ( 'NONE',  ( 0.000000000000000000, -9.188173127307585730, 40.98264845739746676 ) ) ;
#8283 = DIRECTION ( 'NONE',  ( 0.000000000000000000, 0.000000000000000000, 1.000000000000000000 ) ) ;
#8284 = CARTESIAN_POINT ( 'NONE',  ( 15.00000000000000178, 5.202137450156383736, 37.22597642581160216 ) ) ;
#8285 = CYLINDRICAL_SURFACE ( 'NONE', #7030, 37.49900000000000944 ) ;
#8286 = AXIS2_PLACEMENT_3D ( 'NONE', #9025, #5570, #4287 ) ;
#8287 = ORIENTED_EDGE ( 'NONE', *, *, #7195, .F. ) ;
#8288 = EDGE_CURVE ( 'NONE', #565, #4544, #2669, .T. ) ;
#8289 = VERTEX_POINT ( 'NONE', #821 ) ;
#8290 = ORIENTED_EDGE ( 'NONE', *, *, #4814, .F. ) ;
#8291 = EDGE_LOOP ( 'NONE', ( #1013, #8463, #1158, #7474 ) ) ;
#8292 = ORIENTED_EDGE ( 'NONE', *, *, #392, .T. ) ;
#8293 = AXIS2_PLACEMENT_3D ( 'NONE', #6580, #2872, #5673 ) ;
#8294 = CARTESIAN_POINT ( 'NONE',  ( 15.00000000000000178, -35.53030884539093393, 12.26510123303247468 ) ) ;
#8295 = CYLINDRICAL_SURFACE ( 'NONE', #7116, 8.000000000000001776 ) ;
#8296 = CARTESIAN_POINT ( 'NONE',  ( 7.500000000000002665, 40.68715046381943523, -10.41901085202037081 ) ) ;
#8297 = DIRECTION ( 'NONE',  ( -1.000000000000000000, -0.000000000000000000, -0.000000000000000000 ) ) ;
#8298 = CARTESIAN_POINT ( 'NONE',  ( 15.00000000000000178, 10.41901085202078647, 40.68715046381932865 ) ) ;
#8299 = ORIENTED_EDGE ( 'NONE', *, *, #7058, .T. ) ;
#8300 = ORIENTED_EDGE ( 'NONE', *, *, #3003, .F. ) ;
#8301 = ADVANCED_FACE ( 'NONE', ( #3449 ), #4327, .T. ) ;
#8302 = CARTESIAN_POINT ( 'NONE',  ( 7.500000000000002665, -3.968388925834656966, -21.63912866391141421 ) ) ;
#8303 = CARTESIAN_POINT ( 'NONE',  ( 0.000000000000000000, 0.000000000000000000, 0.000000000000000000 ) ) ;
#8304 = DIRECTION ( 'NONE',  ( 0.000000000000000000, 0.000000000000000000, 1.000000000000000000 ) ) ;
#8305 = CARTESIAN_POINT ( 'NONE',  ( 0.000000000000000000, 17.47118961583599628, 0.9861715913088272556 ) ) ;
#8306 = CARTESIAN_POINT ( 'NONE',  ( 15.00000000000000178, -16.53603053422212810, 8.931325931664536810 ) ) ;
#8307 = AXIS2_PLACEMENT_3D ( 'NONE', #9043, #5295, #2349 ) ;
#8308 = ORIENTED_EDGE ( 'NONE', *, *, #5885, .F. ) ;
#8309 = DIRECTION ( 'NONE',  ( 0.000000000000000000, 0.000000000000000000, 1.000000000000000000 ) ) ;
#8310 = LINE ( 'NONE', #7449, #2402 ) ;
#8311 = DIRECTION ( 'NONE',  ( 0.000000000000000000, 0.000000000000000000, 1.000000000000000000 ) ) ;
#8312 = CARTESIAN_POINT ( 'NONE',  ( 0.000000000000000000, -33.00180498840060750, 17.80606268964527672 ) ) ;
#8313 = EDGE_CURVE ( 'NONE', #2694, #8117, #2814, .T. ) ;
#8314 = ORIENTED_EDGE ( 'NONE', *, *, #2686, .T. ) ;
#8315 = ORIENTED_EDGE ( 'NONE', *, *, #7084, .T. ) ;
#8316 = AXIS2_PLACEMENT_3D ( 'NONE', #5646, #7742, #734 ) ;
#8317 = CARTESIAN_POINT ( 'NONE',  ( 0.000000000000000000, 0.000000000000000000, 0.000000000000000000 ) ) ;
#8318 = DIRECTION ( 'NONE',  ( 0.000000000000000000, 0.000000000000000000, 1.000000000000000000 ) ) ;
#8319 = CIRCLE ( 'NONE', #2475, 37.49900000000001654 ) ;
#8320 = DIRECTION ( 'NONE',  ( -1.000000000000000000, 0.000000000000000000, 0.000000000000000000 ) ) ;
#8321 = CARTESIAN_POINT ( 'NONE',  ( 15.00000000000000178, -21.32104025579092976, -30.84782396557241313 ) ) ;
#8322 = CIRCLE ( 'NONE', #5417, 8.000000000000001776 ) ;
#8323 = CARTESIAN_POINT ( 'NONE',  ( 15.00000000000000178, -4.992566952384726697, -37.16516213103283661 ) ) ;
#8324 = EDGE_CURVE ( 'NONE', #6416, #8808, #6191, .T. ) ;
#8325 = DIRECTION ( 'NONE',  ( -1.000000000000000000, -0.000000000000000000, -0.000000000000000000 ) ) ;
#8326 = CARTESIAN_POINT ( 'NONE',  ( 15.00000000000000178, -30.00120703465188754, -22.64427369931201994 ) ) ;
#8327 = VERTEX_POINT ( 'NONE', #2893 ) ;
#8328 = AXIS2_PLACEMENT_3D ( 'NONE', #715, #5325, #2091 ) ;
#8329 = ORIENTED_EDGE ( 'NONE', *, *, #3932, .F. ) ;
#8330 = ORIENTED_EDGE ( 'NONE', *, *, #7175, .F. ) ;
#8331 = EDGE_LOOP ( 'NONE', ( #3138, #5277, #5883, #5013 ) ) ;
#8332 = EDGE_CURVE ( 'NONE', #1741, #7612, #7493, .T. ) ;
#8333 = AXIS2_PLACEMENT_3D ( 'NONE', #964, #7422, #7467 ) ;
#8334 = ORIENTED_EDGE ( 'NONE', *, *, #6265, .F. ) ;
#8335 = ADVANCED_FACE ( 'NONE', ( #4275 ), #4824, .T. ) ;
#8336 = CARTESIAN_POINT ( 'NONE',  ( 0.000000000000000000, 37.01155633439067572, -6.555932627142019520 ) ) ;
#8337 = PRODUCT_DEFINITION_CONTEXT ( 'detailed design', #7256, 'design' ) ;
#8338 = DIRECTION ( 'NONE',  ( 0.000000000000000000, 0.000000000000000000, 1.000000000000000000 ) ) ;
#8339 = EDGE_CURVE ( 'NONE', #3629, #8596, #332, .T. ) ;
#8340 = DIRECTION ( 'NONE',  ( 0.000000000000000000, 0.000000000000000000, 1.000000000000000000 ) ) ;
#8341 = DIRECTION ( 'NONE',  ( 0.000000000000000000, 0.000000000000000000, 1.000000000000000000 ) ) ;
#8342 = DIRECTION ( 'NONE',  ( 0.000000000000000000, 0.5877852522924741363, -0.8090169943749465631 ) ) ;
#8343 = ORIENTED_EDGE ( 'NONE', *, *, #4043, .T. ) ;
#8344 = ORIENTED_EDGE ( 'NONE', *, *, #56, .F. ) ;
#8345 = PRODUCT ( 'spur gear_iso_ISO - Spur gear 2M 40T 20PA 15FW ---S40A75H50L20.0N', 'spur gear_iso_ISO - Spur gear 2M 40T 20PA 15FW ---S40A75H50L20.0N', '', ( #6983 ) ) ;
#8346 = EDGE_CURVE ( 'NONE', #7736, #1614, #5462, .T. ) ;
#8347 = DIRECTION ( 'NONE',  ( 0.000000000000000000, 0.000000000000000000, 1.000000000000000000 ) ) ;
#8348 = CARTESIAN_POINT ( 'NONE',  ( 15.00000000000000178, -16.31134495048478072, -6.336799421339980753 ) ) ;
#8349 = CARTESIAN_POINT ( 'NONE',  ( 15.00000000000000178, -13.55483219355720337, -11.06713717293254362 ) ) ;
#8350 = CARTESIAN_POINT ( 'NONE',  ( 0.000000000000000000, -35.95386929396248377, -10.96151621346525040 ) ) ;
#8351 = DIRECTION ( 'NONE',  ( -1.000000000000000000, -0.000000000000000000, -0.000000000000000000 ) ) ;
#8352 = ORIENTED_EDGE ( 'NONE', *, *, #6610, .F. ) ;
#8353 = VERTEX_POINT ( 'NONE', #2846 ) ;
#8354 = FACE_OUTER_BOUND ( 'NONE', #3662, .T. ) ;
#8355 = DIRECTION ( 'NONE',  ( 0.000000000000000000, 0.000000000000000000, 1.000000000000000000 ) ) ;
#8356 = DIRECTION ( 'NONE',  ( -1.000000000000000000, 0.000000000000000000, 0.000000000000000000 ) ) ;
#8357 = DIRECTION ( 'NONE',  ( 0.000000000000000000, 0.000000000000000000, -1.000000000000000000 ) ) ;
#8358 = AXIS2_PLACEMENT_3D ( 'NONE', #7346, #4667, #3283 ) ;
#8359 = ADVANCED_FACE ( 'NONE', ( #776 ), #5645, .T. ) ;
#8360 = ORIENTED_EDGE ( 'NONE', *, *, #2485, .T. ) ;
#8361 = ORIENTED_EDGE ( 'NONE', *, *, #4101, .T. ) ;
#8362 = ORIENTED_EDGE ( 'NONE', *, *, #923, .T. ) ;
#8363 = CARTESIAN_POINT ( 'NONE',  ( 15.00000000000000178, 0.000000000000000000, 0.000000000000000000 ) ) ;
#8364 = CARTESIAN_POINT ( 'NONE',  ( 0.000000000000000000, 10.41901085202136201, -40.68715046381917944 ) ) ;
#8365 = FACE_OUTER_BOUND ( 'NONE', #1423, .T. ) ;
#8366 = EDGE_CURVE ( 'NONE', #2760, #413, #2967, .T. ) ;
#8367 = CYLINDRICAL_SURFACE ( 'NONE', #50, 16.00000000000000000 ) ;
#8368 = DIRECTION ( 'NONE',  ( -1.000000000000000000, -0.000000000000000000, 0.000000000000000000 ) ) ;
#8369 = ORIENTED_EDGE ( 'NONE', *, *, #6502, .F. ) ;
#8370 = CIRCLE ( 'NONE', #5319, 17.49899999999999878 ) ;
#8371 = AXIS2_PLACEMENT_3D ( 'NONE', #4299, #3440, #5080 ) ;
#8372 = ORIENTED_EDGE ( 'NONE', *, *, #8288, .T. ) ;
#8373 = ORIENTED_EDGE ( 'NONE', *, *, #7739, .F. ) ;
#8374 = ORIENTED_EDGE ( 'NONE', *, *, #759, .F. ) ;
#8375 = EDGE_LOOP ( 'NONE', ( #9013, #1943, #7366, #5780 ) ) ;
#8376 = CIRCLE ( 'NONE', #8810, 15.99999999999999645 ) ;
#8377 = DIRECTION ( 'NONE',  ( 0.000000000000000000, 0.000000000000000000, -1.000000000000000000 ) ) ;
#8378 = CARTESIAN_POINT ( 'NONE',  ( 0.000000000000000000, 0.000000000000000000, 0.000000000000000000 ) ) ;
#8379 = AXIS2_PLACEMENT_3D ( 'NONE', #7686, #8457, #1554 ) ;
#8380 = CARTESIAN_POINT ( 'NONE',  ( 0.000000000000000000, -27.05870788708251240, 26.08949754953013311 ) ) ;
#8381 = AXIS2_PLACEMENT_3D ( 'NONE', #6114, #1285, #1153 ) ;
#8382 = DIRECTION ( 'NONE',  ( -1.000000000000000000, 0.000000000000000000, -0.000000000000000000 ) ) ;
#8383 = DIRECTION ( 'NONE',  ( 0.000000000000000000, 0.000000000000000000, 1.000000000000000000 ) ) ;
#8384 = DIRECTION ( 'NONE',  ( -1.000000000000000000, -0.000000000000000000, 0.000000000000000000 ) ) ;
#8385 = AXIS2_PLACEMENT_3D ( 'NONE', #547, #6369, #2832 ) ;
#8386 = ORIENTED_EDGE ( 'NONE', *, *, #4884, .T. ) ;
#8387 = CIRCLE ( 'NONE', #1672, 8.000000000000000000 ) ;
#8388 = CIRCLE ( 'NONE', #4612, 37.49900000000001654 ) ;
#8389 = ORIENTED_EDGE ( 'NONE', *, *, #1240, .T. ) ;
#8390 = EDGE_CURVE ( 'NONE', #6639, #5425, #7349, .T. ) ;
#8391 = CIRCLE ( 'NONE', #4461, 16.00000000000000000 ) ;
#8392 = CARTESIAN_POINT ( 'NONE',  ( 0.000000000000000000, -3.968388925834656966, -21.63912866391141421 ) ) ;
#8393 = DIRECTION ( 'NONE',  ( 0.000000000000000000, 0.000000000000000000, 1.000000000000000000 ) ) ;
#8394 = CARTESIAN_POINT ( 'NONE',  ( 15.00000000000000178, -33.79645857604525361, 16.45098606841114020 ) ) ;
#8395 = ADVANCED_FACE ( 'NONE', ( #6646 ), #5190, .T. ) ;
#8396 = DIRECTION ( 'NONE',  ( -1.000000000000000000, 0.000000000000000000, -0.000000000000000000 ) ) ;
#8397 = EDGE_CURVE ( 'NONE', #7027, #86, #8515, .T. ) ;
#8398 = VECTOR ( 'NONE', #3191, 1000.000000000000000 ) ;
#8399 = VECTOR ( 'NONE', #6604, 1000.000000000000000 ) ;
#8400 = ADVANCED_FACE ( 'NONE', ( #2337 ), #3084, .T. ) ;
#8401 = VERTEX_POINT ( 'NONE', #2292 ) ;
#8402 = AXIS2_PLACEMENT_3D ( 'NONE', #4072, #8860, #5315 ) ;
#8403 = CARTESIAN_POINT ( 'NONE',  ( 0.000000000000000000, 0.000000000000000000, 0.000000000000000000 ) ) ;
#8404 = DIRECTION ( 'NONE',  ( -1.000000000000000000, -0.000000000000000000, 0.000000000000000000 ) ) ;
#8405 = DIRECTION ( 'NONE',  ( 0.000000000000000000, 0.000000000000000000, -1.000000000000000000 ) ) ;
#8406 = DIRECTION ( 'NONE',  ( -1.000000000000000000, -0.000000000000000000, -0.000000000000000000 ) ) ;
#8407 = AXIS2_PLACEMENT_3D ( 'NONE', #5224, #942, #7354 ) ;
#8408 = EDGE_CURVE ( 'NONE', #900, #4841, #1647, .T. ) ;
#8409 = CIRCLE ( 'NONE', #3763, 21.99999999999999289 ) ;
#8410 = ORIENTED_EDGE ( 'NONE', *, *, #2584, .T. ) ;
#8411 = ORIENTED_EDGE ( 'NONE', *, *, #5429, .T. ) ;
#8412 = DIRECTION ( 'NONE',  ( -1.000000000000000000, 0.000000000000000000, 0.000000000000000000 ) ) ;
#8413 = DIRECTION ( 'NONE',  ( -1.000000000000000000, -0.000000000000000000, 0.000000000000000000 ) ) ;
#8414 = EDGE_CURVE ( 'NONE', #1401, #5686, #4580, .T. ) ;
#8415 = CARTESIAN_POINT ( 'NONE',  ( 0.000000000000000000, -0.6853352020787812915, -37.58145647212455032 ) ) ;
#8416 = DIRECTION ( 'NONE',  ( -1.000000000000000000, -0.000000000000000000, 0.000000000000000000 ) ) ;
#8417 = CIRCLE ( 'NONE', #958, 17.49900000000000233 ) ;
#8418 = DIRECTION ( 'NONE',  ( 0.000000000000000000, -0.3090169943749348502, -0.9510565162951576390 ) ) ;
#8419 = EDGE_CURVE ( 'NONE', #7641, #1499, #3694, .T. ) ;
#8420 = CARTESIAN_POINT ( 'NONE',  ( 15.00000000000000178, -35.92658777277503646, -10.74501242461321482 ) ) ;
#8421 = ORIENTED_EDGE ( 'NONE', *, *, #1595, .T. ) ;
#8422 = ORIENTED_EDGE ( 'NONE', *, *, #4889, .F. ) ;
#8423 = ORIENTED_EDGE ( 'NONE', *, *, #4611, .T. ) ;
#8424 = VERTEX_POINT ( 'NONE', #3853 ) ;
#8425 = VERTEX_POINT ( 'NONE', #5783 ) ;
#8426 = DIRECTION ( 'NONE',  ( 0.000000000000000000, 0.000000000000000000, 1.000000000000000000 ) ) ;
#8427 = DIRECTION ( 'NONE',  ( 0.000000000000000000, 0.000000000000000000, 1.000000000000000000 ) ) ;
#8428 = FACE_OUTER_BOUND ( 'NONE', #2255, .T. ) ;
#8429 = LINE ( 'NONE', #8469, #8771 ) ;
#8430 = DIRECTION ( 'NONE',  ( 0.000000000000000000, 0.000000000000000000, 1.000000000000000000 ) ) ;
#8431 = FACE_OUTER_BOUND ( 'NONE', #8558, .T. ) ;
#8432 = AXIS2_PLACEMENT_3D ( 'NONE', #2474, #4552, #8025 ) ;
#8433 = ORIENTED_EDGE ( 'NONE', *, *, #311, .T. ) ;
#8434 = ORIENTED_EDGE ( 'NONE', *, *, #6996, .T. ) ;
#8435 = ORIENTED_EDGE ( 'NONE', *, *, #7825, .T. ) ;
#8436 = FACE_OUTER_BOUND ( 'NONE', #3679, .T. ) ;
#8437 = VECTOR ( 'NONE', #3193, 1000.000000000000000 ) ;
#8438 = CARTESIAN_POINT ( 'NONE',  ( 15.00000000000000178, 0.000000000000000000, 0.000000000000000000 ) ) ;
#8439 = AXIS2_PLACEMENT_3D ( 'NONE', #2405, #7998, #4523 ) ;
#8440 = DIRECTION ( 'NONE',  ( 0.000000000000000000, 0.000000000000000000, -1.000000000000000000 ) ) ;
#8441 = FACE_OUTER_BOUND ( 'NONE', #874, .T. ) ;
#8442 = EDGE_CURVE ( 'NONE', #1467, #1920, #8085, .T. ) ;
#8443 = EDGE_LOOP ( 'NONE', ( #1470, #5298, #5318, #4538 ) ) ;
#8444 = VERTEX_POINT ( 'NONE', #6599 ) ;
#8445 = EDGE_CURVE ( 'NONE', #8816, #7279, #8078, .T. ) ;
#8446 = DIRECTION ( 'NONE',  ( 0.000000000000000000, -0.9510565162951565288, 0.3090169943749382919 ) ) ;
#8447 = DIRECTION ( 'NONE',  ( 0.000000000000000000, -0.8090169943749403458, -0.5877852522924830181 ) ) ;
#8448 = CARTESIAN_POINT ( 'NONE',  ( 7.500000000000002665, 41.91543099594818500, -2.663952781846284701 ) ) ;
#8449 = CARTESIAN_POINT ( 'NONE',  ( 0.000000000000000000, 0.000000000000000000, 0.000000000000000000 ) ) ;
#8450 = DIRECTION ( 'NONE',  ( 0.000000000000000000, 0.000000000000000000, 1.000000000000000000 ) ) ;
#8451 = VECTOR ( 'NONE', #1883, 1000.000000000000000 ) ;
#8452 = ORIENTED_EDGE ( 'NONE', *, *, #7944, .F. ) ;
#8453 = ORIENTED_EDGE ( 'NONE', *, *, #5394, .T. ) ;
#8454 = CARTESIAN_POINT ( 'NONE',  ( 0.000000000000000000, 0.000000000000000000, 0.000000000000000000 ) ) ;
#8455 = FACE_OUTER_BOUND ( 'NONE', #4577, .T. ) ;
#8456 = CARTESIAN_POINT ( 'NONE',  ( 0.000000000000000000, 0.000000000000000000, 0.000000000000000000 ) ) ;
#8457 = DIRECTION ( 'NONE',  ( -1.000000000000000000, -0.000000000000000000, -0.000000000000000000 ) ) ;
#8458 = FACE_OUTER_BOUND ( 'NONE', #5654, .T. ) ;
#8459 = EDGE_LOOP ( 'NONE', ( #3772, #7015, #5466, #7534 ) ) ;
#8460 = EDGE_LOOP ( 'NONE', ( #8077, #8601, #6004, #150 ) ) ;
#8461 = AXIS2_PLACEMENT_3D ( 'NONE', #1789, #5195, #3905 ) ;
#8462 = ORIENTED_EDGE ( 'NONE', *, *, #8525, .F. ) ;
#8463 = ORIENTED_EDGE ( 'NONE', *, *, #5305, .T. ) ;
#8464 = VERTEX_POINT ( 'NONE', #371 ) ;
#8465 = CIRCLE ( 'NONE', #7899, 42.00000000000000000 ) ;
#8466 = DIRECTION ( 'NONE',  ( 0.000000000000000000, 0.000000000000000000, 1.000000000000000000 ) ) ;
#8467 = DIRECTION ( 'NONE',  ( 1.000000000000000000, 0.000000000000000000, 0.000000000000000000 ) ) ;
#8468 = DIRECTION ( 'NONE',  ( 0.000000000000000000, -0.9876883405951361050, -0.1564344650402419989 ) ) ;
#8469 = CARTESIAN_POINT ( 'NONE',  ( 7.500000000000002665, 15.92965478239638522, -15.17386234660363620 ) ) ;
#8470 = AXIS2_PLACEMENT_3D ( 'NONE', #2916, #2223, #2180 ) ;
#8471 = CARTESIAN_POINT ( 'NONE',  ( 7.500000000000002665, 19.83898331853684738, 9.508666619816692034 ) ) ;
#8472 = CARTESIAN_POINT ( 'NONE',  ( 0.000000000000000000, 0.000000000000000000, 0.000000000000000000 ) ) ;
#8473 = AXIS2_PLACEMENT_3D ( 'NONE', #7555, #1278, #6787 ) ;
#8474 = ORIENTED_EDGE ( 'NONE', *, *, #8055, .F. ) ;
#8475 = ORIENTED_EDGE ( 'NONE', *, *, #8679, .F. ) ;
#8476 = ORIENTED_EDGE ( 'NONE', *, *, #3980, .F. ) ;
#8477 = DIRECTION ( 'NONE',  ( 0.000000000000000000, 0.000000000000000000, 1.000000000000000000 ) ) ;
#8478 = EDGE_CURVE ( 'NONE', #6095, #6155, #1345, .T. ) ;
#8479 = AXIS2_PLACEMENT_3D ( 'NONE', #7005, #7590, #8318 ) ;
#8480 = APPLICATION_PROTOCOL_DEFINITION ( 'draft international standard', 'automotive_design', 1998, #414 ) ;
#8481 = FACE_OUTER_BOUND ( 'NONE', #7528, .T. ) ;
#8482 = CYLINDRICAL_SURFACE ( 'NONE', #8006, 17.49900000000000233 ) ;
#8483 = CARTESIAN_POINT ( 'NONE',  ( 15.00000000000000178, 8.128228055639098670, -16.94522934049201623 ) ) ;
#8484 = VERTEX_POINT ( 'NONE', #2986 ) ;
#8485 = CIRCLE ( 'NONE', #7761, 37.49900000000001654 ) ;
#8486 = ORIENTED_EDGE ( 'NONE', *, *, #3792, .T. ) ;
#8487 = DIRECTION ( 'NONE',  ( 0.000000000000000000, -0.5877852522924802425, 0.8090169943749423442 ) ) ;
#8488 = EDGE_CURVE ( 'NONE', #4952, #6592, #7630, .T. ) ;
#8489 = CARTESIAN_POINT ( 'NONE',  ( -10.00000000000000000, 0.000000000000000000, 0.000000000000000000 ) ) ;
#8490 = ADVANCED_FACE ( 'NONE', ( #237 ), #3038, .T. ) ;
#8491 = CARTESIAN_POINT ( 'NONE',  ( 0.000000000000000000, 0.000000000000000000, 0.000000000000000000 ) ) ;
#8492 = CARTESIAN_POINT ( 'NONE',  ( 15.00000000000000178, 13.55483219355728863, 11.06713717293244414 ) ) ;
#8493 = FACE_OUTER_BOUND ( 'NONE', #8048, .T. ) ;
#8494 = EDGE_CURVE ( 'NONE', #996, #1686, #4502, .T. ) ;
#8495 = EDGE_CURVE ( 'NONE', #5289, #6396, #4869, .T. ) ;
#8496 = ORIENTED_EDGE ( 'NONE', *, *, #7495, .T. ) ;
#8497 = EDGE_LOOP ( 'NONE', ( #4048, #8653, #2286, #7546 ) ) ;
#8498 = DIRECTION ( 'NONE',  ( 0.000000000000000000, -0.1564344650402380854, 0.9876883405951365491 ) ) ;
#8499 = LINE ( 'NONE', #849, #1903 ) ;
#8500 = CARTESIAN_POINT ( 'NONE',  ( 15.00000000000000178, 0.000000000000000000, 0.000000000000000000 ) ) ;
#8501 = CYLINDRICAL_SURFACE ( 'NONE', #2541, 21.99999999999999289 ) ;
#8502 = DIRECTION ( 'NONE',  ( 0.000000000000000000, 0.8090169943749445647, 0.5877852522924771339 ) ) ;
#8503 = ADVANCED_FACE ( 'NONE', ( #1603 ), #7236, .T. ) ;
#8504 = ORIENTED_EDGE ( 'NONE', *, *, #5360, .F. ) ;
#8505 = VERTEX_POINT ( 'NONE', #3810 ) ;
#8506 = EDGE_CURVE ( 'NONE', #8776, #634, #5599, .T. ) ;
#8507 = ORIENTED_EDGE ( 'NONE', *, *, #4641, .F. ) ;
#8508 = EDGE_LOOP ( 'NONE', ( #4992, #286, #1472, #5574 ) ) ;
#8509 = EDGE_CURVE ( 'NONE', #1337, #5452, #3995, .T. ) ;
#8510 = VERTEX_POINT ( 'NONE', #6826 ) ;
#8511 = DIRECTION ( 'NONE',  ( 0.000000000000000000, 0.000000000000000000, -1.000000000000000000 ) ) ;
#8512 = DIRECTION ( 'NONE',  ( 0.000000000000000000, 0.000000000000000000, 1.000000000000000000 ) ) ;
#8513 = DIRECTION ( 'NONE',  ( 0.000000000000000000, -0.7071067811865388020, -0.7071067811865561215 ) ) ;
#8514 = CARTESIAN_POINT ( 'NONE',  ( 0.000000000000000000, 3.384281271887813691, 18.48663108841358138 ) ) ;
#8515 = CIRCLE ( 'NONE', #177, 42.00000000000000000 ) ;
#8516 = AXIS2_PLACEMENT_3D ( 'NONE', #7328, #962, #1008 ) ;
#8517 = DIRECTION ( 'NONE',  ( -1.000000000000000000, 0.000000000000000000, -0.000000000000000000 ) ) ;
#8518 = DIRECTION ( 'NONE',  ( -1.000000000000000000, -0.000000000000000000, 0.000000000000000000 ) ) ;
#8519 = VECTOR ( 'NONE', #4548, 1000.000000000000000 ) ;
#8520 = VERTEX_POINT ( 'NONE', #3252 ) ;
#8521 = ORIENTED_EDGE ( 'NONE', *, *, #308, .T. ) ;
#8522 = EDGE_LOOP ( 'NONE', ( #4722, #2124, #6394, #5822 ) ) ;
#8523 = AXIS2_PLACEMENT_3D ( 'NONE', #3021, #2181, #8283 ) ;
#8524 = CYLINDRICAL_SURFACE ( 'NONE', #8978, 16.00000000000000000 ) ;
#8525 = EDGE_CURVE ( 'NONE', #4721, #2065, #34, .T. ) ;
#8526 = CYLINDRICAL_SURFACE ( 'NONE', #8171, 6.000000000000000888 ) ;
#8527 = FACE_BOUND ( 'NONE', #5552, .T. ) ;
#8528 = CARTESIAN_POINT ( 'NONE',  ( -10.00000000000000000, 0.000000000000000000, 0.000000000000000000 ) ) ;
#8529 = AXIS2_PLACEMENT_3D ( 'NONE', #5588, #3485, #6371 ) ;
#8530 = EDGE_CURVE ( 'NONE', #854, #5701, #2652, .T. ) ;
#8531 = AXIS2_PLACEMENT_3D ( 'NONE', #3268, #3222, #2624 ) ;
#8532 = ORIENTED_EDGE ( 'NONE', *, *, #562, .F. ) ;
#8533 = EDGE_CURVE ( 'NONE', #662, #5383, #5902, .T. ) ;
#8534 = ORIENTED_EDGE ( 'NONE', *, *, #4545, .F. ) ;
#8535 = CARTESIAN_POINT ( 'NONE',  ( 15.00000000000000178, 3.968388925835113046, -21.63912866391132894 ) ) ;
#8536 = DIRECTION ( 'NONE',  ( 0.000000000000000000, -0.7071067811865536790, 0.7071067811865413555 ) ) ;
#8537 = EDGE_CURVE ( 'NONE', #8808, #2523, #5605, .T. ) ;
#8538 = EDGE_CURVE ( 'NONE', #3370, #60, #3857, .T. ) ;
#8539 = CIRCLE ( 'NONE', #1963, 15.99999999999999822 ) ;
#8540 = AXIS2_PLACEMENT_3D ( 'NONE', #943, #267, #8050 ) ;
#8541 = CARTESIAN_POINT ( 'NONE',  ( 7.500000000000002665, 15.48615015657636462, -39.04073710021327770 ) ) ;
#8542 = DIRECTION ( 'NONE',  ( -1.000000000000000000, 0.000000000000000000, -0.000000000000000000 ) ) ;
#8543 = AXIS2_PLACEMENT_3D ( 'NONE', #7240, #7928, #1660 ) ;
#8545 = VECTOR ( 'NONE', #6948, 1000.000000000000000 ) ;
#8544 = DIRECTION ( 'NONE',  ( 0.000000000000000000, 0.000000000000000000, -1.000000000000000000 ) ) ;
#8546 = AXIS2_PLACEMENT_3D ( 'NONE', #945, #6548, #3702 ) ;
#8547 = ORIENTED_EDGE ( 'NONE', *, *, #5163, .T. ) ;
#8548 = VERTEX_POINT ( 'NONE', #7549 ) ;
#8549 = CYLINDRICAL_SURFACE ( 'NONE', #8249, 21.99999999999999289 ) ;
#8550 = CARTESIAN_POINT ( 'NONE',  ( 15.00000000000000178, -8.931325931664479967, -16.53603053422216007 ) ) ;
#8551 = CARTESIAN_POINT ( 'NONE',  ( -10.00000000000000000, 0.000000000000000000, 0.000000000000000000 ) ) ;
#8552 = DIRECTION ( 'NONE',  ( 1.000000000000000000, 0.000000000000000000, 0.000000000000000000 ) ) ;
#8553 = CARTESIAN_POINT ( 'NONE',  ( 15.00000000000000178, 35.38097989696513679, 12.42422080174650389 ) ) ;
#8554 = EDGE_LOOP ( 'NONE', ( #3998, #6729, #4474, #3981 ) ) ;
#8555 = ORIENTED_EDGE ( 'NONE', *, *, #2795, .T. ) ;
#8556 = VERTEX_POINT ( 'NONE', #1272 ) ;
#8557 = ORIENTED_EDGE ( 'NONE', *, *, #2963, .F. ) ;
#8558 = EDGE_LOOP ( 'NONE', ( #6685, #1377, #6970, #2490 ) ) ;
#8559 = EDGE_CURVE ( 'NONE', #2931, #9037, #5027, .T. ) ;
#8560 = CIRCLE ( 'NONE', #2426, 42.00000000000000000 ) ;
#8561 = DIRECTION ( 'NONE',  ( -1.000000000000000000, 0.000000000000000000, 0.000000000000000000 ) ) ;
#8562 = CARTESIAN_POINT ( 'NONE',  ( 0.000000000000000000, 0.000000000000000000, 0.000000000000000000 ) ) ;
#8563 = DIRECTION ( 'NONE',  ( 0.000000000000000000, 0.000000000000000000, -1.000000000000000000 ) ) ;
#8564 = CARTESIAN_POINT ( 'NONE',  ( 15.00000000000000178, 16.94522934049221874, -8.128228055638668792 ) ) ;
#8565 = DIRECTION ( 'NONE',  ( -1.000000000000000000, 0.000000000000000000, -0.000000000000000000 ) ) ;
#8566 = EDGE_CURVE ( 'NONE', #7722, #8425, #1951, .T. ) ;
#8567 = DIRECTION ( 'NONE',  ( 0.000000000000000000, 0.000000000000000000, 1.000000000000000000 ) ) ;
#8568 = CIRCLE ( 'NONE', #4344, 37.49900000000000944 ) ;
#8569 = ORIENTED_EDGE ( 'NONE', *, *, #6881, .T. ) ;
#8570 = EDGE_LOOP ( 'NONE', ( #6493, #1003, #1355, #4484 ) ) ;
#8571 = ORIENTED_EDGE ( 'NONE', *, *, #1494, .F. ) ;
#8572 = DIRECTION ( 'NONE',  ( -1.000000000000000000, 0.000000000000000000, -0.000000000000000000 ) ) ;
#8573 = PRODUCT_CONTEXT ( 'NONE', #5279, 'mechanical' ) ;
#8574 = CIRCLE ( 'NONE', #1415, 37.49900000000001654 ) ;
#8575 = CARTESIAN_POINT ( 'NONE',  ( -10.00000000000000000, 0.000000000000000000, 0.000000000000000000 ) ) ;
#8576 = CARTESIAN_POINT ( 'NONE',  ( -10.00000000000000000, 0.000000000000000000, 0.000000000000000000 ) ) ;
#8577 = DIRECTION ( 'NONE',  ( 0.000000000000000000, 0.9510565162951544194, -0.3090169943749447312 ) ) ;
#8578 = VECTOR ( 'NONE', #4932, 1000.000000000000000 ) ;
#8579 = VERTEX_POINT ( 'NONE', #8061 ) ;
#8580 = ORIENTED_EDGE ( 'NONE', *, *, #3736, .T. ) ;
#8581 = CARTESIAN_POINT ( 'NONE',  ( 0.000000000000000000, -8.128228055638727412, -16.94522934049219387 ) ) ;
#8582 = DIRECTION ( 'NONE',  ( -1.000000000000000000, 0.000000000000000000, -0.000000000000000000 ) ) ;
#8583 = CIRCLE ( 'NONE', #7962, 42.00000000000000000 ) ;
#8584 = DIRECTION ( 'NONE',  ( 1.000000000000000000, 0.000000000000000000, 0.000000000000000000 ) ) ;
#8585 = LINE ( 'NONE', #2270, #1338 ) ;
#8586 = CARTESIAN_POINT ( 'NONE',  ( 15.00000000000000178, -0.8828120875897931263, -37.48860685352292421 ) ) ;
#8587 = CARTESIAN_POINT ( 'NONE',  ( 0.000000000000000000, -26.08949754953043509, 27.05870788708222818 ) ) ;
#8588 = VERTEX_POINT ( 'NONE', #7370 ) ;
#8589 = ORIENTED_EDGE ( 'NONE', *, *, #4385, .T. ) ;
#8590 = CARTESIAN_POINT ( 'NONE',  ( 15.00000000000000178, 0.000000000000000000, 0.000000000000000000 ) ) ;
#8591 = DIRECTION ( 'NONE',  ( 1.000000000000000000, 0.000000000000000000, 0.000000000000000000 ) ) ;
#8592 = DIRECTION ( 'NONE',  ( -1.000000000000000000, 0.000000000000000000, 0.000000000000000000 ) ) ;
#8593 = EDGE_CURVE ( 'NONE', #3576, #8327, #484, .T. ) ;
#8594 = LINE ( 'NONE', #3161, #4899 ) ;
#8595 = DIRECTION ( 'NONE',  ( -1.000000000000000000, 0.000000000000000000, 0.000000000000000000 ) ) ;
#8596 = VERTEX_POINT ( 'NONE', #3902 ) ;
#8597 = ORIENTED_EDGE ( 'NONE', *, *, #6490, .F. ) ;
#8598 = ORIENTED_EDGE ( 'NONE', *, *, #1101, .T. ) ;
#8599 = CIRCLE ( 'NONE', #3791, 37.49900000000001654 ) ;
#8600 = ORIENTED_EDGE ( 'NONE', *, *, #7931, .F. ) ;
#8601 = ORIENTED_EDGE ( 'NONE', *, *, #5651, .F. ) ;
#8602 = ADVANCED_FACE ( 'NONE', ( #1837 ), #4640, .T. ) ;
#8603 = DIRECTION ( 'NONE',  ( 0.000000000000000000, -6.982962677686267499E-15, 1.000000000000000000 ) ) ;
#8604 = CARTESIAN_POINT ( 'NONE',  ( 15.00000000000000178, -30.84782396557202233, -21.32104025579149464 ) ) ;
#8605 = EDGE_CURVE ( 'NONE', #2709, #3315, #2382, .T. ) ;
#8606 = DIRECTION ( 'NONE',  ( 0.000000000000000000, 0.000000000000000000, 1.000000000000000000 ) ) ;
#8607 = DIRECTION ( 'NONE',  ( -1.000000000000000000, 0.000000000000000000, 0.000000000000000000 ) ) ;
#8608 = CYLINDRICAL_SURFACE ( 'NONE', #2115, 8.000000000000001776 ) ;
#8609 = DIRECTION ( 'NONE',  ( 0.000000000000000000, 0.000000000000000000, 1.000000000000000000 ) ) ;
#8610 = EDGE_CURVE ( 'NONE', #7737, #3566, #6197, .T. ) ;
#8611 = VERTEX_POINT ( 'NONE', #546 ) ;
#8612 = VERTEX_POINT ( 'NONE', #1139 ) ;
#8613 = EDGE_LOOP ( 'NONE', ( #5435, #4464, #6595, #5397 ) ) ;
#8614 = EDGE_CURVE ( 'NONE', #1558, #4703, #2613, .T. ) ;
#8615 = DIRECTION ( 'NONE',  ( -1.000000000000000000, -0.000000000000000000, -0.000000000000000000 ) ) ;
#8616 = AXIS2_PLACEMENT_3D ( 'NONE', #3778, #293, #5206 ) ;
#8617 = FACE_OUTER_BOUND ( 'NONE', #2559, .T. ) ;
#8618 = DIRECTION ( 'NONE',  ( 0.000000000000000000, 0.000000000000000000, 1.000000000000000000 ) ) ;
#8619 = LINE ( 'NONE', #5663, #1565 ) ;
#8620 = CARTESIAN_POINT ( 'NONE',  ( 0.000000000000000000, 0.000000000000000000, 37.49900000000000944 ) ) ;
#8621 = CIRCLE ( 'NONE', #6577, 8.000000000000001776 ) ;
#8622 = EDGE_LOOP ( 'NONE', ( #365, #7268, #1109, #5792 ) ) ;
#8623 = AXIS2_PLACEMENT_3D ( 'NONE', #3599, #797, #5076 ) ;
#8624 = ADVANCED_FACE ( 'NONE', ( #3944 ), #6736, .T. ) ;
#8625 = CIRCLE ( 'NONE', #1172, 42.00000000000000000 ) ;
#8626 = DIRECTION ( 'NONE',  ( -1.000000000000000000, 0.000000000000000000, -0.000000000000000000 ) ) ;
#8627 = CARTESIAN_POINT ( 'NONE',  ( 15.00000000000000178, -37.58145647212453611, -0.6853352020794525323 ) ) ;
#8628 = CARTESIAN_POINT ( 'NONE',  ( 15.00000000000000178, 35.38097989696530021, -12.42422080174601895 ) ) ;
#8629 = CARTESIAN_POINT ( 'NONE',  ( 15.00000000000000178, -0.8828120875903120446, 37.48860685352291711 ) ) ;
#8630 = CARTESIAN_POINT ( 'NONE',  ( 15.00000000000000178, 0.000000000000000000, 0.000000000000000000 ) ) ;
#8631 = DIRECTION ( 'NONE',  ( -1.000000000000000000, 0.000000000000000000, 0.000000000000000000 ) ) ;
#8632 = CIRCLE ( 'NONE', #1471, 8.000000000000003553 ) ;
#8633 = ORIENTED_EDGE ( 'NONE', *, *, #6256, .F. ) ;
#8634 = ORIENTED_EDGE ( 'NONE', *, *, #1850, .T. ) ;
#8635 = FACE_OUTER_BOUND ( 'NONE', #3705, .T. ) ;
#8636 = CARTESIAN_POINT ( 'NONE',  ( 15.00000000000000178, -22.48208911017525935, 35.47612816024515325 ) ) ;
#8637 = CARTESIAN_POINT ( 'NONE',  ( 15.00000000000000178, 10.96151621346539606, -35.95386929396244113 ) ) ;
#8638 = DIRECTION ( 'NONE',  ( -1.000000000000000000, -0.000000000000000000, -0.000000000000000000 ) ) ;
#8639 = DIRECTION ( 'NONE',  ( -1.000000000000000000, -0.000000000000000000, -0.000000000000000000 ) ) ;
#8640 = ORIENTED_EDGE ( 'NONE', *, *, #226, .T. ) ;
#8641 = VERTEX_POINT ( 'NONE', #1184 ) ;
#8642 = ORIENTED_EDGE ( 'NONE', *, *, #4218, .F. ) ;
#8643 = EDGE_CURVE ( 'NONE', #2374, #3629, #908, .T. ) ;
#8644 = ORIENTED_EDGE ( 'NONE', *, *, #3532, .T. ) ;
#8645 = ORIENTED_EDGE ( 'NONE', *, *, #3037, .T. ) ;
#8646 = CARTESIAN_POINT ( 'NONE',  ( 0.000000000000000000, 0.000000000000000000, 0.000000000000000000 ) ) ;
#8647 = DIRECTION ( 'NONE',  ( 0.000000000000000000, 0.000000000000000000, -1.000000000000000000 ) ) ;
#8648 = EDGE_CURVE ( 'NONE', #4323, #902, #7793, .T. ) ;
#8649 = CARTESIAN_POINT ( 'NONE',  ( 15.00000000000000178, -6.555932627142149194, -37.01155633439065440 ) ) ;
#8650 = CARTESIAN_POINT ( 'NONE',  ( 0.000000000000000000, 30.84782396557217865, 21.32104025579126727 ) ) ;
#8651 = DIRECTION ( 'NONE',  ( -1.000000000000000000, -0.000000000000000000, 0.000000000000000000 ) ) ;
#8652 = CARTESIAN_POINT ( 'NONE',  ( 15.00000000000000178, 16.53603053422206770, 8.931325931664654050 ) ) ;
#8653 = ORIENTED_EDGE ( 'NONE', *, *, #5446, .F. ) ;
#8654 = ORIENTED_EDGE ( 'NONE', *, *, #8559, .F. ) ;
#8655 = ORIENTED_EDGE ( 'NONE', *, *, #7065, .F. ) ;
#8656 = AXIS2_PLACEMENT_3D ( 'NONE', #3493, #4230, #5 ) ;
#8657 = LINE ( 'NONE', #5247, #8813 ) ;
#8658 = DIRECTION ( 'NONE',  ( -0.000000000000000000, 0.000000000000000000, 1.000000000000000000 ) ) ;
#8659 = CARTESIAN_POINT ( 'NONE',  ( 15.00000000000000178, 0.000000000000000000, 0.000000000000000000 ) ) ;
#8660 = CARTESIAN_POINT ( 'NONE',  ( 15.00000000000000000, 0.000000000000000000, 6.000000000000000888 ) ) ;
#8661 = DIRECTION ( 'NONE',  ( 0.000000000000000000, 0.000000000000000000, -1.000000000000000000 ) ) ;
#8662 = CARTESIAN_POINT ( 'NONE',  ( 15.00000000000000178, 18.62763138773850713, 2.494040418455416575 ) ) ;
#8663 = CIRCLE ( 'NONE', #1504, 16.00000000000000000 ) ;
#8664 = AXIS2_PLACEMENT_3D ( 'NONE', #3435, #7210, #721 ) ;
#8665 = VERTEX_POINT ( 'NONE', #3347 ) ;
#8666 = CIRCLE ( 'NONE', #4004, 16.00000000000000000 ) ;
#8667 = EDGE_CURVE ( 'NONE', #7131, #3023, #4948, .T. ) ;
#8668 = DIRECTION ( 'NONE',  ( 1.000000000000000000, 0.000000000000000000, 0.000000000000000000 ) ) ;
#8669 = DIRECTION ( 'NONE',  ( -1.000000000000000000, 0.000000000000000000, 0.000000000000000000 ) ) ;
#8670 = AXIS2_PLACEMENT_3D ( 'NONE', #6498, #314, #6632 ) ;
#8671 = EDGE_CURVE ( 'NONE', #8596, #6458, #5757, .T. ) ;
#8672 = ADVANCED_FACE ( 'NONE', ( #9040 ), #7007, .T. ) ;
#8673 = CARTESIAN_POINT ( 'NONE',  ( 0.000000000000000000, -27.05870788708213581, -26.08949754953052391 ) ) ;
#8674 = CARTESIAN_POINT ( 'NONE',  ( 15.00000000000000178, -30.84782396557232786, 21.32104025579105411 ) ) ;
#8675 = AXIS2_PLACEMENT_3D ( 'NONE', #681, #762, #82 ) ;
#8676 = DIRECTION ( 'NONE',  ( 0.000000000000000000, 0.000000000000000000, -1.000000000000000000 ) ) ;
#8677 = CARTESIAN_POINT ( 'NONE',  ( 15.00000000000000178, -8.931325931664710893, 16.53603053422203573 ) ) ;
#8678 = AXIS2_PLACEMENT_3D ( 'NONE', #6567, #5294, #5886 ) ;
#8679 = EDGE_CURVE ( 'NONE', #1376, #7092, #7638, .T. ) ;
#8680 = DIRECTION ( 'NONE',  ( 0.000000000000000000, 0.000000000000000000, 1.000000000000000000 ) ) ;
#8681 = ORIENTED_EDGE ( 'NONE', *, *, #967, .F. ) ;
#8682 = CIRCLE ( 'NONE', #2834, 16.00000000000000000 ) ;
#8683 = AXIS2_PLACEMENT_3D ( 'NONE', #168, #806, #3607 ) ;
#8684 = AXIS2_PLACEMENT_3D ( 'NONE', #1176, #6855, #7580 ) ;
#8685 = DIRECTION ( 'NONE',  ( 0.000000000000000000, 0.8090169943749446757, 0.5877852522924771339 ) ) ;
#8686 = AXIS2_PLACEMENT_3D ( 'NONE', #7887, #2992, #95 ) ;
#8687 = CARTESIAN_POINT ( 'NONE',  ( 7.500000000000002665, 35.47612816024523852, 22.48208911017513500 ) ) ;
#8688 = FACE_OUTER_BOUND ( 'NONE', #8979, .T. ) ;
#8689 = CARTESIAN_POINT ( 'NONE',  ( 0.000000000000000000, 13.55483219355744318, -11.06713717293224697 ) ) ;
#8690 = AXIS2_PLACEMENT_3D ( 'NONE', #440, #8582, #2313 ) ;
#8691 = ORIENTED_EDGE ( 'NONE', *, *, #2326, .T. ) ;
#8692 = ORIENTED_EDGE ( 'NONE', *, *, #2714, .F. ) ;
#8693 = EDGE_LOOP ( 'NONE', ( #7139, #7489, #1580, #4496 ) ) ;
#8694 = VERTEX_POINT ( 'NONE', #6957 ) ;
#8695 = ADVANCED_FACE ( 'NONE', ( #1459 ), #8279, .T. ) ;
#8696 = VERTEX_POINT ( 'NONE', #2146 ) ;
#8697 = DIRECTION ( 'NONE',  ( -1.000000000000000000, -0.000000000000000000, -0.000000000000000000 ) ) ;
#8698 = CARTESIAN_POINT ( 'NONE',  ( 0.000000000000000000, 0.000000000000000000, 0.000000000000000000 ) ) ;
#8699 = ADVANCED_FACE ( 'NONE', ( #2831 ), #5120, .T. ) ;
#8700 = DIRECTION ( 'NONE',  ( 0.000000000000000000, 0.000000000000000000, 1.000000000000000000 ) ) ;
#8701 = FACE_OUTER_BOUND ( 'NONE', #2122, .T. ) ;
#8702 = LINE ( 'NONE', #1145, #510 ) ;
#8703 = CARTESIAN_POINT ( 'NONE',  ( 0.000000000000000000, 27.05870788708232055, 26.08949754953033562 ) ) ;
#8704 = ORIENTED_EDGE ( 'NONE', *, *, #451, .T. ) ;
#8705 = ORIENTED_EDGE ( 'NONE', *, *, #3254, .F. ) ;
#8706 = ORIENTED_EDGE ( 'NONE', *, *, #6642, .F. ) ;
#8707 = AXIS2_PLACEMENT_3D ( 'NONE', #2362, #8802, #4528 ) ;
#8708 = DIRECTION ( 'NONE',  ( -1.000000000000000000, 0.000000000000000000, -0.000000000000000000 ) ) ;
#8709 = CARTESIAN_POINT ( 'NONE',  ( 7.500000000000002665, -21.40280677340344795, -36.13751322684441902 ) ) ;
#8710 = DIRECTION ( 'NONE',  ( -1.000000000000000000, -0.000000000000000000, -0.000000000000000000 ) ) ;
#8711 = DIRECTION ( 'NONE',  ( -1.000000000000000000, 0.000000000000000000, 0.000000000000000000 ) ) ;
#8712 = ORIENTED_EDGE ( 'NONE', *, *, #6876, .T. ) ;
#8713 = VECTOR ( 'NONE', #3272, 1000.000000000000000 ) ;
#8714 = CARTESIAN_POINT ( 'NONE',  ( 15.00000000000000178, 0.000000000000000000, 0.000000000000000000 ) ) ;
#8715 = CARTESIAN_POINT ( 'NONE',  ( -10.00000000000000000, 0.000000000000000000, 0.000000000000000000 ) ) ;
#8716 = CARTESIAN_POINT ( 'NONE',  ( 0.000000000000000000, -37.48860685352291000, -0.8828120875904430509 ) ) ;
#8717 = DIRECTION ( 'NONE',  ( 0.000000000000000000, 0.8910065241883688980, -0.4539904997395446951 ) ) ;
#8718 = EDGE_CURVE ( 'NONE', #3080, #4251, #8370, .T. ) ;
#8719 = DIRECTION ( 'NONE',  ( -1.000000000000000000, 0.000000000000000000, -0.000000000000000000 ) ) ;
#8720 = CIRCLE ( 'NONE', #1267, 16.00000000000000355 ) ;
#8721 = DIRECTION ( 'NONE',  ( 0.000000000000000000, 0.000000000000000000, 1.000000000000000000 ) ) ;
#8722 = EDGE_CURVE ( 'NONE', #4166, #4999, #5586, .T. ) ;
#8723 = ORIENTED_EDGE ( 'NONE', *, *, #8114, .T. ) ;
#8724 = CIRCLE ( 'NONE', #4799, 42.00000000000000000 ) ;
#8725 = DIRECTION ( 'NONE',  ( 1.000000000000000000, 0.000000000000000000, 0.000000000000000000 ) ) ;
#8726 = FACE_OUTER_BOUND ( 'NONE', #5914, .T. ) ;
#8727 = DIRECTION ( 'NONE',  ( 0.000000000000000000, 0.000000000000000000, 1.000000000000000000 ) ) ;
#8728 = LINE ( 'NONE', #5271, #7610 ) ;
#8729 = ORIENTED_EDGE ( 'NONE', *, *, #6223, .F. ) ;
#8730 = VERTEX_POINT ( 'NONE', #8364 ) ;
#8731 = ORIENTED_EDGE ( 'NONE', *, *, #1333, .F. ) ;
#8732 = VERTEX_POINT ( 'NONE', #4219 ) ;
#8733 = ORIENTED_EDGE ( 'NONE', *, *, #5218, .F. ) ;
#8734 = DIRECTION ( 'NONE',  ( 0.000000000000000000, 0.9876883405951369932, 0.1564344650402347270 ) ) ;
#8735 = DIRECTION ( 'NONE',  ( -1.000000000000000000, -0.000000000000000000, -0.000000000000000000 ) ) ;
#8736 = FACE_OUTER_BOUND ( 'NONE', #8622, .T. ) ;
#8737 = DIRECTION ( 'NONE',  ( -1.000000000000000000, 0.000000000000000000, 0.000000000000000000 ) ) ;
#8738 = LINE ( 'NONE', #4594, #8399 ) ;
#8739 = DIRECTION ( 'NONE',  ( -1.000000000000000000, 0.000000000000000000, -0.000000000000000000 ) ) ;
#8740 = CIRCLE ( 'NONE', #5839, 42.00000000000000000 ) ;
#8741 = VERTEX_POINT ( 'NONE', #7683 ) ;
#8742 = ORIENTED_EDGE ( 'NONE', *, *, #6601, .F. ) ;
#8743 = ORIENTED_EDGE ( 'NONE', *, *, #8967, .F. ) ;
#8744 = EDGE_CURVE ( 'NONE', #3697, #582, #6320, .T. ) ;
#8745 = ORIENTED_EDGE ( 'NONE', *, *, #8127, .T. ) ;
#8746 = AXIS2_PLACEMENT_3D ( 'NONE', #4931, #743, #8393 ) ;
#8747 = DIRECTION ( 'NONE',  ( 0.000000000000000000, 0.000000000000000000, 1.000000000000000000 ) ) ;
#8748 = CARTESIAN_POINT ( 'NONE',  ( 15.00000000000000178, 9.188173127307290855, 40.98264845739753071 ) ) ;
#8749 = DIRECTION ( 'NONE',  ( 0.000000000000000000, 0.000000000000000000, 1.000000000000000000 ) ) ;
#8750 = DIRECTION ( 'NONE',  ( -1.000000000000000000, -0.000000000000000000, 0.000000000000000000 ) ) ;
#8751 = FACE_OUTER_BOUND ( 'NONE', #6553, .T. ) ;
#8752 = EDGE_CURVE ( 'NONE', #4320, #247, #3418, .T. ) ;
#8753 = ORIENTED_EDGE ( 'NONE', *, *, #2073, .T. ) ;
#8754 = AXIS2_PLACEMENT_3D ( 'NONE', #4505, #1007, #280 ) ;
#8755 = DIRECTION ( 'NONE',  ( 0.000000000000000000, 0.000000000000000000, 1.000000000000000000 ) ) ;
#8756 = FACE_OUTER_BOUND ( 'NONE', #2975, .T. ) ;
#8757 = DIRECTION ( 'NONE',  ( -1.000000000000000000, -0.000000000000000000, 0.000000000000000000 ) ) ;
#8758 = CARTESIAN_POINT ( 'NONE',  ( 15.00000000000000178, 37.16516213103278687, 4.992566952385125489 ) ) ;
#8759 = EDGE_CURVE ( 'NONE', #3531, #2054, #2820, .T. ) ;
#8760 = DIRECTION ( 'NONE',  ( -1.000000000000000000, 0.000000000000000000, 0.000000000000000000 ) ) ;
#8761 = CARTESIAN_POINT ( 'NONE',  ( 7.500000000000002665, -10.41901085202107780, 40.68715046381925049 ) ) ;
#8762 = CIRCLE ( 'NONE', #5276, 10.00000000000000000 ) ;
#8763 = VECTOR ( 'NONE', #8161, 1000.000000000000000 ) ;
#8764 = EDGE_CURVE ( 'NONE', #1401, #6154, #4810, .T. ) ;
#8765 = ORIENTED_EDGE ( 'NONE', *, *, #2328, .T. ) ;
#8766 = ADVANCED_FACE ( 'NONE', ( #1314 ), #4120, .T. ) ;
#8767 = DIRECTION ( 'NONE',  ( -1.000000000000000000, -0.000000000000000000, -0.000000000000000000 ) ) ;
#8768 = DIRECTION ( 'NONE',  ( -1.000000000000000000, 0.000000000000000000, -0.000000000000000000 ) ) ;
#8769 = DIRECTION ( 'NONE',  ( -1.000000000000000000, 0.000000000000000000, -0.000000000000000000 ) ) ;
#8770 = EDGE_CURVE ( 'NONE', #3301, #6754, #4430, .T. ) ;
#8771 = VECTOR ( 'NONE', #8382, 1000.000000000000000 ) ;
#8772 = CYLINDRICAL_SURFACE ( 'NONE', #6637, 8.000000000000003553 ) ;
#8773 = ORIENTED_EDGE ( 'NONE', *, *, #2912, .F. ) ;
#8774 = EDGE_CURVE ( 'NONE', #563, #1557, #6922, .T. ) ;
#8775 = ORIENTED_EDGE ( 'NONE', *, *, #3980, .T. ) ;
#8776 = VERTEX_POINT ( 'NONE', #2700 ) ;
#8777 = EDGE_LOOP ( 'NONE', ( #5916, #6544, #2546, #6874 ) ) ;
#8778 = ORIENTED_EDGE ( 'NONE', *, *, #1642, .T. ) ;
#8779 = DIRECTION ( 'NONE',  ( 0.000000000000000000, 0.000000000000000000, -1.000000000000000000 ) ) ;
#8780 = CARTESIAN_POINT ( 'NONE',  ( 15.00000000000000178, 35.47612816024556537, -22.48208911017462341 ) ) ;
#8781 = EDGE_CURVE ( 'NONE', #2333, #6504, #42, .T. ) ;
#8782 = DIRECTION ( 'NONE',  ( -1.000000000000000000, -0.000000000000000000, 0.000000000000000000 ) ) ;
#8783 = CARTESIAN_POINT ( 'NONE',  ( 0.000000000000000000, -22.64427369931191691, 30.00120703465196570 ) ) ;
#8784 = CARTESIAN_POINT ( 'NONE',  ( 15.00000000000000178, 0.000000000000000000, 0.000000000000000000 ) ) ;
#8785 = EDGE_CURVE ( 'NONE', #912, #1921, #185, .T. ) ;
#8786 = ORIENTED_EDGE ( 'NONE', *, *, #2140, .F. ) ;
#8787 = EDGE_LOOP ( 'NONE', ( #6743, #8569, #233, #7792 ) ) ;
#8788 = ORIENTED_EDGE ( 'NONE', *, *, #1642, .F. ) ;
#8789 = CARTESIAN_POINT ( 'NONE',  ( 15.00000000000000178, -37.01155633439063308, 6.555932627142294855 ) ) ;
#8790 = DIRECTION ( 'NONE',  ( 0.000000000000000000, 0.000000000000000000, 1.000000000000000000 ) ) ;
#8791 = AXIS2_PLACEMENT_3D ( 'NONE', #305, #214, #2316 ) ;
#8792 = DIRECTION ( 'NONE',  ( 0.000000000000000000, 0.000000000000000000, 1.000000000000000000 ) ) ;
#8793 = DIRECTION ( 'NONE',  ( 0.000000000000000000, -0.7071067811865389130, -0.7071067811865562325 ) ) ;
#8794 = ORIENTED_EDGE ( 'NONE', *, *, #5535, .F. ) ;
#8795 = ORIENTED_EDGE ( 'NONE', *, *, #6410, .T. ) ;
#8796 = ORIENTED_EDGE ( 'NONE', *, *, #2049, .T. ) ;
#8797 = LINE ( 'NONE', #2537, #1381 ) ;
#8798 = CARTESIAN_POINT ( 'NONE',  ( -10.00000000000000000, 0.000000000000000000, 0.000000000000000000 ) ) ;
#8799 = CARTESIAN_POINT ( 'NONE',  ( 0.000000000000000000, -40.98264845739755913, 9.188173127307150523 ) ) ;
#8800 = LINE ( 'NONE', #2542, #2003 ) ;
#8801 = EDGE_CURVE ( 'NONE', #4116, #4613, #8081, .T. ) ;
#8802 = DIRECTION ( 'NONE',  ( -1.000000000000000000, 0.000000000000000000, 0.000000000000000000 ) ) ;
#8803 = AXIS2_PLACEMENT_3D ( 'NONE', #8824, #6691, #4682 ) ;
#8804 = AXIS2_PLACEMENT_3D ( 'NONE', #8564, #2296, #3042 ) ;
#8805 = EDGE_CURVE ( 'NONE', #2165, #6953, #1812, .T. ) ;
#8806 = ADVANCED_FACE ( 'NONE', ( #2539 ), #2359, .T. ) ;
#8807 = EDGE_CURVE ( 'NONE', #1860, #854, #1212, .T. ) ;
#8808 = VERTEX_POINT ( 'NONE', #7261 ) ;
#8809 = DIRECTION ( 'NONE',  ( 0.000000000000000000, 0.000000000000000000, 1.000000000000000000 ) ) ;
#8810 = AXIS2_PLACEMENT_3D ( 'NONE', #8673, #1074, #442 ) ;
#8811 = DIRECTION ( 'NONE',  ( 0.000000000000000000, -1.000000000000000000, -1.040834085586084099E-14 ) ) ;
#8812 = CIRCLE ( 'NONE', #8529, 37.49900000000000944 ) ;
#8813 = VECTOR ( 'NONE', #384, 1000.000000000000000 ) ;
#8814 = DIRECTION ( 'NONE',  ( 0.000000000000000000, -0.3090169943749548342, 0.9510565162951511997 ) ) ;
#8815 = CARTESIAN_POINT ( 'NONE',  ( 15.00000000000000178, -33.00180498840035881, -17.80606268964574923 ) ) ;
#8816 = VERTEX_POINT ( 'NONE', #8716 ) ;
#8817 = AXIS2_PLACEMENT_3D ( 'NONE', #4085, #3393, #6188 ) ;
#8818 = ORIENTED_EDGE ( 'NONE', *, *, #8033, .T. ) ;
#8819 = AXIS2_PLACEMENT_3D ( 'NONE', #4070, #4845, #3295 ) ;
#8820 = ORIENTED_EDGE ( 'NONE', *, *, #2956, .T. ) ;
#8821 = ORIENTED_EDGE ( 'NONE', *, *, #3748, .F. ) ;
#8822 = AXIS2_PLACEMENT_3D ( 'NONE', #3873, #5889, #5390 ) ;
#8823 = ORIENTED_EDGE ( 'NONE', *, *, #7719, .T. ) ;
#8824 = CARTESIAN_POINT ( 'NONE',  ( 15.00000000000000178, 0.000000000000000000, 0.000000000000000000 ) ) ;
#8825 = CYLINDRICAL_SURFACE ( 'NONE', #346, 8.000000000000001776 ) ;
#8826 = AXIS2_PLACEMENT_3D ( 'NONE', #994, #3117, #5270 ) ;
#8827 = DIRECTION ( 'NONE',  ( -1.000000000000000000, -0.000000000000000000, -0.000000000000000000 ) ) ;
#8829 = CARTESIAN_POINT ( 'NONE',  ( 15.00000000000000178, -4.992566952385256940, 37.16516213103276556 ) ) ;
#8828 = VECTOR ( 'NONE', #4143, 1000.000000000000000 ) ;
#8830 = CARTESIAN_POINT ( 'NONE',  ( 15.00000000000000178, 41.91543099594818500, -2.663952781846286477 ) ) ;
#8831 = FACE_OUTER_BOUND ( 'NONE', #2815, .T. ) ;
#8832 =( NAMED_UNIT ( * ) SI_UNIT ( $, .STERADIAN. ) SOLID_ANGLE_UNIT ( ) );
#8833 = CIRCLE ( 'NONE', #6079, 37.49900000000001654 ) ;
#8834 = CIRCLE ( 'NONE', #937, 37.49900000000000944 ) ;
#8835 = VERTEX_POINT ( 'NONE', #4666 ) ;
#8836 = VERTEX_POINT ( 'NONE', #4619 ) ;
#8837 = VERTEX_POINT ( 'NONE', #7397 ) ;
#8838 = EDGE_CURVE ( 'NONE', #7278, #8741, #986, .T. ) ;
#8839 = AXIS2_PLACEMENT_3D ( 'NONE', #4804, #6226, #8311 ) ;
#8840 = ORIENTED_EDGE ( 'NONE', *, *, #1738, .F. ) ;
#8841 = FACE_OUTER_BOUND ( 'NONE', #7177, .T. ) ;
#8842 = LINE ( 'NONE', #2579, #5656 ) ;
#8843 = EDGE_CURVE ( 'NONE', #2697, #1806, #8228, .T. ) ;
#8844 = LINE ( 'NONE', #3142, #823 ) ;
#8845 = DIRECTION ( 'NONE',  ( 0.000000000000000000, 0.000000000000000000, 1.000000000000000000 ) ) ;
#8846 = CIRCLE ( 'NONE', #6088, 37.49900000000002365 ) ;
#8847 = AXIS2_PLACEMENT_3D ( 'NONE', #2851, #2940, #4966 ) ;
#8848 = VERTEX_POINT ( 'NONE', #7345 ) ;
#8849 = ORIENTED_EDGE ( 'NONE', *, *, #2880, .F. ) ;
#8850 = ORIENTED_EDGE ( 'NONE', *, *, #2162, .T. ) ;
#8851 = CARTESIAN_POINT ( 'NONE',  ( 15.00000000000000178, 11.06713717293239441, 13.55483219355732416 ) ) ;
#8852 =( LENGTH_UNIT ( ) NAMED_UNIT ( * ) SI_UNIT ( .MILLI., .METRE. ) );
#8853 = DIRECTION ( 'NONE',  ( 0.000000000000000000, 0.000000000000000000, -1.000000000000000000 ) ) ;
#8854 = CARTESIAN_POINT ( 'NONE',  ( 0.000000000000000000, 33.17418723428333038, -17.67226234102790627 ) ) ;
#8855 = CARTESIAN_POINT ( 'NONE',  ( 15.00000000000000178, 37.48860685352291711, -0.8828120875901858122 ) ) ;
#8856 = CIRCLE ( 'NONE', #532, 42.00000000000000000 ) ;
#8857 = ORIENTED_EDGE ( 'NONE', *, *, #109, .F. ) ;
#8858 = CARTESIAN_POINT ( 'NONE',  ( 7.500000000000002665, 3.968388925834806180, 21.63912866391138223 ) ) ;
#8859 = DIRECTION ( 'NONE',  ( -1.000000000000000000, 0.000000000000000000, 0.000000000000000000 ) ) ;
#8860 = DIRECTION ( 'NONE',  ( -1.000000000000000000, -0.000000000000000000, -0.000000000000000000 ) ) ;
#8861 = AXIS2_PLACEMENT_3D ( 'NONE', #5063, #7110, #1526 ) ;
#8862 = ORIENTED_EDGE ( 'NONE', *, *, #697, .F. ) ;
#8863 = ORIENTED_EDGE ( 'NONE', *, *, #7447, .T. ) ;
#8864 = AXIS2_PLACEMENT_3D ( 'NONE', #8350, #6988, #2765 ) ;
#8865 = ORIENTED_EDGE ( 'NONE', *, *, #4864, .F. ) ;
#8866 = EDGE_LOOP ( 'NONE', ( #5181, #597, #8999, #4281 ) ) ;
#8867 = ORIENTED_EDGE ( 'NONE', *, *, #3, .F. ) ;
#8868 = DIRECTION ( 'NONE',  ( 0.000000000000000000, 0.5877852522924742473, -0.8090169943749466741 ) ) ;
#8869 = EDGE_CURVE ( 'NONE', #2464, #7556, #2450, .T. ) ;
#8870 = DIRECTION ( 'NONE',  ( 0.000000000000000000, 0.000000000000000000, -1.000000000000000000 ) ) ;
#8871 = DIRECTION ( 'NONE',  ( 1.000000000000000000, -0.000000000000000000, -0.000000000000000000 ) ) ;
#8872 = AXIS2_PLACEMENT_3D ( 'NONE', #6570, #3053, #5844 ) ;
#8873 = DIRECTION ( 'NONE',  ( -1.000000000000000000, 0.000000000000000000, 0.000000000000000000 ) ) ;
#8874 = CARTESIAN_POINT ( 'NONE',  ( 15.00000000000000178, 27.13269053701132094, -25.88420570971373635 ) ) ;
#8875 = DIRECTION ( 'NONE',  ( 0.000000000000000000, 0.000000000000000000, 1.000000000000000000 ) ) ;
#8876 = CYLINDRICAL_SURFACE ( 'NONE', #5714, 42.00000000000000000 ) ;
#8877 = ORIENTED_EDGE ( 'NONE', *, *, #2777, .T. ) ;
#8878 = EDGE_CURVE ( 'NONE', #5336, #8588, #1813, .T. ) ;
#8879 = EDGE_LOOP ( 'NONE', ( #3850, #4820, #4862, #7245 ) ) ;
#8880 = EDGE_LOOP ( 'NONE', ( #6643, #6873, #6327, #8706 ) ) ;
#8881 = VERTEX_POINT ( 'NONE', #8134 ) ;
#8882 = ADVANCED_FACE ( 'NONE', ( #304 ), #3109, .T. ) ;
#8883 = LINE ( 'NONE', #5430, #1358 ) ;
#8884 = CARTESIAN_POINT ( 'NONE',  ( 15.00000000000000178, -16.53603053422200375, -8.931325931664769513 ) ) ;
#8885 = AXIS2_PLACEMENT_3D ( 'NONE', #4174, #6960, #680 ) ;
#8886 = DIRECTION ( 'NONE',  ( -1.000000000000000000, -0.000000000000000000, -0.000000000000000000 ) ) ;
#8887 = EDGE_CURVE ( 'NONE', #7671, #1820, #5942, .T. ) ;
#8888 = CARTESIAN_POINT ( 'NONE',  ( 15.00000000000000178, 0.000000000000000000, 0.000000000000000000 ) ) ;
#8889 = EDGE_CURVE ( 'NONE', #8464, #4514, #8376, .T. ) ;
#8890 = ORIENTED_EDGE ( 'NONE', *, *, #3016, .F. ) ;
#8891 = AXIS2_PLACEMENT_3D ( 'NONE', #6906, #3439, #6237 ) ;
#8892 = ORIENTED_EDGE ( 'NONE', *, *, #3736, .F. ) ;
#8893 = AXIS2_PLACEMENT_3D ( 'NONE', #3784, #1766, #8755 ) ;
#8894 = ORIENTED_EDGE ( 'NONE', *, *, #2580, .F. ) ;
#8895 = DIRECTION ( 'NONE',  ( -1.000000000000000000, 0.000000000000000000, -0.000000000000000000 ) ) ;
#8896 = DIRECTION ( 'NONE',  ( 1.000000000000000000, 0.000000000000000000, -0.000000000000000000 ) ) ;
#8897 = DIRECTION ( 'NONE',  ( 1.000000000000000000, -0.000000000000000000, 0.000000000000000000 ) ) ;
#8898 = CARTESIAN_POINT ( 'NONE',  ( 15.00000000000000178, -21.53537804866058281, -30.80686688397033635 ) ) ;
#8899 = DIRECTION ( 'NONE',  ( -1.000000000000000000, 0.000000000000000000, 0.000000000000000000 ) ) ;
#8900 = EDGE_CURVE ( 'NONE', #764, #4126, #6784, .T. ) ;
#8901 = AXIS2_PLACEMENT_3D ( 'NONE', #1452, #5580, #1142 ) ;
#8902 = ORIENTED_EDGE ( 'NONE', *, *, #3483, .T. ) ;
#8903 = CARTESIAN_POINT ( 'NONE',  ( 15.00000000000000178, 0.000000000000000000, 0.000000000000000000 ) ) ;
#8904 = CYLINDRICAL_SURFACE ( 'NONE', #1965, 37.49900000000000944 ) ;
#8905 = VECTOR ( 'NONE', #4207, 1000.000000000000000 ) ;
#8906 = CARTESIAN_POINT ( 'NONE',  ( 15.00000000000000178, 3.384281271887813691, 18.48663108841358138 ) ) ;
#8907 = VECTOR ( 'NONE', #6325, 1000.000000000000000 ) ;
#8908 = ORIENTED_EDGE ( 'NONE', *, *, #3367, .T. ) ;
#8909 = AXIS2_PLACEMENT_3D ( 'NONE', #7536, #4069, #6854 ) ;
#8910 = ORIENTED_EDGE ( 'NONE', *, *, #1630, .F. ) ;
#8911 = CARTESIAN_POINT ( 'NONE',  ( 0.000000000000000000, 3.968388925834807957, 21.63912866391138223 ) ) ;
#8912 = LINE ( 'NONE', #4767, #4693 ) ;
#8913 = CIRCLE ( 'NONE', #739, 37.49900000000001654 ) ;
#8914 = DIRECTION ( 'NONE',  ( 0.000000000000000000, 0.5877852522924684742, 0.8090169943749506709 ) ) ;
#8915 = CARTESIAN_POINT ( 'NONE',  ( 0.000000000000000000, 30.00120703465204741, 22.64427369931180323 ) ) ;
#8916 = CYLINDRICAL_SURFACE ( 'NONE', #7879, 8.000000000000003553 ) ;
#8917 = CARTESIAN_POINT ( 'NONE',  ( 15.00000000000000178, 0.000000000000000000, 0.000000000000000000 ) ) ;
#8918 = CARTESIAN_POINT ( 'NONE',  ( 15.00000000000000000, 1.224646799147353256E-15, -10.00000000000000000 ) ) ;
#8919 = EDGE_CURVE ( 'NONE', #7331, #3327, #3192, .T. ) ;
#8920 = VERTEX_POINT ( 'NONE', #2407 ) ;
#8921 = CIRCLE ( 'NONE', #3827, 42.00000000000000000 ) ;
#8922 = ORIENTED_EDGE ( 'NONE', *, *, #539, .T. ) ;
#8923 = VERTEX_POINT ( 'NONE', #8000 ) ;
#8924 = VERTEX_POINT ( 'NONE', #347 ) ;
#8925 = EDGE_CURVE ( 'NONE', #1931, #6719, #4525, .T. ) ;
#8926 = ADVANCED_FACE ( 'NONE', ( #3833 ), #3234, .T. ) ;
#8927 = DIRECTION ( 'NONE',  ( -1.000000000000000000, 0.000000000000000000, 0.000000000000000000 ) ) ;
#8928 = CARTESIAN_POINT ( 'NONE',  ( 0.000000000000000000, 0.000000000000000000, 0.000000000000000000 ) ) ;
#8929 = CARTESIAN_POINT ( 'NONE',  ( 0.000000000000000000, -15.17386234660392219, 15.92965478239610810 ) ) ;
#8930 = CARTESIAN_POINT ( 'NONE',  ( 0.000000000000000000, 0.9861715913087680807, 17.47118961583599628 ) ) ;
#8931 = ORIENTED_EDGE ( 'NONE', *, *, #1403, .F. ) ;
#8932 = VERTEX_POINT ( 'NONE', #6621 ) ;
#8933 = AXIS2_PLACEMENT_3D ( 'NONE', #3110, #2915, #115 ) ;
#8934 = ORIENTED_EDGE ( 'NONE', *, *, #1308, .T. ) ;
#8935 = CARTESIAN_POINT ( 'NONE',  ( 0.000000000000000000, 0.000000000000000000, 0.000000000000000000 ) ) ;
#8936 = DIRECTION ( 'NONE',  ( 1.000000000000000000, 0.000000000000000000, 0.000000000000000000 ) ) ;
#8937 = DIRECTION ( 'NONE',  ( -1.000000000000000000, 0.000000000000000000, 0.000000000000000000 ) ) ;
#8938 = DIRECTION ( 'NONE',  ( 0.000000000000000000, 0.000000000000000000, 1.000000000000000000 ) ) ;
#8939 = FACE_OUTER_BOUND ( 'NONE', #1990, .T. ) ;
#8940 = ORIENTED_EDGE ( 'NONE', *, *, #5982, .T. ) ;
#8941 = EDGE_CURVE ( 'NONE', #4139, #3221, #7803, .T. ) ;
#8942 = CYLINDRICAL_SURFACE ( 'NONE', #5050, 16.00000000000000000 ) ;
#8943 = CARTESIAN_POINT ( 'NONE',  ( 0.000000000000000000, -6.736453364083812012, 36.88895765772630853 ) ) ;
#8944 = AXIS2_PLACEMENT_3D ( 'NONE', #5963, #3667, #4547 ) ;
#8945 = CARTESIAN_POINT ( 'NONE',  ( 0.000000000000000000, -36.88895765772628721, -6.736453364083939022 ) ) ;
#8946 = EDGE_CURVE ( 'NONE', #4571, #2434, #1340, .T. ) ;
#8947 = CIRCLE ( 'NONE', #6479, 16.00000000000000355 ) ;
#8948 = AXIS2_PLACEMENT_3D ( 'NONE', #3389, #1880, #8734 ) ;
#8949 = ORIENTED_EDGE ( 'NONE', *, *, #8281, .F. ) ;
#8950 = CIRCLE ( 'NONE', #2822, 8.000000000000003553 ) ;
#8951 = VERTEX_POINT ( 'NONE', #4145 ) ;
#8952 = AXIS2_PLACEMENT_3D ( 'NONE', #5657, #2169, #4378 ) ;
#8953 = ORIENTED_EDGE ( 'NONE', *, *, #1750, .T. ) ;
#8954 = CARTESIAN_POINT ( 'NONE',  ( 15.00000000000000178, 18.48663108841357072, 4.615718728112121028 ) ) ;
#8955 = DIRECTION ( 'NONE',  ( 0.000000000000000000, 0.8090169943749446757, 0.5877852522924770229 ) ) ;
#8956 = LINE ( 'NONE', #4642, #4598 ) ;
#8957 = AXIS2_PLACEMENT_3D ( 'NONE', #5727, #6321, #679 ) ;
#8958 = LINE ( 'NONE', #4772, #6708 ) ;
#8959 = CARTESIAN_POINT ( 'NONE',  ( 0.000000000000000000, -21.32104025579137030, 30.84782396557210404 ) ) ;
#8960 = VECTOR ( 'NONE', #527, 1000.000000000000000 ) ;
#8961 = CIRCLE ( 'NONE', #8826, 42.00000000000000000 ) ;
#8962 = CYLINDRICAL_SURFACE ( 'NONE', #4304, 8.000000000000001776 ) ;
#8963 = FACE_OUTER_BOUND ( 'NONE', #5004, .T. ) ;
#8964 = ORIENTED_EDGE ( 'NONE', *, *, #403, .T. ) ;
#8965 = ORIENTED_EDGE ( 'NONE', *, *, #2963, .T. ) ;
#8966 = VECTOR ( 'NONE', #3780, 1000.000000000000000 ) ;
#8967 = EDGE_CURVE ( 'NONE', #44, #900, #2985, .T. ) ;
#8968 = VERTEX_POINT ( 'NONE', #4879 ) ;
#8969 = EDGE_LOOP ( 'NONE', ( #5835, #424, #8057, #6505 ) ) ;
#8970 = VERTEX_POINT ( 'NONE', #2673 ) ;
#8971 = AXIS2_PLACEMENT_3D ( 'NONE', #2801, #5785, #8513 ) ;
#8972 = DIRECTION ( 'NONE',  ( 0.000000000000000000, 0.8910065241883655673, 0.4539904997395510233 ) ) ;
#8973 = CARTESIAN_POINT ( 'NONE',  ( 0.000000000000000000, 3.925862922256778464, -41.81611651403857621 ) ) ;
#8974 = AXIS2_PLACEMENT_3D ( 'NONE', #5286, #1009, #3089 ) ;
#8975 = CARTESIAN_POINT ( 'NONE',  ( 0.000000000000000000, 9.508666619816910526, -19.83898331853674790 ) ) ;
#8976 = CARTESIAN_POINT ( 'NONE',  ( 15.00000000000000178, 0.000000000000000000, 0.000000000000000000 ) ) ;
#8977 = VECTOR ( 'NONE', #1132, 1000.000000000000000 ) ;
#8978 = AXIS2_PLACEMENT_3D ( 'NONE', #2809, #5014, #2258 ) ;
#8979 = EDGE_LOOP ( 'NONE', ( #4030, #4653, #1876, #4679 ) ) ;
#8980 = ORIENTED_EDGE ( 'NONE', *, *, #913, .F. ) ;
#8981 = CARTESIAN_POINT ( 'NONE',  ( 15.00000000000000178, 35.92658777277525672, -10.74501242461246697 ) ) ;
#8982 = CARTESIAN_POINT ( 'NONE',  ( 0.000000000000000000, 2.494040418455351293, 18.62763138773851423 ) ) ;
#8983 = DIRECTION ( 'NONE',  ( -1.000000000000000000, -0.000000000000000000, 0.000000000000000000 ) ) ;
#8984 = LINE ( 'NONE', #659, #7396 ) ;
#8985 = VERTEX_POINT ( 'NONE', #8348 ) ;
#8986 = CIRCLE ( 'NONE', #3595, 37.49900000000002365 ) ;
#8987 = DIRECTION ( 'NONE',  ( -1.000000000000000000, -0.000000000000000000, -0.000000000000000000 ) ) ;
#8988 = CARTESIAN_POINT ( 'NONE',  ( 15.00000000000000178, 0.000000000000000000, 0.000000000000000000 ) ) ;
#8989 = EDGE_CURVE ( 'NONE', #1425, #4033, #5614, .T. ) ;
#8990 = CYLINDRICAL_SURFACE ( 'NONE', #8839, 8.000000000000001776 ) ;
#8991 = CARTESIAN_POINT ( 'NONE',  ( 15.00000000000000178, -0.6853352020793225252, 37.58145647212453611 ) ) ;
#8992 = PRODUCT_DEFINITION_SHAPE ( 'NONE', 'NONE',  #9051 ) ;
#8993 = APPLICATION_CONTEXT ( 'automotive_design' ) ;
#8994 = EDGE_CURVE ( 'NONE', #2333, #2557, #3330, .T. ) ;
#8995 = AXIS2_PLACEMENT_3D ( 'NONE', #3187, #3007, #7252 ) ;
#8996 = ORIENTED_EDGE ( 'NONE', *, *, #7720, .F. ) ;
#8997 = ADVANCED_FACE ( 'NONE', ( #7572 ), #2637, .T. ) ;
#8998 = ORIENTED_EDGE ( 'NONE', *, *, #1070, .F. ) ;
#8999 = ORIENTED_EDGE ( 'NONE', *, *, #7991, .T. ) ;
#9000 = DIRECTION ( 'NONE',  ( 0.000000000000000000, 0.000000000000000000, 1.000000000000000000 ) ) ;
#9001 = CARTESIAN_POINT ( 'NONE',  ( 0.000000000000000000, 0.000000000000000000, 0.000000000000000000 ) ) ;
#9002 = LINE ( 'NONE', #3482, #7215 ) ;
#9003 = CARTESIAN_POINT ( 'NONE',  ( 15.00000000000000178, 0.000000000000000000, 0.000000000000000000 ) ) ;
#9004 = CARTESIAN_POINT ( 'NONE',  ( 15.00000000000000178, 13.60411018104317726, 12.96676809804153052 ) ) ;
#9005 = DIRECTION ( 'NONE',  ( -1.000000000000000000, 0.000000000000000000, -0.000000000000000000 ) ) ;
#9006 = DIRECTION ( 'NONE',  ( -1.000000000000000000, 0.000000000000000000, 0.000000000000000000 ) ) ;
#9007 = AXIS2_PLACEMENT_3D ( 'NONE', #2172, #7758, #7896 ) ;
#9008 = ORIENTED_EDGE ( 'NONE', *, *, #2795, .F. ) ;
#9009 = VERTEX_POINT ( 'NONE', #6083 ) ;
#9010 = ADVANCED_FACE ( 'NONE', ( #1993 ), #655, .T. ) ;
#9011 = ORIENTED_EDGE ( 'NONE', *, *, #7721, .T. ) ;
#9012 = ORIENTED_EDGE ( 'NONE', *, *, #104, .F. ) ;
#9013 = ORIENTED_EDGE ( 'NONE', *, *, #4208, .F. ) ;
#9014 = VECTOR ( 'NONE', #1922, 1000.000000000000000 ) ;
#9015 = LINE ( 'NONE', #48, #3848 ) ;
#9016 = LINE ( 'NONE', #7146, #3950 ) ;
#9017 = FACE_OUTER_BOUND ( 'NONE', #7732, .T. ) ;
#9018 = CARTESIAN_POINT ( 'NONE',  ( 0.000000000000000000, -31.52238457039618780, 27.75498641678731815 ) ) ;
#9019 = CARTESIAN_POINT ( 'NONE',  ( 15.00000000000000178, 0.000000000000000000, 0.000000000000000000 ) ) ;
#9020 = ORIENTED_EDGE ( 'NONE', *, *, #8258, .T. ) ;
#9021 = VERTEX_POINT ( 'NONE', #3460 ) ;
#9022 = CARTESIAN_POINT ( 'NONE',  ( 15.00000000000000178, 0.000000000000000000, 0.000000000000000000 ) ) ;
#9023 = DIRECTION ( 'NONE',  ( 0.000000000000000000, -0.9876883405951361050, -0.1564344650402419989 ) ) ;
#9024 = CARTESIAN_POINT ( 'NONE',  ( 15.00000000000000178, 22.74946021919132733, 29.81001611431017295 ) ) ;
#9025 = CARTESIAN_POINT ( 'NONE',  ( 15.00000000000000178, 27.05870788708267938, -26.08949754952995193 ) ) ;
#9026 = LINE ( 'NONE', #4067, #3022 ) ;
#9027 = EDGE_CURVE ( 'NONE', #4736, #1776, #1166, .T. ) ;
#9028 = ORIENTED_EDGE ( 'NONE', *, *, #661, .F. ) ;
#9029 = ORIENTED_EDGE ( 'NONE', *, *, #5741, .F. ) ;
#9030 = FACE_OUTER_BOUND ( 'NONE', #6196, .T. ) ;
#9031 = DIRECTION ( 'NONE',  ( -1.000000000000000000, 0.000000000000000000, 0.000000000000000000 ) ) ;
#9032 = EDGE_CURVE ( 'NONE', #8588, #4166, #4008, .T. ) ;
#9033 = DIRECTION ( 'NONE',  ( -1.000000000000000000, 0.000000000000000000, 0.000000000000000000 ) ) ;
#9034 = CARTESIAN_POINT ( 'NONE',  ( 15.00000000000000178, 14.71414642875955003, 9.471478019455190633 ) ) ;
#9035 = ORIENTED_EDGE ( 'NONE', *, *, #501, .T. ) ;
#9036 = EDGE_LOOP ( 'NONE', ( #6448, #3275, #264, #8116 ) ) ;
#9037 = VERTEX_POINT ( 'NONE', #4795 ) ;
#9038 = FACE_OUTER_BOUND ( 'NONE', #6100, .T. ) ;
#9039 = VECTOR ( 'NONE', #1839, 1000.000000000000000 ) ;
#9040 = FACE_OUTER_BOUND ( 'NONE', #2876, .T. ) ;
#9041 = CARTESIAN_POINT ( 'NONE',  ( 15.00000000000000178, 22.64427369931212652, -30.00120703465181293 ) ) ;
#9042 = AXIS2_PLACEMENT_3D ( 'NONE', #1778, #6721, #5994 ) ;
#9043 = CARTESIAN_POINT ( 'NONE',  ( 15.00000000000000178, -37.58145647212454321, 0.6853352020789114096 ) ) ;
#9044 = EDGE_CURVE ( 'NONE', #6508, #5775, #2034, .T. ) ;
#9045 = EDGE_CURVE ( 'NONE', #3265, #8289, #5182, .T. ) ;
#9046 = CARTESIAN_POINT ( 'NONE',  ( 0.000000000000000000, 0.000000000000000000, 0.000000000000000000 ) ) ;
#9047 = DIRECTION ( 'NONE',  ( 0.000000000000000000, 0.000000000000000000, 1.000000000000000000 ) ) ;
#9048 = ORIENTED_EDGE ( 'NONE', *, *, #8537, .F. ) ;
#9049 = EDGE_CURVE ( 'NONE', #3528, #1467, #5568, .T. ) ;
#9050 = EDGE_LOOP ( 'NONE', ( #5385, #3898, #7821, #6660 ) ) ;
#9051 = NEXT_ASSEMBLY_USAGE_OCCURRENCE ( 'NAUO1', ' ', ' ', #192, #3893, $ ) ;
#9052 = NEXT_ASSEMBLY_USAGE_OCCURRENCE ( 'NAUO2', ' ', ' ', #192, #1822, $ ) ;
ENDSEC;
END-ISO-10303-21;
